特征1,特征2,特征3,特征4,特征5,特征6,特征7,特征8,特征9,特征10,特征11,特征12,特征13,特征14,特征15,特征16,特征17,特征18,特征19,特征20,特征21,特征22,特征23,特征24,特征25,特征26,特征27,特征28,特征29,特征30,特征31,特征32,特征33,特征34,特征35,特征36,特征37,特征38,特征39,特征40,特征41,特征42,特征43,特征44,特征45,特征46,特征47,特征48,特征49,特征50,特征51,特征52,特征53,特征54,特征55,特征56,特征57,特征58,特征59,特征60,特征61,特征62,特征63,特征64,特征65,特征66,特征67,特征68,特征69,特征70,特征71,特征72,类型
4.73613015135917e+109,-178.596835419599,2.3688572751044e+109,1.40316458040132,2.38513718072991e+109,1.40316458040131,7.98925525459943e+106,1.40316458040131,3.97410768551757e+106,-178.596835419599,3.97410201740722e+106,-178.596835419599,1.89034053087773e+108,-178.596835419599,2.2821424270384e+105,1.4031645804013,1.88793033890858e+108,1.40316458040132,8.9575012184509e+105,-178.596835419599,1.24926620928582e+101,-178.596835419846,8.9576197370777e+105,1.4031645804013,4.87300624657831e+161,1.40316458040132,1.87650733744551e+155,-178.596835419546,4.8730043486266e+161,-178.596835419599,0.995512700067052,1.00000093757555,0.208186669070592,0.207020502755268,0.00448823750849814,0.00116616631532387,1.31088511952475e+110,1.3050027848158e+110,5.95476815838241e+106,1.9230518196213e+111,4.9983264258917e+110,5.95476815838241e+106,5.02085651499478e+110,1.91442250932006e+111,5.95476815838241e+106,2.18438845923389e+107,2.1843905072631e+107,1.36818505582143e+104,3.20447012382934e+108,8.36649310174556e+107,1.36818505582143e+104,8.36648525753354e+107,3.20447312826218e+108,1.36818505582143e+104,8.60469954446836e+108,1.79138373651611e+108,4.26831807053339e+103,1.26229849357689e+110,6.86122725048814e+108,4.26831807053339e+103,3.29570922149758e+109,2.62793718750598e+109,4.26831807053339e+103,2.18438845923389e+107,2.1843905072631e+107,1.36818505582143e+104,3.20447012382934e+108,3.23639190017615e+106,1.36818505582143e+104,8.36648525753354e+107,3.20447312826218e+108,1.36818505582143e+104,1
248.157456250008,-5.62148801559887,136.065513827587,152.439827986067,127.838371449646,160.742176061171,48.0979219515148,88.9397225518355,22.9981064521624,-88.6027088411588,23.0048460882915,-88.5929449931952,302.373135342638,-88.2345247873255,0.492070859559266,-90.2180056554097,304.88462398105,91.7492404693562,4.68243006954681,-78.2083602368219,0.0944065524741038,121.548226178946,4.59370345951885,101.393579499926,42.1156986649368,-91.3584237834282,1.21030234175846,104.350968270037,40.9519160332934,88.18308755959,0.998054174061508,1.25399203167294,1.05186801780965,1.00000191540093,0.255937857611432,0.0518661024087173,527172.864832791,526147.07819833,31.4074870727244,7733558.96616794,2015210.14013439,31.4074870727244,2019139.03323869,7718510.80653472,31.4074870727244,492.750413249671,617.905091818635,0.957399880476656,7228.58597374627,2366.65498730415,0.957399880476656,1887.29667137264,9064.5892113406,0.957399880476656,23813.1535675271,25048.2946408714,0.67363028153682,349335.938114522,95938.1500819255,0.67363028153682,91207.4028847288,367455.300774195,0.67363028153682,492.750413249671,617.905091818635,0.957399880476656,7228.58597374627,39238.2727910091,0.957399880476656,1887.29667137264,9064.5892113406,0.957399880476656,1
1.22581860196897e+81,-178.707858557185,6.1237093849132e+80,1.29214144281554,6.11791664880337e+80,1.29214144281554,1.61278781298558e+78,1.29214144281554,8.02346964612953e+77,-178.707858557184,8.02347661672636e+77,-178.707858557184,4.90755904120009e+79,-178.707858557184,4.15722759935574e+75,1.29214144281642,4.90703385285344e+79,1.29214144281554,2.02332926181269e+77,-178.707858557185,2.37847432058561e+71,1.29214139930286,2.02333583733354e+77,1.29214144281552,5.02335062736946e+118,1.29214144281554,1.39926037883297e+112,1.29214144295206,5.02335217952681e+118,-178.707858557184,1.00062203677651,0.999999428905241,0.207113686022311,0.207035274756575,0.000622607871268777,7.8411265736017e-05,3.36484862994201e+81,3.36694168953722e+81,5.51999532438329e+77,4.9361902001803e+82,1.28958143362321e+82,5.51999532438329e+77,1.28877976521242e+82,4.93926069202066e+82,5.51999532438329e+77,4.41021375271035e+78,4.41021123406039e+78,2.69772889999722e+75,6.46972755716634e+79,1.68916692067289e+79,2.69772889999722e+75,1.68916788534782e+79,6.46972386233884e+79,2.69772889999722e+75,2.23598655216613e+80,4.63103416715445e+79,3.64885289035884e+74,3.28016387076753e+81,1.77374490891701e+80,3.64885289035884e+74,8.56411250739818e+80,6.79366830031872e+80,3.64885289035884e+74,4.41021375271035e+78,4.41021123406039e+78,2.69772889999722e+75,6.46972755716634e+79,7.31086843279063e+77,2.69772889999722e+75,1.68916788534782e+79,6.46972386233884e+79,2.69772889999722e+75,1
822.517319558895,0.0736450127910543,410.431101698904,-169.09538084002,402.308179810331,178.788427679002,160.474460768637,88.6003171245224,76.739746301216,-88.9475795688658,76.7423905781565,-88.942262251023,328.237213378155,-84.4696723460769,3.03069701680361,89.5005704725429,325.151585376235,95.5877665553964,15.1122599331234,-71.7338891574981,0.0915501815729001,161.339505752033,15.0572449791495,107.987869297915,138.467875726373,-90.8521105318863,1.21049901641694,104.309875191123,137.299869354052,89.015768957795,0.994142773753968,1.42133834684283,1.05283706061589,1.00008475083298,0.427195573088864,0.0527523097829081,528767.499206417,525670.388332016,19.5820900060205,7756952.0498803,2013384.35739778,19.5820900060205,2025246.68543842,7711517.82674452,19.5820900060205,640.958972307878,911.01956609416,2.80066974775199,9402.78670983874,3489.32065486401,2.80066974775199,2454.95427785701,13364.5413178779,2.80066974775199,23770.4369551322,25026.3969733966,0.0240876652057123,348709.290836507,95854.2792340789,0.0240876652057123,91043.7928334383,367134.064773758,0.0240876652057123,640.958972307878,911.01956609416,2.80066974775199,9402.78670983874,39211.4384871322,2.80066974775199,2454.95427785701,13364.5413178779,2.80066974775199,1
431.675617436572,21.8114116811841,283.665778301942,133.359542907337,303.73909989041,129.848376424657,77.903714872878,88.8992286341075,37.2504027410634,-88.6382832478687,37.2566750712199,-88.631142419002,292.887117311693,-86.9673390041546,0.727454973136484,89.7510036710458,292.243577217981,93.0398931276597,8.27351030861587,-82.1206781430725,0.0943083500335829,127.917157322412,8.19204598239457,97.5491011934817,67.7173206035809,-90.9691056107408,1.20967904696275,104.366892640653,66.5514875247241,88.7554538342483,0.997107080019192,1.38752111071974,1.04888924554854,0.999997363539507,0.39041403070055,0.0488918820090329,526431.066955748,524908.144003634,204.467895767842,7722676.88553409,2010464.86480062,204.467895767842,2016297.85314725,7700335.7992666,204.467895767842,530.03554350432,735.435506044057,1.46444153527524,7775.55409866492,2816.81140237406,1.46444153527524,2030.10345616501,10788.745459441,1.46444153527524,23864.110979468,25030.8093609408,0.0276187263229645,350083.476875139,95871.1792388299,0.0276187263229645,91402.576245018,367198.793938575,0.0276187263229645,530.03554350432,735.435506044057,1.46444153527524,7775.55409866492,42474.6975578289,1.46444153527524,2030.10345616501,10788.745459441,1.46444153527524,1
11253.5715482143,2.49351929381072,8244.07449049467,126.086557188655,7420.82849121478,131.971072586625,2237.78047831945,83.7929024398097,1070.23579432098,-93.8266128630414,1070.29270154605,-93.8279681599642,508.515013151419,-28.3105615457128,64.7438370649094,-95.3244158373141,537.48736011365,145.247828347082,207.551912848739,-73.389266303997,0.778463070802835,62.9447169926041,206.985799158812,106.759929036885,1919.68223680177,-95.5263776020906,1.2119564739965,104.265776675597,1918.54172791143,84.4613667271172,0.91538997121955,1.06616897617908,1.00283194205908,1.00673525311847,0.150779004959528,0.00390331105938957,525769.895361512,481284.489383081,4254.30294061866,7712977.58222796,1843380.72657431,4254.30294061866,2013765.48196002,7060382.32701268,4254.30294061866,5939.6388644045,6332.65868693561,43.7516963541166,87133.7476942873,24254.8871384444,43.7516963541166,22749.571297196,92899.2985698644,43.7516963541166,24617.0689214736,24686.7830343235,0.252694553600317,361129.274244456,94553.5147100325,0.252694553600317,94286.500802806,362151.971424953,0.252694553600317,5939.6388644045,6332.65868693561,43.7516963541166,87133.7476942873,38588.9939011464,43.7516963541166,22749.571297196,92899.2985698644,43.7516963541166,1
5.96293151906339e+47,-178.858279444222,2.97577735239661e+47,1.14172055577808,2.97590645579669e+47,1.14172055577809,4.83056719009535e+44,1.14172055577808,2.40356494119756e+44,-178.858279444222,2.40356544785107e+44,-178.858279444222,2.38902583524032e+46,-178.858279444222,2.22972959341556e+42,1.14172055577796,2.38886377007794e+46,1.14172055577809,6.18052582455182e+43,-178.858279444222,6.54051476355758e+37,1.14172060218808,6.18053472030509e+43,1.14172055577781,3.44283504044545e+68,1.14172055577808,2.13881921160993e+61,1.14172052801412,3.44283531463092e+68,-178.858279444222,0.999971492686581,0.999999861437086,0.207124707730397,0.207035050678175,2.83687505052699e-05,8.96570522220808e-05,1.63636144769181e+48,1.63631479942316e+48,3.74923695669925e+44,2.40052145887715e+49,6.26729352473288e+48,3.74923695669925e+44,6.26747219352705e+48,2.40045302645955e+49,3.74923695669925e+44,1.32117972182007e+45,1.32117953875356e+45,7.81226701557168e+41,1.93815387042762e+46,5.06028544822717e+45,7.81226701557168e+41,5.06028614939516e+45,1.93815360187137e+46,7.81226701557168e+41,1.08853854185526e+47,2.25463227335043e+46,2.03025989882636e+41,1.59687221440243e+48,8.63552798789345e+46,2.03025989882636e+41,4.16924088029799e+47,3.30751690690895e+47,2.03025989882636e+41,1.32117972182007e+45,1.32117953875356e+45,7.81226701557168e+41,1.93815387042762e+46,2.23319426150922e+44,7.81226701557168e+41,5.06028614939516e+45,1.93815360187137e+46,7.81226701557168e+41,1
2.77865182425265e+35,-178.918448652286,1.38409851945051e+35,1.0815513477135,1.38385410593113e+35,1.08155134771353,1.68967642383976e+32,1.08155134771353,8.40790894336523e+31,-178.918448652287,8.40790694860756e+31,-178.918448652287,1.10918399020156e+34,-178.918448652287,7.61505970186101e+29,-178.918448652291,1.10978855696977e+34,1.08155134771352,2.30033458936073e+31,-178.918448652288,2.1213162895477e+25,-178.918447688601,2.30034042105378e+31,1.08155134771332,8.54262354801982e+49,1.08155134771351,6.09630278972047e+42,-178.918448659601,8.5426230411638e+49,-178.918448652287,1.00011608081852,1.00000015595197,0.206995837777266,0.207033103832496,0.000115924866551209,3.72660552296622e-05,7.60786175676587e+35,7.60874488358581e+35,3.56639962366988e+32,1.11606365629355e+37,2.9142459358708e+36,3.56639962366988e+32,2.91390768708138e+36,1.11619320987629e+37,3.56639962366988e+32,4.62165073170058e+32,4.62165145245613e+32,2.69827821415952e+29,6.77990291969528e+33,1.77015121000932e+33,2.69827821415952e+29,1.77015093395079e+33,6.77990397703452e+33,2.69827821415952e+29,5.05699383664649e+34,1.04677667585111e+34,1.76138723729623e+30,7.41854572496973e+35,4.0092876289549e+34,1.76138723729623e+30,1.93689287282627e+35,1.53560808742906e+35,1.76138723729623e+30,4.62165073170058e+32,4.62165145245613e+32,2.69827821415952e+29,6.77990291969528e+33,8.31166964513872e+31,2.69827821415952e+29,1.77015093395079e+33,6.77990397703452e+33,2.69827821415952e+29,1
3375746836029740.0,13.4039621040304,1889072506247610.0,-166.596037895741,1881142341847130.0,-166.596037895749,147004042838869.0,-166.59603789392,72221551451665.6,13.4039621060269,72220585060353.0,13.4039621060268,192620932596861.0,13.4039621045573,1233711367346.57,-166.596037893942,170052747023206.0,-166.596037895642,19215924070212.2,13.4039621055512,12244839488.8698,13.4039621101048,19228320900223.9,-166.596037894446,1.85603086865287e+20,-166.59603789594,38531479836343.8,-166.596037896049,1.85603135957697e+20,13.40396210406,1.00273275753499,1.00000880969611,0.206697616169297,0.206424754405058,0.00272394783887542,0.000272861764239352,1.04852533421588e+16,1.05139069972358e+16,131489337354997.0,1.53817334703891e+17,4.02695992645479e+16,131489337354997.0,4.01598521260465e+16,1.54237680184314e+17,131489337354997.0,396360160725855.0,396363652538422.0,853968775617.681,5814553212607880.0,1518123134906100.0,853968775617.681,1518109760820440.0,5814604437054710.0,853968775617.681,768918845866232.0,158933692468197.0,7111491402102.64,1.12799418016146e+16,608736229739514.0,7111491402102.64,2945056846910720.0,2331537080922140.0,7111491402102.64,396360160725855.0,396363652538422.0,853968775617.681,5814553212607880.0,69263196194624.0,853968775617.681,1518109760820440.0,5814604437054710.0,853968775617.681,1
439.477338772336,0.901837690718751,251.554869843124,148.323566891102,225.734279319051,161.794826257404,85.6759893036903,88.7117882419493,40.9667454189619,-88.8357357558976,40.9708556641606,-88.8265977334953,287.778921604142,-86.6910864594206,0.635105961005775,89.6979368171049,287.087013102171,93.317641011637,8.76224547857642,-67.1328630711995,0.0928326017061827,149.572540621616,8.68793459515198,112.501386973022,74.3424637895154,-91.0159515709528,1.21019970988428,104.276445413155,73.1758072104769,88.7341302167181,0.996388321999782,1.27162252023192,1.04774875100923,1.00007849959986,0.275234198232142,0.0476702514093628,527590.823398155,525685.335228171,74.9416193374026,7739690.36523318,2013441.60590859,74.9416193374026,2020739.86763268,7711737.09581257,74.9416193374026,593.234629819767,754.370515060264,1.32046370130871,8702.67666743269,2889.33489201057,1.32046370130871,2272.16398423299,11066.5196366043,1.32046370130871,23900.5347376591,25041.755419835,0.0193954864021428,350617.808781297,95913.1040347512,0.0193954864021428,91542.0838653967,367359.371232196,0.0193954864021428,593.234629819767,754.370515060264,1.32046370130871,8702.67666743269,42493.5891751058,1.32046370130871,2272.16398423299,11066.5196366043,1.32046370130871,1
472.393019594145,-4.85028989756893,305.378089875072,138.666665044644,291.104036864962,142.001784775358,91.7257908795677,88.8568019803026,43.8593182925419,-88.6808245435052,43.8644882677875,-88.6723588512836,314.007066751963,-86.6820458113568,0.772381872589849,89.716944913336,313.128385478981,93.3280762770078,10.409056781713,-81.8304352389233,0.0997086582668755,143.183437155002,10.3387884275653,97.778759976297,79.6106697070206,-90.8970582147285,1.20910137926121,104.363647321239,78.4448480096743,88.8704931759019,0.996346081641976,1.41506573754448,1.0524000465135,0.999978162427845,0.418719655902509,0.0524218840856504,526603.562715998,524679.396290789,118.607233499209,7725207.37642673,2009588.73200514,118.607233499209,2016958.53381923,7696980.09937446,118.607233499209,573.680010557143,811.794927253572,1.70685374312551,8415.81288665666,3109.27768469788,1.70685374312551,2197.26730865048,11908.9284694932,1.70685374312551,23767.4491785794,25012.8646210441,0.0360146323724934,348665.460533981,95802.4486057039,0.0360146323724934,91032.349269737,366935.546883611,0.0360146323724934,573.680010557143,811.794927253572,1.70685374312551,8415.81288665666,45715.4204784314,1.70685374312551,2197.26730865048,11908.9284694932,1.70685374312551,1
489.357635390495,0.230598744490173,248.855143461706,163.788167202581,269.280899064154,152.394501771293,95.3504024787279,88.8073502850737,45.5917672715729,-88.7321925759436,45.5982808711529,-88.7250170854651,291.563739087059,-86.283056893459,2.20783580026576,89.6802053067673,286.32930303389,93.7909251446043,10.7283510871506,-78.781397870017,0.104429602341217,132.689972934184,10.6393190512491,100.925109846288,82.7132578234288,-90.9057969899125,1.20920937002801,104.340609718774,81.547222949333,88.8707822591046,0.996552528027317,1.39126313263382,1.0473992034584,1.00001213918383,0.394710604606499,0.0473870642745686,527012.680251874,525195.818807457,70.6157035655848,7731209.07871237,2011566.69583941,70.6157035655848,2018525.50594731,7704555.95209855,70.6157035655848,590.933906984354,822.144558610592,1.70198055640323,8668.92535567251,3148.91808739429,1.70198055640323,2263.35192353803,12060.7562469017,1.70198055640323,23885.2721875627,25017.4150636403,1.01329301483924,350393.909110015,95819.8773788397,1.01329301483924,91483.6263598946,367002.301298506,1.01329301483924,590.933906984354,822.144558610592,1.70198055640323,8668.92535567251,45717.5081571553,1.70198055640323,2263.35192353803,12060.7562469017,1.70198055640323,1
728.441864468514,-31.125816150316,330.147320334429,-158.514912130491,307.378023406767,-175.630659340877,122.116967722977,88.7018127707219,58.3909195580333,-88.840683176357,58.3991215662128,-88.8361916666112,308.578840913599,-85.5233597601363,1.05182440131983,-90.427006515074,309.859014232726,94.4563423546894,13.6040233345223,-75.6073270555156,0.115381747728941,119.810238453201,13.4928912715571,104.262347603737,105.678211075191,-90.8643283943483,1.20944972301029,104.315406459502,104.511442973557,88.9620530106885,0.995694762722101,1.41104960694507,1.05105096141176,1.00004623722477,0.415354844222973,0.0510047241869873,528124.12084254,525850.421190131,168.635735699672,7747513.77100345,2014073.90611194,168.635735699672,2022782.46458354,7714158.88590549,168.635735699672,632.392353299234,892.336981557955,2.10556598673204,9277.11549710464,3417.7639830486,2.10556598673204,2422.14303893119,13090.4701757736,2.10556598673204,23798.4537268144,25013.3876696816,0.0776757662693453,349120.293318425,95804.4519484228,0.0776757662693453,91151.1006276415,366943.219940687,0.0776757662693453,632.392353299234,892.336981557955,2.10556598673204,9277.11549710464,45712.364810415,2.10556598673204,2422.14303893119,13090.4701757736,2.10556598673204,1
342.908396746497,1.61542299218612,234.461629616694,135.336491169906,187.877774221283,152.833144585585,66.7967571920079,88.78346167064,31.9367005581848,-88.7602227809796,31.9426652969954,-88.7488263969628,294.345718274426,-87.5039585672307,0.664712061666103,-90.3501341710984,295.082630293534,92.488938708532,7.42431293075403,-71.2007916916402,0.104942535220216,138.341219179219,7.33316218434363,108.395014739866,58.1829221910498,-91.1396035212361,1.20949271052401,104.292024655082,57.0179398795058,88.5369946728225,0.997053053819803,1.24413898095044,1.04968274334012,1.00005564986071,0.247085927130634,0.0496270934794152,527002.792717064,525449.743850113,92.0759901455281,7731064.0298326,2012539.26100606,92.0759901455281,2018487.63543308,7708281.00022102,92.0759901455281,600.47941096734,747.079842442625,1.11486597500072,8808.9566866433,2861.41068983163,1.11486597500072,2299.91241625249,10959.5663953569,1.11486597500072,23844.6775478422,25029.3465424796,0.0243684044576843,349798.390901603,95865.5764583179,0.0243684044576843,91328.1437334779,367177.334577555,0.0243684044576843,600.47941096734,747.079842442625,1.11486597500072,8808.9566866433,45740.2294610331,1.11486597500072,2299.91241625249,10959.5663953569,1.11486597500072,1
284.439652716336,-9.85451262381407,138.134120255775,-173.677013751247,141.736975700528,165.117420871066,54.6781293426865,88.7613104832225,26.1425565433468,-88.7871757946152,26.1480932022954,-88.7733628987247,288.88235292616,-87.9676865294336,0.0339557916986666,-91.4693512201446,292.583660797105,92.0026075382257,6.06646672115984,-66.6552188565987,0.101886253632606,139.652668143074,5.97538893654527,112.911442516599,47.7744935150204,-91.3231659825768,1.20978269397375,104.26477914394,46.6103458016517,88.2772146725162,0.998112041679177,1.18252082716846,1.04954404214025,1.00005814708981,0.184408785489286,0.049485895050434,527358.472301815,526362.841485976,5.00797656432335,7736281.80416287,2016036.5409321,5.00797656432335,2019849.93342071,7721676.02655846,5.00797656432335,603.997622563063,714.239768241059,0.894122698179601,8860.56840387311,2735.6290343288,0.894122698179601,2313.38761354356,10477.8066781308,0.894122698179601,23854.1750621457,25036.0073166455,1.22347566649187,349937.718230072,95891.0880694176,1.22347566649187,91364.5204196243,367275.047288524,1.22347566649187,603.997622563063,714.239768241059,0.894122698179601,8860.56840387311,45753.7943204414,0.894122698179601,2313.38761354356,10477.8066781308,0.894122698179601,1
1558.99495023087,-24.3101188699959,803.703389543388,-151.160807902176,721.236573092631,-166.454693122203,279.071325954289,88.4078372248685,133.443820826133,-89.1337634114455,133.452083899507,-89.1319696944956,279.629409913643,-78.3471581428378,1.80927688174811,-90.7461003992953,281.957583439398,101.548859402673,33.7821818396589,-82.6790906114702,0.115367253283943,116.786036696394,33.673387072845,97.2555064574853,240.573967850123,-90.9352105774789,1.20878315492707,104.357126371483,239.408194624769,88.9884911303916,0.99014425286075,1.59080158298376,1.0417476172017,0.999892694640204,0.600657330123009,0.0418549225614948,530113.002962377,524888.343249951,394.439346591444,7776690.41907579,2010389.02539895,394.439346591444,2030400.13572818,7700045.32472516,394.439346591444,843.142486729567,1341.27240257026,5.26274009883228,12368.7931852728,5137.24366881903,5.26274009883228,3229.34281922416,19676.2957787308,5.26274009883228,23973.2192041552,24974.0439825827,0.191337881921372,351684.080672491,95653.760629441,0.191337881921372,91820.4746043791,366366.053048338,0.191337881921372,843.142486729567,1341.27240257026,5.26274009883228,12368.7931852728,48880.0429967571,5.26274009883228,3229.34281922416,19676.2957787308,5.26274009883228,1
546.785654118313,-36.6251364946071,216.678331747604,173.709993649627,237.510725748846,-155.436963602434,85.8450367355071,88.8182814660106,41.0447606587793,-88.7205800512675,41.0534694788197,-88.7139921664324,304.676181076461,-86.826593642202,1.26336678793129,-90.3167755928395,298.506173494816,93.2454357347206,10.3548579935933,-78.6929865494094,0.119287174071342,119.888846468921,10.2418749914804,101.094346840302,74.5838505392851,-90.9538571169148,1.20867081837726,104.33535503728,73.4186506311794,88.797416618708,0.996125224004411,1.34385097367503,1.04980951112435,1.00001019993493,0.347725749670616,0.0497993111894264,527561.458180621,525517.275706265,128.55036975482,7739259.5812219,2012797.91659295,128.55036975482,2020627.39511959,7709271.68397294,128.55036975482,623.289034233245,837.607575535314,1.55568574829571,9143.57096270036,3208.14340631172,1.55568574829571,2387.27617061467,12287.5967410916,1.55568574829571,23822.0220051562,25008.5852752266,2.48167043327033,349466.036968082,95786.0581676651,2.48167043327033,91241.3701273078,366872.769424027,2.48167043327033,623.289034233245,837.607575535314,1.55568574829571,9143.57096270036,48964.0319992417,1.55568574829571,2387.27617061467,12287.5967410916,1.55568574829571,1
1.09522457038815e+110,-178.595522943928,5.42212985411177e+109,1.40447705607248,5.40536742444011e+109,1.40447705607248,1.84242819793638e+107,1.40447705607247,9.16465314831415e+106,-178.595522943928,9.16464585809395e+106,-178.595522943928,4.36429609582203e+108,-178.595522943928,5.92374751451493e+105,-178.595522943928,4.36172141720297e+108,1.40447705607248,2.88663530853706e+106,-178.595522943928,1.01687806689843e+102,1.40447705598653,2.88651450631715e+106,1.40447705607246,1.72268876388629e+162,1.40447705607248,9.71695868011323e+155,-178.595522943676,1.72268769437217e+162,-178.595522943928,1.00203902954376,1.00000052291721,0.205620361705648,0.207067227134541,0.00203850662655203,0.00144686542889272,2.97037512943496e+110,2.97643181207994e+110,4.15828084432022e+107,4.35750258549634e+111,1.14001119034269e+111,4.15828084432022e+107,1.13769140395833e+111,4.36638766200519e+111,4.15828084432022e+107,5.03738981059479e+107,5.03739244473262e+107,3.16609909852331e+104,7.38978686776011e+108,1.92938529074849e+108,3.16609909852331e+104,1.92938428184024e+108,7.38979073200685e+108,3.16609909852331e+104,1.98663047893278e+109,4.08491677653624e+108,2.8328087111949e+105,2.91436167862817e+110,1.564575011586e+109,2.8328087111949e+105,7.60904707397479e+109,5.99252102500605e+109,2.8328087111949e+105,5.03738981059479e+107,5.03739244473262e+107,3.16609909852331e+104,7.38978686776011e+108,1.04314449526649e+107,3.16609909852331e+104,1.92938428184024e+108,7.38979073200685e+108,3.16609909852331e+104,1
1991457297846.73,18.0986956048456,1260927410261.02,-161.901303669848,1130345076716.06,-161.901303973738,121549185415.815,-161.9013010091,59453044485.7113,18.0986989178962,59452668269.8,18.0986989178497,115417267910.336,18.0986965157023,1351652281.52106,-161.90130103938,113864273157.527,-161.901303517644,17682244814.3364,18.0986982207664,6968081.70668111,18.0987037318711,17689424757.9224,-161.901301777054,2720902357887100.0,-161.901304343044,2979536175.96534,-161.901304366194,2720905598588870.0,18.0986956569561,1.07288731221614,1.00000416984932,0.218267032852862,0.206657445341543,0.0728831423668237,0.0116095875113189,6473358333174.04,6945184023091.05,133271729706.718,94963344508664.7,26600936978227.7,133271729706.718,24793784655055.0,101884967448957.0,133271729706.718,326108872254.146,326110232079.004,881157554.429984,4783975733970.85,1249043611032.78,881157554.429984,1249038402730.85,4783995682428.79,881157554.429984,520044733837.58,113508621005.485,67114157.0958117,7628990189875.71,434752436193.706,67114157.0958117,1991837386119.51,1665157052407.76,67114157.0958117,326108872254.146,326110232079.004,881157554.429984,4783975733970.85,63794934589.2077,881157554.429984,1249038402730.85,4783995682428.79,881157554.429984,1
1354.14319514756,-5.89721337380426,699.262403881288,-161.450666816815,727.41162797682,-155.888661692371,263.749859844021,88.2520872521723,126.110144464771,-89.2976919208869,126.114763756024,-89.294211211595,367.377063429933,-81.9446863087543,1.31408032360074,89.2256884804647,365.809257167627,98.093488188812,30.72773934925,-67.9053979193852,0.107322608178396,150.468464173501,30.6435649054317,111.970115869279,227.250032519075,-91.0171458320637,1.20917363747931,104.255532777417,226.083781852538,88.9021344957376,0.989416412055117,1.36406562160761,1.05773373370092,1.00020922145363,0.374649209552491,0.0575245122472923,530647.505488043,525031.350945977,214.030025458861,7784531.50323538,2010936.76303941,214.030025458861,2032447.34829342,7702143.22946117,214.030025458861,951.756420664245,1298.25821357241,4.66742422406737,13962.1458000697,4972.49386134133,4.66742422406737,3645.3479822188,19045.2830897482,4.66742422406737,23610.5328128051,24973.6570267564,0.0908792815488345,346363.517379421,95652.2785394756,0.0908792815488345,90431.3396574739,366360.376455517,0.0908792815488345,951.756420664245,1298.25821357241,4.66742422406737,13962.1458000697,48918.3922961761,4.66742422406737,3645.3479822188,19045.2830897482,4.66742422406737,1
435.466664747686,-4.02238644117762,212.81455214253,176.813188762739,219.68602056392,-165.619292768866,84.6437324847505,88.8585097029584,40.4687526552087,-88.675759259087,40.4776731972312,-88.6691456073006,277.219091909042,-86.5101565913044,0.314603353740432,-90.3040154020652,277.466190567486,93.4864553615281,11.0439488048381,-82.1404657696177,0.121351921687386,119.090054858419,10.9308889780373,97.6292186824904,73.5951831573985,-90.9388505053375,1.20804575250029,104.355950389544,72.4306241903256,88.8090707828078,0.996431783133525,1.35020933925701,1.04613553529788,1.00000571001959,0.353777556123482,0.0461298252782887,527058.496022904,525177.837007776,19.9274863229728,7731881.1902539,2011497.8232626,19.9274863229728,2018700.98616982,7704292.16138126,19.9274863229728,647.212594844597,873.872490043937,1.62701140650527,9494.52655812402,3347.0426352101,1.62701140650527,2478.90644650104,12819.5984306027,1.62701140650527,23895.2603178615,24997.6809437081,0.0223203472627602,350540.433712816,95744.2931928928,0.0223203472627602,91521.8821676205,366712.804265707,0.0223203472627602,647.212594844597,873.872490043937,1.62701140650527,9494.52655812402,52199.9170078468,1.62701140650527,2478.90644650104,12819.5984306027,1.62701140650527,1
2.89017725325146e+68,-178.762463087164,1.43982303454384e+68,1.23753691283617,1.43867224948283e+68,1.23753691283616,3.2691952671151e+65,1.23753691283616,1.62647354431728e+65,-178.762463087164,1.62647610048792e+65,-178.762463087164,1.15718811966507e+67,-178.762463087164,2.13906592267706e+63,1.23753691283674,1.16233962286488e+67,1.23753691283618,5.14497253570266e+64,-178.762463087164,3.95341830715051e+59,-178.762463091277,5.14502335524565e+64,1.23753691283615,4.99737958973791e+99,1.23753691283617,2.91753380071005e+93,1.23753691267858,4.99738260168135e+99,-178.762463087164,1.0005256802681,0.999998966904637,0.207477637911616,0.207026665535137,0.000526713363461662,0.000450972376478953,7.90988900504534e+68,7.91404707761814e+68,3.89398974159868e+65,1.16037066998439e+70,3.03118055410075e+69,3.89398974159868e+65,3.02958795948997e+69,1.16098065394928e+70,3.89398974159868e+65,8.94020093381775e+65,8.94019169773762e+65,5.41520743663101e+62,1.3115161212442e+67,3.42420697758487e+66,5.41520743663101e+62,3.42421051512088e+66,1.31151476632297e+67,5.41520743663101e+62,5.29833526601838e+67,1.0992860858573e+67,1.78846993069151e+64,7.77259053636548e+68,4.21040533896728e+67,1.78846993069151e+64,2.02932970576853e+68,1.61263872493929e+68,1.78846993069151e+64,8.94020093381775e+65,8.94019169773762e+65,5.41520743663101e+62,1.3115161212442e+67,1.85895731531761e+65,5.41520743663101e+62,3.42421051512088e+66,1.31151476632297e+67,5.41520743663101e+62,1
8.07939192191944e+88,2.83134843033252,4.10938500712665e+88,-177.168651569668,4.099666603049e+88,-177.168651569667,5.25395799934653e+86,-177.168651569667,2.60922966815157e+86,2.83134843033252,2.6092346863828e+86,2.83134843033253,3.31656345411728e+87,2.83134843033252,3.18349459984361e+84,2.83134843033261,3.31991964004743e+87,-177.168651569667,8.67921399284814e+85,2.83134843033252,7.43515524237734e+81,-177.168651569615,8.67850877804331e+85,-177.168651569667,3.19478479802458e+130,-177.168651569667,4.54206181685862e+123,2.83134843018234,3.19478447129556e+130,2.83134843033252,1.00155372341571,0.999998735464513,0.206118926694891,0.207116148412697,0.00155498795119258,0.000997221717805447,2.26005543188419e+89,2.2635669329295e+89,4.32198960853999e+86,3.3154726115936e+90,8.6697488689521e+89,4.32198960853999e+86,8.65629937392149e+89,3.32062393902436e+90,4.32198960853999e+86,1.43389548260907e+87,1.43389366939735e+87,1.1831214937385e+84,2.10350645980164e+88,5.49199488542028e+87,1.1831214937385e+84,5.49200183025149e+87,2.10350379984307e+88,1.1831214937385e+84,1.51246809280276e+88,3.11748299948773e+87,5.75637767697535e+82,2.21877148093494e+89,1.19403558673685e+88,5.75637767697535e+82,5.79294490750155e+88,4.57330796231544e+88,5.75637767697535e+82,1.43389548260907e+87,1.43389366939735e+87,1.1831214937385e+84,2.10350645980164e+88,3.13706352277896e+86,1.1831214937385e+84,5.49200183025149e+87,2.10350379984307e+88,1.1831214937385e+84,1
1.41007191813552e+114,-178.581088868486,6.94280823961064e+113,1.41891113151407,6.97940963152462e+113,1.41891113151407,2.44353016813697e+111,1.41891113151408,1.21543626112629e+111,-178.581088868486,1.21543454799856e+111,-178.581088868486,5.63437732269994e+112,-178.581088868486,3.74739191990919e+109,1.41891113151399,5.63046900726094e+112,1.41891113151406,4.40236489003586e+110,-178.581088868486,7.6416971339717e+104,1.41891113567804,4.40233415595998e+110,1.41891113151407,2.61740093542337e+168,1.41891113151406,1.25814180567536e+162,-178.58108886861,2.61739954207134e+168,-178.581088868486,0.996546343080847,1.000000926547,0.207669176944201,0.207035250058695,0.00345458346615601,0.000633926885505426,3.82927236739168e+114,3.81604737438471e+114,5.95004367399888e+111,5.6174939239587e+115,1.4615946154118e+115,5.95004367399888e+111,1.4666599557159e+115,5.59809302719992e+115,5.95004367399888e+111,6.68067184377772e+111,6.68067803373419e+111,4.21978633737577e+108,9.80046073764819e+112,2.55878454417253e+112,4.21978633737577e+108,2.55878217334058e+112,9.80046981823572e+112,4.21978633737577e+108,2.56594136082521e+113,5.32866930489652e+112,5.36411730308778e+107,3.76420338401997e+114,2.04094802795855e+113,5.36411730308778e+107,9.8278813350666e+113,7.81709018610002e+113,5.36411730308778e+107,6.68067184377772e+111,6.68067803373419e+111,4.21978633737577e+108,9.80046073764819e+112,1.59068318477978e+111,4.21978633737577e+108,2.55878217334058e+112,9.80046981823572e+112,4.21978633737577e+108,1
4.48954823941609e+64,-178.779517698108,2.24644312669709e+64,1.22048230189229,2.25019743495767e+64,1.22048230189229,4.82489199692511e+61,1.22048230189229,2.40046637008426e+61,-178.779517698108,2.4004681984679e+61,-178.779517698108,1.80039416976868e+63,-178.779517698108,1.12482579823367e+60,1.22048230189233,1.7992911387482e+63,1.22048230189229,9.59272947891321e+60,-178.779517698108,6.4101385180717e+55,1.22048231064194,9.59264207099128e+60,1.22048230189225,9.31051238513348e+93,1.2204823018923,1.6550453233551e+87,1.22048230211027,9.31051379460688e+93,-178.779517698108,0.998903810115903,0.999999499309495,0.207632871126007,0.207040147892228,0.00109568919359193,0.000592723233779235,1.23749082765982e+65,1.23613430273288e+65,2.36410741289034e+61,1.81538332570184e+66,4.73455139191373e+65,2.36410741289034e+61,4.73974705468826e+65,1.81339332086445e+66,2.36410741289034e+61,1.31945875572631e+62,1.31945809508584e+62,7.98580945765015e+58,1.9356292350276e+63,5.05369210032389e+62,7.98580945765015e+58,5.05369463066081e+62,1.93562826587642e+63,7.98580945765015e+58,8.19976217244257e+63,1.70254016241467e+63,7.26492591781167e+57,1.20289469544779e+65,6.52094507686462e+63,7.26492591781167e+57,3.14061306454084e+64,2.49760479278068e+64,7.26492591781167e+57,1.31945875572631e+62,1.31945809508584e+62,7.98580945765015e+58,1.9356292350276e+63,3.46616900223618e+61,7.98580945765015e+58,5.05369463066081e+62,1.93562826587642e+63,7.98580945765015e+58,1
1.54893278309732e+110,-178.59500462185,7.74739286376615e+109,1.40499537814991,7.80082924925712e+109,1.4049953781499,2.62236767308907e+107,1.40499537814991,1.30444574220912e+107,-178.59500462185,1.30444387860851e+107,-178.59500462185,6.18095287430658e+108,-178.59500462185,7.49077273892752e+105,1.40499537814995,6.17304179830779e+108,1.40499537814991,2.94016032871068e+106,-178.59500462185,4.13822411065589e+101,-178.595004621401,2.94019960762456e+106,1.4049953781499,2.89349491403725e+162,1.40499537814991,1.11423667735059e+156,-178.595004622037,2.89349378706739e+162,-178.59500462185,0.995496572958061,1.00000093914909,0.208191110956114,0.207020380022277,0.00450436619102868,0.00117073093383702,4.28737817121403e+110,4.26807027641877e+110,1.96314273500109e+107,6.28952931935555e+111,1.63472512843702e+111,1.96314273500109e+107,1.64212029739041e+111,6.2612048829377e+111,1.96314273500109e+107,7.1699504063318e+107,7.16995713998419e+107,4.49268409048051e+104,1.05182261741515e+109,2.74618465663675e+108,4.49268409048051e+104,2.74618207756236e+108,1.0518236052334e+109,4.49268409048051e+104,2.81351589416043e+109,5.85748999697944e+108,1.40101086619674e+104,4.1273920797577e+110,2.24349307004974e+109,1.40101086619674e+104,1.07761232443909e+110,8.59286342436222e+109,1.40101086619674e+104,7.1699504063318e+107,7.16995713998419e+107,4.49268409048051e+104,1.05182261741515e+109,1.06229473680647e+107,4.49268409048051e+104,2.74618207756236e+108,1.0518236052334e+109,4.49268409048051e+104,1
247.952327368793,-5.62139280845911,135.953036440748,152.439932195066,127.732684171704,160.742281455535,48.0581331493031,88.939814522044,22.9790787748422,-88.6026198597183,22.9858178511817,-88.5928467864462,302.123015922307,-88.2344289301441,0.491663618103946,-90.2179269086695,304.632426871268,91.749336292848,4.67864600858631,-78.2077866479103,0.0944034019224729,121.553319295061,4.58992500366867,101.393751232421,42.0815762150047,-91.3592822078832,1.21030233760016,104.3509683206,40.9177997300498,88.1818224064656,0.998055811166979,1.25380129986624,1.05182293087905,1.00000194120179,0.255745488699258,0.0518209896772608,527172.604990475,526147.681898778,31.3851817262246,7733555.15431417,2015212.45238379,31.3851817262246,2019138.03800961,7718519.6627436,31.3851817262246,492.742440888401,617.80111288514,0.956937620593546,7228.46902021908,2366.25673478157,0.956937620593546,1887.26613621634,9063.06385359351,0.956937620593546,23814.222550687,25048.3453598694,0.673073061441296,349351.619961696,95938.3443421303,0.673073061441296,91211.4972260123,367456.044815454,0.673073061441296,492.742440888401,617.80111288514,0.956937620593546,7228.46902021908,39238.285837037,0.956937620593546,1887.26613621634,9063.06385359351,0.956937620593546,1
2.25847700368896e+81,-178.706745732723,1.12825846659923e+81,1.29325426727673,1.12718816466392e+81,1.29325426727674,2.9798823706523e+78,1.29325426727672,1.48246196271624e+78,-178.706745732723,1.48246324565164e+78,-178.706745732723,9.04036511352242e+79,-178.706745732723,7.68131032439033e+75,1.2932542672773,9.03939472852338e+79,1.29325426727672,3.73838928450334e+77,-178.706745732723,3.78911259177123e+71,1.29325427413331,3.73840203922961e+77,1.29325426727669,1.25967989882535e+119,1.29325426727674,3.50888890509123e+112,1.29325426656775,1.25968028805524e+119,-178.706745732723,1.00062379958378,0.999999431118618,0.207113927328066,0.207035119742974,0.000624368465157565,7.88075850917946e-05,6.19953447831815e+81,6.20340174534533e+81,1.01012414193387e+78,9.09463833387397e+82,2.37598166340762e+82,1.01012414193387e+78,2.37450045101461e+82,9.10031156548123e+82,1.01012414193387e+78,8.14856092003249e+78,8.14855628446789e+78,4.98572076147458e+75,1.19538353675451e+80,3.12100055903487e+79,4.98572076147458e+75,3.12100233451499e+79,1.19538285672307e+80,4.98572076147458e+75,4.11897831397204e+80,8.53097775185885e+79,6.74179888643346e+74,6.04248886777839e+81,3.26747283852187e+80,6.74179888643346e+74,1.57762101306989e+81,1.2514836002417e+81,6.74179888643346e+74,8.14856092003249e+78,8.14855628446789e+78,4.98572076147458e+75,1.19538353675451e+80,1.35078633875171e+78,4.98572076147458e+75,3.12100233451499e+79,1.19538285672307e+80,4.98572076147458e+75,1
820.25783047775,0.0746919331104656,409.303560978536,-169.094403011618,401.20298090044,178.789487164758,160.032662852435,88.601355305554,76.5284676881494,-88.9465304879142,76.5311194207423,-88.9412023119461,327.333591308504,-84.4685888086441,3.02235464811691,89.5016399932141,324.256456990924,95.5888502493581,15.0710142578228,-71.7320985376434,0.091523489148153,161.27255999451,15.0159281943929,107.989226980883,138.089019223893,-90.8520336442648,1.21049915636157,104.309873379569,136.921013314402,89.0154809277973,0.994158886836305,1.42115868321135,1.05268365716634,1.00008452738044,0.426999796375045,0.0525991297858974,528762.844114354,525674.280505124,19.5182144131201,7756883.76027101,2013399.26491516,19.5182144131201,2025228.85584453,7711574.92442964,19.5182144131201,640.227839849512,909.865353835779,2.79208558961934,9392.06108954216,3484.89987530762,2.79208558961934,2452.15394767381,13347.6091706543,2.79208558961934,23774.1269554953,25026.6349094476,0.0240213515114937,348763.422673135,95855.1905593768,0.0240213515114937,91057.9260035291,367137.555265405,0.0240213515114937,640.227839849512,909.865353835779,2.79208558961934,9392.06108954216,39211.5783773244,2.79208558961934,2452.15394767381,13347.6091706543,2.79208558961934,1
10850.4805397619,2.68410207405588,7942.7591507923,126.310159517548,7150.41578386047,132.196207829218,2155.1980703827,83.9777455778076,1030.73028929509,-93.6389278594418,1030.78527555259,-93.6402740871767,490.16961560858,-28.0901442227181,62.3542857065493,-95.1385241591733,518.036874878158,145.471426886477,199.916138365813,-73.1750109028251,0.75095156954501,63.3361202416453,199.368434225669,106.973927125415,1848.8599215957,-95.3287077158865,1.21191325241216,104.26673269311,1847.71805901706,84.6586887800787,0.918211517031074,1.06889252930272,1.00253341276616,1.00626584175232,0.150681012271646,0.00373242898616044,525923.508170599,482909.02227963,4097.47772672921,7715231.06262552,1849602.89391451,4097.47772672921,2014353.83853056,7084214.01825865,4097.47772672921,5722.69377242806,6116.94462083556,42.1445933661078,83951.1907511246,23428.674865513,42.1445933661078,21918.6440387945,89734.8006199447,42.1445933661078,24640.2085683092,24702.632387257,0.243368235527165,361468.729924361,94614.2197449353,0.243368235527165,94375.1285893591,362384.479419318,0.243368235527165,5722.69377242806,6116.94462083556,42.1445933661078,83951.1907511246,38612.7925185425,42.1445933661078,21918.6440387945,89734.8006199447,42.1445933661078,1
7.30640345612061e+47,-178.857856068068,3.64624881729245e+47,1.14214393193239,3.64640727367671e+47,1.14214393193239,5.929282898136e+44,1.14214393193238,2.95025600162395e+44,-178.857856068068,2.95025662529688e+44,-178.857856068068,2.92700014118642e+46,-178.857856068068,2.73689896666439e+42,1.14214393193217,2.92680121220602e+46,1.1421439319324,7.58627059114585e+43,-178.857856068067,8.24077827698074e+37,1.14214409085859,7.58628129752455e+43,1.14214393193275,4.67691368723812e+68,1.1421439319324,2.90559689849087e+61,1.14214391999717,4.67691405971665e+68,-178.857856068068,0.999971444997041,0.999999861040248,0.207124876141483,0.207035077505938,2.84160432071356e-05,8.9798635545757e-05,2.00505080662733e+48,2.00499355239561e+48,4.58245505048059e+44,2.94138406538305e+49,7.67937997779523e+48,4.58245505048059e+44,7.67959926877507e+48,2.94130007415236e+49,4.58245505048059e+44,1.62168207603699e+45,1.62168185068845e+45,9.59009040505693e+41,2.37898700711532e+46,6.21124747241759e+45,9.59009040505693e+41,6.21124833553112e+45,2.37898667653188e+46,9.59009040505693e+41,1.33366167166028e+47,2.7623450855728e+46,2.49203054225947e+41,1.95646473229883e+48,1.05801325478393e+47,2.49203054225947e+41,5.10809360272699e+47,4.05232515352575e+47,2.49203054225947e+41,1.62168207603699e+45,1.62168185068845e+45,9.59009040505693e+41,2.37898700711532e+46,2.74112886993159e+44,9.59009040505693e+41,6.21124833553112e+45,2.37898667653188e+46,9.59009040505693e+41,1
431.097463639015,21.8116297810307,283.285725324038,133.359831023064,303.332094473969,129.848665143943,77.7992771435502,88.8994741248058,37.200460228737,-88.6380381434557,37.2067330923671,-88.6308884657488,292.49449029644,-86.9670856510477,0.726480017985714,89.7512618219925,291.8518126626,93.0401464700867,8.26256028942155,-82.1199967876072,0.0943102100659306,127.912188404108,8.18108978269851,97.5493902322003,67.6276920431433,-90.9698240150491,1.20967905417977,104.366892552546,66.4618640731744,88.7543513866628,0.997111005717794,1.3871102309012,1.04882053459247,0.999997418971936,0.38999922518341,0.048823115620533,526431.277010657,524910.420061398,204.199824135019,7722679.96701292,2010473.58239096,204.199824135019,2016298.65768423,7700369.18874491,204.199824135019,529.996305845506,735.163298178145,1.46275249980659,7774.97848719404,2815.76881167207,1.46275249980659,2029.95317094782,10784.7522046236,1.46275249980659,23865.7579159497,25030.8969758608,0.0275817021367737,350107.637224134,95871.5148151023,0.0275817021367737,91408.8842209351,367200.079238323,0.0275817021367737,529.996305845506,735.163298178145,1.46275249980659,7774.97848719404,42474.7351042593,1.46275249980659,2029.95317094782,10784.7522046236,1.46275249980659,1
3.10569104385661e+35,-178.918209352469,1.54700458845066e+35,1.08179064753076,1.54673105143734e+35,1.08179064753075,1.89103489639099e+32,1.08179064753075,9.40987574109712e+31,-178.918209352469,9.40987351171116e+31,-178.918209352469,1.23963545179499e+34,-178.918209352469,8.52255126390353e+29,-178.918209352475,1.24031206163208e+34,1.08179064753077,2.57446026626414e+31,-178.91820935247,2.33634168737483e+25,-178.918208088695,2.57446675512582e+31,1.08179064753157,1.01055770673106e+50,1.08179064753075,7.21180623486729e+42,-178.918209339147,1.01055764677072e+50,-178.918209352469,1.00011623228369,1.00000015573639,0.206995784511193,0.20703311787324,0.000116076547292732,3.73333620469485e-05,8.50329369641319e+35,8.50428205365838e+35,3.98513465620435e+32,1.24742238447181e+37,3.25724804702521e+36,3.98513465620435e+32,3.25686949364629e+36,1.24756737522428e+37,3.98513465620435e+32,5.17241065138593e+32,5.17241145691851e+32,3.01999037005239e+29,7.58786072618056e+33,1.98109928741263e+33,3.01999037005239e+29,1.98109897888342e+33,7.58786190788662e+33,3.01999037005239e+29,5.65175284156926e+34,1.16988901330399e+34,1.97128108151097e+30,8.29104963062666e+35,4.48082351899585e+34,1.97128108151097e+30,2.16469312627647e+35,1.7162123227128e+35,1.97128108151097e+30,5.17241065138593e+32,5.17241145691851e+32,3.01999037005239e+29,7.58786072618056e+33,9.30215306453299e+31,3.01999037005239e+29,1.98109897888342e+33,7.58786190788662e+33,3.01999037005239e+29,1
300713153639453.0,14.6173145150647,170207841153219.0,-165.382685482153,169428908925336.0,-165.382685482244,14446423631736.6,-165.382685462062,7089232220870.05,14.617314537375,7089130424421.35,14.6173145373744,17615865831611.4,14.6173145213848,121184422300.988,-165.382685462291,15399040241741.4,-165.382685480966,1869623405400.44,14.6173145322154,1285890721.22552,14.6173145782968,1870924225835.59,-165.382685467753,4.95969721819942e+18,-165.382685484571,1029675399513.09,-165.38268548373,4.95969853008335e+18,14.6173145154288,1.00297649031569,1.00000945519924,0.206668850518934,0.206376419342788,0.00296703511644991,0.00029243117614644,945568357421933.0,948382832480622.0,12974532146364.7,1.38713676983061e+16,3632426710965990.0,12974532146364.7,3621646913999620.0,1.39126556899255e+16,12974532146364.7,38900959703941.1,38901327520265.7,89353662149.3018,570672137698842.0,148997025607311.0,89353662149.3018,148995616824068.0,570677533517605.0,89353662149.3018,69583416772282.2,14380724759507.5,698547055856.32,1020779885638780.0,55080002453073.0,698547055856.32,266513324648442.0,210963405597815.0,698547055856.32,38900959703941.1,38901327520265.7,89353662149.3018,570672137698842.0,6737691541977.03,89353662149.3018,148995616824068.0,570677533517605.0,89353662149.3018,1
438.83102797147,0.902130367182343,251.184844830934,148.323907655186,225.402242326408,161.7951549515,85.5498310308287,88.7120813702904,40.9064175749864,-88.8354439928537,40.910529292523,-88.8262938020028,287.355189746167,-86.6907802692224,0.634171624468558,89.6983221493083,286.664299165445,93.3179470386045,8.74956306519901,-67.1318507272403,0.0928331161695672,149.558970396795,8.67523788179888,112.501986848275,74.2342614923383,-91.0166204422651,1.21019978352088,104.276444482563,73.0676096584391,88.7330805809327,0.996393653002396,1.27136619773556,1.04767511967546,1.00007843044728,0.274972544733166,0.0475966892281765,527590.022237905,525687.349545241,74.8386395107321,7739678.61231408,2013449.32099882,74.8386395107321,2020736.79908716,7711766.64558814,74.8386395107321,593.096426531843,754.042748690338,1.31834587948494,8700.64924275328,2888.07950518122,1.31834587948494,2271.63464808581,11061.71134559,1.31834587948494,23902.3069911029,25041.8523374232,0.0193669278526855,350643.807514207,95913.4752414246,0.0193669278526855,91548.8718211959,367360.793000905,0.0193669278526855,593.096426531843,754.042748690338,1.31834587948494,8700.64924275328,42493.6322678607,1.31834587948494,2271.63464808581,11061.71134559,1.31834587948494,1
488.555481991334,0.230967652132727,248.447202384274,163.788566265281,268.839354409853,152.394924729308,95.1938938522762,88.8077180330968,45.5169266321857,-88.7318242548331,45.5234411382895,-88.7246379888762,291.085187119648,-86.2826758804877,2.20421246360831,89.6805861620229,285.859342120902,93.7913062557278,10.7109483400441,-78.7805131846554,0.104431911021418,132.682029089973,10.6219062699692,100.925580749918,82.5789010230177,-90.9063949554067,1.20920940665715,104.340609258627,81.4128705087251,88.8698070201985,0.996558237352377,1.39081445495326,1.0473177344222,1.00001218430164,0.394256217600879,0.0473055501205562,527011.822888012,525197.973281141,70.5081857430451,7731196.50129341,2011574.94774727,70.5081857430451,2018522.22213481,7704587.55795383,70.5081857430451,590.830371701042,821.735421387214,1.69931743177456,8667.40650621727,3147.35103986058,1.69931743177456,2262.955370252,12054.7542558029,1.69931743177456,23887.2374155079,25017.5273716148,1.01162985539254,350422.73875435,95820.3075326474,1.01162985539254,91491.1534325458,367003.948842226,1.01162985539254,590.830371701042,821.735421387214,1.69931743177456,8667.40650621727,45717.5677124253,1.69931743177456,2262.955370252,12054.7542558029,1.69931743177456,1
471.647872507291,-4.84993788990175,304.896155758249,138.667063933471,290.644625446042,142.002184658935,91.5809177674002,88.8571430713624,43.7900403333937,-88.6804826731114,43.7952134821682,-88.6720074419513,313.511140036043,-86.6816937796294,0.771162299525137,89.7173013853057,312.63384621857,93.328428303554,10.3927965156653,-81.8296541334309,0.0997052678964183,143.153087700485,10.3224923886761,97.7791500270074,79.4862872551529,-90.8976832079627,1.2091014494263,104.363646441468,78.320470035363,88.8694897283943,0.996351908064578,1.41457578161564,1.05231297293391,0.999978262032951,0.418223873551064,0.0523347109009573,526603.235602183,524682.138585216,118.427650656584,7725202.57770862,2009599.23534111,118.427650656584,2016957.28093177,7697020.32848538,118.427650656584,573.611704553943,811.417225313275,1.7044168166187,8414.81084626587,3107.83103829125,1.7044168166187,2197.00568798207,11903.3876300043,1.7044168166187,23769.522491102,25012.976877831,0.0359577523959128,348695.875765339,95802.8785634566,0.0359577523959128,91040.2903200487,366937.193676417,0.0359577523959128,573.611704553943,811.417225313275,1.7044168166187,8414.81084626587,45715.476105661,1.7044168166187,2197.00568798207,11903.3876300043,1.7044168166187,1
726.913591827868,-31.125119392194,329.454814947188,-158.514379278988,306.7333877038,-175.630061935536,121.860441076936,88.7024156374238,58.2682522282446,-88.8400766213109,58.2764511979946,-88.8355732651988,307.930649674262,-85.5227331554717,1.04961411206959,-90.4264345001556,309.208132947505,94.4569687756555,13.5757363948719,-75.6061044151912,0.115359907581616,119.833496058301,13.4646372146525,104.263139638283,105.458016770372,-90.8646910131382,1.20944952569969,104.315408963045,104.291251906326,88.9613197700956,0.995703849951182,1.41060309887975,1.05093823143831,1.00004620624527,0.414899248928566,0.0508920251930456,528120.923038417,525852.036309124,168.271000884329,7747466.85962314,2014080.09222283,168.271000884329,2022770.21658757,7714182.57949596,168.271000884329,632.116853105366,891.665991844545,2.10087151666455,9273.07394425434,3415.19400721785,2.10087151666455,2421.08783819493,13080.6268419062,2.10087151666455,23801.1553865481,25013.5441481273,0.0775126009151643,349159.926323556,95805.0512807456,0.0775126009151643,91161.4483275833,366945.51545961,0.0775126009151643,632.116853105366,891.665991844545,2.10087151666455,9273.07394425434,45712.4615845198,2.10087151666455,2421.08783819493,13080.6268419062,2.10087151666455,1
342.514525257721,1.61559901273512,234.192228511716,135.336703475019,187.661913976008,152.833351788423,66.7199536163753,88.7836391044149,31.899975605719,-88.7600487201324,31.905940658129,-88.7486396616531,294.007300420378,-87.5037728045134,0.663947243667105,-90.3500003278836,294.743364581379,92.4891243592528,7.4159481742463,-71.1999811964321,0.104943466534782,138.338433184107,7.32479358012852,108.395404570872,58.1170152402331,-91.1403842390418,1.20949274838,104.292024180057,56.9520384177158,88.5358237469493,0.997056467084429,1.24391215433968,1.04962284399825,1.00005563391221,0.246855687255247,0.049567210086038,527002.479265633,525451.230121327,91.9761965415653,7731059.43153993,2012544.9536136,91.9761965415653,2018486.43487428,7708302.80363096,91.9761965415653,600.427747318208,746.879372691911,1.11383998173856,8808.19878747279,2860.64286522295,1.11383998173856,2299.71453791405,10956.6255295774,1.11383998173856,23846.1070718436,25029.4187230352,0.0243403873035945,349819.361837127,95865.8529190141,0.0243403873035945,91333.6189919798,367178.393457137,0.0243403873035945,600.427747318208,746.879372691911,1.11383998173856,8808.19878747279,45740.257999316,1.11383998173856,2299.71453791405,10956.6255295774,1.11383998173856,1
284.172232010317,-9.85438812886484,138.004264761831,-173.676909415458,141.603695004088,165.117553327383,54.6266743867959,88.7614269671467,26.1179522450785,-88.7870638854515,26.1234888695126,-88.7732378764927,288.610523494651,-87.9675623282184,0.033923294176285,-91.4703544996788,292.308347939877,92.0027315920224,6.06090880483155,-66.6544229023664,0.101886020446902,139.653425462466,5.96983127622492,112.911836951793,47.7303503002164,-91.3240011925993,1.20978266686412,104.264779482232,46.5662085429108,88.2759797811276,0.998113835634917,1.18237322178094,1.04949517134505,1.00005813275751,0.184259386146018,0.0494370385875447,527358.028204296,526363.344283857,5.00017295932365,7736275.28930866,2016038.46671184,5.00017295932365,2019848.2324708,7721683.4025395,5.00017295932365,603.960157688283,714.106317473216,0.893624993670206,8860.01879891883,2735.1179009372,0.893624993670206,2313.2441183144,10475.8489723173,0.893624993670206,23855.3404948775,25036.0646601661,1.22232440737385,349954.814980214,95891.3077023851,1.22232440737385,91368.984175019,367275.888510687,1.22232440737385,603.960157688283,714.106317473216,0.893624993670206,8860.01879891883,45753.8132938591,0.893624993670206,2313.2441183144,10475.8489723173,0.893624993670206,1
1551.54482884267,-24.306540251168,799.861819726976,-151.158057157652,717.791431801901,-166.451730688693,277.733550277372,88.4109887245504,132.804111961414,-89.1305675510332,132.812372279605,-89.1287636224084,278.289164470963,-78.3437697735638,1.80060292931936,-90.7429461689569,280.606174640415,101.552245984189,33.620831404695,-82.6753283212811,0.115340378661081,116.820356706069,33.5120828603718,97.2588700526438,239.424815412897,-90.9329851794069,1.20878231682713,104.357137599775,238.259031649855,88.9903594177185,0.99019136974564,1.59129807489805,1.04153825246306,0.999893087037403,0.601106705152411,0.041645165425652,530094.361102278,524894.861514304,392.524516831683,7776416.94535601,2010413.99117936,392.524516831683,2030328.73503613,7700140.94683527,392.524516831683,840.681961391378,1337.77558676362,5.23634559500074,12332.6975910949,5123.85042011782,5.23634559500074,3219.91869464562,19624.9979350091,5.23634559500074,23978.4839911165,24974.5083128208,0.190420679670511,351761.314428486,95655.5390732318,0.190420679670511,91840.6394071684,366372.864713953,0.190420679670511,840.681961391378,1337.77558676362,5.23634559500074,12332.6975910949,48880.5946252418,5.23634559500074,3219.91869464562,19624.9979350091,5.23634559500074,1
545.977452579696,-36.6247879243766,216.35820106909,173.710298925797,237.159718848131,-155.436696124917,85.7180438818176,88.818579340761,40.9840362063395,-88.7202830633486,40.9927433362263,-88.7136836309414,304.225489018238,-86.8262852356055,1.26149748466529,-90.3164876050651,298.064608031322,93.2457442104857,10.3397393885007,-78.6921784547454,0.119277429400183,119.900150147039,10.226772734738,101.094742274614,74.4747879292891,-90.9545235815124,1.20867086096804,104.335354494447,73.3095927714774,88.7963695386066,0.996131007658435,1.34345319776472,1.04973222152876,1.00001025632404,0.34732219010629,0.0497219652047198,527559.594790502,525518.470758538,128.352569218416,7739232.24552553,2012802.49379495,128.352569218416,2020620.25809874,7709289.215238,128.352569218416,623.226502487828,837.275637698998,1.55369307641248,9142.65362993781,3206.87204223624,1.55369307641248,2387.03666608701,12282.7272551952,1.55369307641248,23823.8686737017,25008.6825882544,2.47799940310799,349493.127361083,95786.4308889222,2.47799940310799,91248.4431023991,366874.196993784,2.47799940310799,623.226502487828,837.275637698998,1.55369307641248,9142.65362993781,48964.0839713121,1.55369307641248,2387.03666608701,12282.7272551952,1.55369307641248,1
3.62494980153426e+110,-178.593678058342,1.79456968342673e+110,1.40632194165812,1.7890015513351e+110,1.40632194165813,6.12022301605592e+107,1.40632194165813,3.04433054027349e+107,-178.593678058342,3.04432814762665e+107,-178.593678058342,1.44416497646495e+109,-178.593678058342,1.96775881898136e+106,-178.593678058342,1.44330972419165e+109,1.40632194165813,9.58875225922631e+106,-178.593678058342,3.41303554559e+102,1.40632194199163,9.58834746132601e+106,1.40632194165813,1.04142031237785e+163,1.40632194165812,5.87423518091752e+156,-178.593678058345,1.04141966582039e+163,-178.593678058342,1.00204649681775,1.00000051664856,0.205614901634797,0.207067578471841,0.00204598016918522,0.00145267683704461,9.83096851711141e+110,9.85108756289707e+110,1.37928555908079e+108,1.44219059426999e+112,3.77309166404204e+111,1.37928555908079e+108,3.76538581395618e+111,1.44514203273175e+112,1.37928555908079e+108,1.67332856263928e+108,1.67332942716208e+108,1.05214427185936e+105,2.45475174695277e+109,6.40906425053107e+108,1.05214427185936e+105,6.40906093929894e+108,2.45475301519674e+109,1.05214427185936e+105,6.57382286118721e+109,1.35167594096758e+109,9.41003697429355e+105,9.64371463737218e+110,5.17709054232703e+109,9.41003697429355e+105,2.51785765582415e+110,1.98289143655733e+110,9.41003697429355e+105,1.67332856263928e+108,1.67332942716208e+108,1.05214427185936e+105,2.45475174695277e+109,3.46509590786185e+107,1.05214427185936e+105,6.40906093929894e+108,2.45475301519674e+109,1.05214427185936e+105,1
187822706527.962,20.438793607428,122770428915.091,-159.561197947555,108606534000.736,-159.561201420389,13195124129.4323,-159.561171032346,6440433666.71483,20.4388282790583,6440387282.60091,20.4388282786106,11328440325.3404,20.4388041278868,146609742.991711,-159.561171318991,11159991496.2842,-159.561196242721,1885944356.93415,20.4388214200145,823290.202096708,20.4388707642281,1886790627.23472,-159.561178558366,80417941076820.2,-159.561205770427,88067373.3577424,-159.561206552513,80418036863072.3,20.4387942295717,1.08185475444914,1.00000475764103,0.219461854392969,0.206616189482527,0.0818499968081072,0.0128456649104425,625216389095.272,676393323102.244,14518085459.0325,9171845013715.76,2590672342232.47,14518085459.0325,2394658184546.77,9922604135159.04,14518085459.0325,35317405504.6118,35317573532.1495,104767727.680606,518101852773.873,135270792628.257,104767727.680606,135270149061.445,518104317716.508,104767727.680606,50982932982.3989,11188809014.7097,7279695.35485162,747913151054.594,42854559716.7999,7279695.35485162,195271109119.785,164138407055.33,7279695.35485162,35317405504.6118,35317573532.1495,104767727.680606,518101852773.873,6803090510.36099,104767727.680606,135270149061.445,518104317716.508,104767727.680606,1
1348.03609860586,-5.89427930051635,696.107815804629,-161.448114649309,724.129173044431,-155.886158331736,262.556159895456,88.25488781444,125.539366592617,-89.2948545674232,125.543991639758,-89.2913597952508,365.714492829781,-81.9417221908761,1.30813591987544,89.2286595278605,364.153779401761,98.0964524444093,30.5895135282038,-67.901494587991,0.107321361690048,150.42274578866,30.5052830514082,111.973592876359,226.225387942094,-91.015270806257,1.20917401977142,104.255527715029,225.059127448692,88.9036517377241,0.989464043551672,1.36421821861235,1.05745632130694,1.00020813542126,0.374754175060678,0.0572481858856779,530629.854774269,525039.161734185,213.03589041945,7784272.56950629,2010966.67935036,213.03589041945,2032379.74381769,7702257.81273206,213.03589041945,949.370520288967,1295.14855999169,4.64382584145589,13927.1449446189,4960.58349314236,4.64382584145589,3636.20968072699,18999.664866704,4.64382584145589,23617.1910475189,24974.1479647124,0.090467978622464,346461.19283695,95654.1588942057,0.090467978622464,90456.8415421493,366367.578452974,0.090467978622464,949.370520288967,1295.14855999169,4.64382584145589,13927.1449446189,48918.8598920551,4.64382584145589,3636.20968072699,18999.664866704,4.64382584145589,1
434.831514301109,-4.02208789566952,212.504162902627,176.813481300995,219.365564699164,-165.6190190325,84.5201261547702,88.858800408668,40.4096494330091,-88.6754692071725,40.4185689171844,-88.6688446504651,276.814286094137,-86.5098556563539,0.31414364497882,-90.3037518455885,277.061023604938,93.4867562599914,11.0280106907464,-82.1397350694944,0.121346172059607,119.097381124371,10.9149615025175,97.6295558438754,73.4889654132342,-90.9395245962792,1.2080457881427,104.355949943576,72.3244112506609,88.8080156350527,0.996437059983551,1.34978011097907,1.04606512255722,1.00000578661221,0.353343050995521,0.0460593359450083,527056.964423852,525179.092074358,19.8921885631771,7731858.72189035,2011502.63032703,19.8921885631771,2018695.11995091,7704310.5730486,19.8921885631771,647.179785902355,873.550403238693,1.62513807525534,9494.04525510868,3345.80900183489,1.62513807525534,2478.78078408489,12814.8734580809,1.62513807525534,23896.9572055867,24997.7734680067,0.0222877540418184,350565.326840208,95744.6475727086,0.0222877540418184,91528.3814631448,366714.161585414,0.0222877540418184,647.179785902355,873.550403238693,1.62513807525534,9494.04525510868,52199.9718212053,1.62513807525534,2478.78078408489,12814.8734580809,1.62513807525534,1
4.43277539946376e+68,-178.761637013175,2.20831680669178e+68,1.23836298682549,2.206547470458e+68,1.2383629868255,5.026363714297e+65,1.23836298682551,2.50068882649746e+65,-178.761637013175,2.50069275712211e+65,-178.761637013175,1.77458122438437e+67,-178.761637013175,3.28884247747448e+63,1.23836298682538,1.78250157280475e+67,1.23836298682549,7.91031672694077e+64,-178.761637013175,6.07227610311955e+59,-178.761637010676,7.91039480076415e+64,1.23836298682552,9.51391606909205e+99,1.2383629868255,5.55438331998846e+93,1.23836298668249,9.51392180320971e+99,-178.761637013175,1.00052697038075,0.999998966763971,0.207478780308331,0.207026672848367,0.000528003616782402,0.00045210745996388,1.21317098621746e+69,1.21381029139398e+69,5.97037410466157e+65,1.7797064272139e+70,4.64904759291392e+69,5.97037410466157e+65,4.64659897288397e+69,1.78064427978748e+70,5.97037410466157e+65,1.37454790792234e+66,1.37454648768992e+66,8.32737689247786e+62,2.0164443215627e+67,5.26468764126577e+66,8.32737689247786e+62,5.26469308093634e+66,2.01644223809978e+67,8.32737689247786e+62,8.12525003522535e+67,1.68581696700878e+67,2.7497442227089003e+64,1.19196385956254e+69,6.45689311429777e+67,2.7497442227089003e+64,3.11207396954151e+68,2.47307207753646e+68,2.7497442227089003e+64,1.37454790792234e+66,1.37454648768992e+66,8.32737689247786e+62,2.0164443215627e+67,2.85811857581898e+65,8.32737689247786e+62,5.26469308093634e+66,2.01644223809978e+67,8.32737689247786e+62,1
3.10827413816991e+87,2.85861977480397,1.58142929584888e+87,-177.141380225196,1.57763745949813e+87,-177.141380225196,2.04997856948929e+85,-177.141380225196,1.01803300426549e+85,2.85861977480396,1.01803498658346e+85,2.85861977480396,1.27539556049676e+86,2.85861977480396,1.24211000553572e+83,2.85861977480397,1.27670504970085e+86,-177.141380225196,3.38570397228288e+84,2.85861977480397,2.93044184184851e+80,-177.141380225152,3.38542587193975e+84,-177.141380225196,2.38963294878781e+128,-177.141380225196,3.39737656576218e+121,2.85861977459123,2.38963270439995e+128,2.85861977480397,1.0015752601893,0.999998719717765,0.206105569648598,0.207116997719352,0.00157654047153621,0.00101142807075441,8.69751402580126e+87,8.71121487339199e+87,1.69308723923647e+85,1.27591426009647e+89,3.33650594542155e+88,1.69308723923647e+85,3.33125834676761e+88,1.27792415703536e+89,1.69308723923647e+85,5.59455369659169e+85,5.59454653398398e+85,4.63685954678021e+82,8.20713921148194e+86,2.14278238384295e+86,4.63685954678021e+82,2.14278512721269e+86,8.2071287040274e+86,4.63685954678021e+82,5.8163159712742e+86,1.19877511651571e+86,2.24597328507699e+81,8.53246165164067e+87,4.59146096337841e+86,2.24597328507699e+81,2.2277228952166e+87,1.75858786921622e+87,2.24597328507699e+81,5.59455369659169e+85,5.59454653398398e+85,4.63685954678021e+82,8.20713921148194e+86,1.22375188930728e+85,4.63685954678021e+82,2.14278512721269e+86,8.2071287040274e+86,4.63685954678021e+82,1
5.18806715053391e+114,-178.57913431681,2.55435862975386e+114,1.42086568318986,2.56787585305507e+114,1.42086568318986,9.02421602913916e+111,1.42086568318985,4.48872509175844e+111,-178.57913431681,4.48871876537154e+111,-178.57913431681,2.07260126855092e+113,-178.57913431681,1.38393684560405e+110,1.42086568318982,2.07115790130544e+113,1.42086568318986,1.62580576084912e+111,-178.57913431681,2.82691956737909e+105,1.42086568084829,1.62579440572119e+111,1.42086568318985,1.8550081169597e+169,1.42086568318986,8.91675328763175e+162,-178.579134317064,1.85500712945848e+169,-178.57913431681,0.996533295318186,1.00000092649431,0.207671695414634,0.207035252891342,0.00346763117612159,0.000636442523292036,1.40886211495994e+115,1.40397800606998e+115,2.19442225749913e+112,2.06678282743149e+116,5.37741409502113e+115,2.19442225749913e+112,5.39612085244393e+115,2.05961790172735e+116,2.19442225749913e+112,2.46723684536999e+112,2.46723913125089e+112,1.55907240030584e+109,3.61940511358129e+113,9.44983925874613e+112,1.55907240030584e+109,9.44983050353196e+112,3.61940846693952e+113,1.55907240030584e+109,9.43877424042015e+113,1.96016624914403e+113,1.98101332899172e+108,1.38465619204033e+115,7.50768571242592e+113,1.98101332899172e+108,3.615170424374e+114,2.87553898967386e+114,1.98101332899172e+108,2.46723684536999e+112,2.46723913125089e+112,1.55907240030584e+109,3.61940511358129e+113,5.87443789686898e+111,1.55907240030584e+109,9.44983050353196e+112,3.61940846693952e+113,1.55907240030584e+109,1
6.56731261141608e+64,-178.778771217891,3.28613860501252e+64,1.22122878210858,3.29164316753496e+64,1.22122878210859,7.07430731218785e+61,1.22122878210857,3.51958604885643e+61,-178.778771217891,3.51958871893285e+61,-178.778771217891,2.63328486114745e+63,-178.778771217891,1.64922616201432e+60,1.22122878210842,2.63166759053979e+63,1.22122878210857,1.40648094669577e+61,-178.778771217891,9.26866915485404e+55,1.22122879813349,1.40646826081668e+61,1.22122878210851,1.65080630174428e+94,1.22122878210858,2.93452525804748e+87,1.22122878279414,1.65080655165575e+94,-178.778771217891,0.998901282407721,0.999999501310981,0.207634342073099,0.207040059530265,0.00109821890325945,0.000594282542833752,1.81023342714454e+65,1.808244491832e+65,3.48972037713351e+61,2.65558944423115e+66,6.92580608498298e+65,3.48972037713351e+61,6.93342395986241e+65,2.6526717013909e+66,3.48972037713351e+61,1.93460245871127e+62,1.93460149394626e+62,1.17108481328582e+59,2.83803723381751e+63,7.40976945281082e+62,1.17108481328582e+59,7.40977314798333e+62,2.8380358185195e+63,1.17108481328582e+59,1.19930870553913e+64,2.49017674017156e+63,1.06518514511874e+58,1.75937063753598e+65,9.53769321442269e+63,1.06518514511874e+58,4.59350467711401e+64,3.65305764787512e+64,1.06518514511874e+58,1.93460245871127e+62,1.93460149394626e+62,1.17108481328582e+59,2.83803723381751e+63,5.08207694856437e+61,1.17108481328582e+59,7.40977314798333e+62,2.8380358185195e+63,1.17108481328582e+59,1
1.2033113720083e+115,-178.577908527159,6.01967864183146e+114,1.42209147284089,6.06259590888175e+114,1.4220914728409,2.10623870906014e+112,1.42209147284089,1.04768722860636e+112,-178.577908527159,1.04768570909937e+112,-178.577908527159,4.79210427426538e+113,-178.577908527159,6.01602956218474e+110,1.42209147284092,4.78575068262967e+113,1.4220914728409,2.36132392093628e+111,-178.577908527159,3.59798375188661e+106,-178.577908526351,2.36135821150905e+111,1.4220914728409,6.49995459662071e+169,1.4220914728409,2.50309515424153e+163,-178.577908527441,6.49995206492304e+169,-178.577908527159,0.995346040453565,1.00000095341021,0.208232684859545,0.207019267545921,0.00465491295664577,0.00121341731362348,3.33201773367072e+115,3.31651065793022e+115,1.63869435433889e+112,4.88802769236483e+116,1.27026570794819e+116,1.63869435433889e+112,1.27620511492601e+116,4.86527900922271e+116,1.63869435433889e+112,5.75865090972767e+112,5.75865640008425e+112,3.62192378480367e+109,8.4478677388073e+113,2.20563854706519e+113,3.62192378480367e+109,2.20563644418888e+113,8.44787579309067e+113,3.62192378480367e+109,2.1812430838797e+114,4.54206103687584e+113,1.12520691174816e+109,3.19985589813697e+115,1.73966706989319e+114,1.12520691174816e+109,8.35443807040481e+114,6.66314584832711e+114,1.12520691174816e+109,5.75865090972767e+112,5.75865640008425e+112,3.62192378480367e+109,8.4478677388073e+113,8.53154428645639e+111,3.62192378480367e+109,2.20563644418888e+113,8.44787579309067e+113,3.62192378480367e+109,1
246.121316235178,-5.62054314641369,134.949047505147,152.440862169828,126.789304183055,160.743222322489,47.7029741926552,88.9406352957303,22.8092357635929,-88.6018260934386,22.8159698431683,-88.5919699922388,299.890424147585,-88.2335732885602,0.488028538841148,-90.2172251852253,302.381289426176,91.7501916318589,4.6448690971657,-78.202632670661,0.0943753116175445,121.598795943752,4.55619811020714,101.395289276829,41.7769962262919,-91.367013618076,1.21030230048243,104.350968771902,40.6132751172725,88.1704282574816,0.998070424350319,1.25209603880804,1.0514206530627,1.00000217165923,0.254025614457725,0.0514184814034751,527170.285537711,526153.070591502,31.1860840252643,7733521.12823674,2015233.09176139,31.1860840252643,2019129.15421092,7718598.7141814,31.1860840252643,492.672262707501,616.872988566658,0.952831351056955,7227.43951521923,2362.70190075244,0.952831351056955,1886.99734486953,9049.44838773073,0.952831351056955,23823.764673624,25048.7982115538,0.668099257362017,349491.601693152,95940.0788216022,0.668099257362017,91248.0447688912,367462.688092143,0.668099257362017,492.672262707501,616.872988566658,0.952831351056955,7227.43951521923,39238.4022879565,0.952831351056955,1886.99734486953,9049.44838773073,0.952831351056955,1
6.74156245850513e+83,-178.696439186939,3.3681835961185e+83,1.30356081306139,3.36490484612887e+83,1.3035608130614,9.12841759469099e+80,1.3035608130614,4.54124474468695e+80,-178.696439186939,4.54124853648688e+80,-178.696439186939,2.6945795681723e+82,-178.696439186939,2.35351259453177e+78,1.30356081306171,2.6942822626307e+82,1.30356081306139,1.14510292759384e+80,-178.696439186939,5.15899626550463e+73,-178.696439172292,1.14510851118975e+80,1.30356081306141,6.66062446200824e+122,1.30356081306141,1.855508095819e+116,1.30356081312468,6.66062652023694e+122,-178.696439186939,1.00064012439125,0.999999451127309,0.207116165620584,0.20703371841762,0.000640673263936686,8.244720296402e-05,1.85072450746008e+84,1.85190920135879e+84,2.82467208591692e+80,2.71498934474072e+85,7.09304746871491e+84,2.82467208591692e+80,7.08850994060434e+84,2.71672727564226e+85,2.82467208591692e+80,2.49615552690803e+81,2.49615415683643e+81,1.53081045057186e+78,3.66182845207562e+82,9.56058747949416e+81,1.53081045057186e+78,9.56059272704242e+81,3.66182644219798e+82,1.53081045057186e+78,1.22770334750029e+83,2.54277209853816e+82,2.06514273827339e+77,1.80102521662733e+84,9.7391401175725e+82,2.06514273827339e+77,4.70225976248209e+83,3.73021437053835e+83,2.06514273827339e+77,2.49615552690803e+81,2.49615415683643e+81,1.53081045057186e+78,3.66182845207562e+82,4.13755925306077e+80,1.53081045057186e+78,9.56059272704242e+81,3.66182644219798e+82,1.53081045057186e+78,1
800.467574219929,0.0838594514860467,399.427755427859,-169.085842133293,391.52284293769,178.798765965056,156.163297268703,88.6104475829607,74.6780422463147,-88.9373440231989,74.680759277055,-88.9319181263203,319.419462973681,-84.4590983382834,2.94929031049815,89.5110128962705,316.416718202217,95.598342047647,14.7097733247663,-71.7162667316999,0.0912952001342126,160.684552744939,14.6540644244184,108.001163674186,134.770910665694,-90.8515960759007,1.21050038208772,104.309857524048,133.602910368254,89.0126319681741,0.994300028075328,1.41944339280498,1.05134213738037,1.00008259014809,0.425143364729649,0.0512595472322874,528722.066593314,525708.365657778,18.9589267129515,7756285.55921688,2013529.81537928,18.9589267129515,2025072.67275943,7712074.94928961,18.9589267129515,633.879865465013,899.756586866421,2.71698252618036,9298.93711163443,3446.18201381029,2.71698252618036,2427.84039946831,13199.3148432185,2.71698252618036,23806.4475081178,25028.7214066182,0.0234405612928394,349237.561074784,95863.1821085646,0.0234405612928394,91181.7178253948,367168.163913872,0.0234405612928394,633.879865465013,899.756586866421,2.71698252618036,9298.93711163443,39212.8036610362,2.71698252618036,2427.84039946831,13199.3148432185,2.71698252618036,1
8202.47595536409,3.92404528348052,5975.61109957162,127.771109340961,5383.49653119667,133.665859789911,1617.37270949915,85.1905786571451,773.470982228191,-92.4073945296796,773.513445081138,-92.4086538627299,369.940769620326,-26.6550133621741,46.7927069648342,-93.9188249665742,390.684799063029,146.928346964452,150.163920142175,-71.7691663018071,0.571647798279392,66.4459791549797,149.735491728699,108.377002651526,1387.64845349247,-94.0453228423061,1.21162879452208,104.272604833027,1386.49813628994,85.9389408473377,0.937155852170918,1.09284197069435,1.00096850995703,1.00362872086503,0.155686118523429,0.00266021090799962,526738.172753581,493635.761157834,3076.12855638063,7727182.08858005,1890687.66631684,3076.12855638063,2017474.1073612,7241573.91510308,3076.12855638063,4311.83596301318,4712.15531113008,31.624270171845,63254.0858926467,18048.153374517,31.624270171845,16514.8794230972,69126.7198813894,31.624270171845,24782.2576173206,24806.2594805805,0.182632043376049,363552.571430441,95011.1246749663,0.182632043376049,94919.1944899899,363904.675715774,0.182632043376049,4311.83596301318,4712.15531113008,31.624270171845,63254.0858926467,38770.3353986075,31.624270171845,16514.8794230972,69126.7198813894,31.624270171845,1
425.962940269133,21.8135663198836,279.910532819364,133.362389662292,299.717544504545,129.851229283766,76.8717876198582,88.9016540851176,36.7569312814494,-88.6358621193935,36.7632088827327,-88.6286328021429,289.007652203392,-86.9648356325435,0.717821646310611,89.7535555669188,288.372633893956,93.0423963912728,8.16531547071569,-82.1138963526513,0.0943267624931985,127.868069151381,8.08379005676518,97.5519604590412,66.8317205075024,-90.9763180407826,1.20967911827341,104.366891770216,65.6659386976166,88.744398741576,0.997145870542538,1.3834426126194,1.0482107317082,0.999997912280319,0.386296742076857,0.0482128194278855,526433.141898101,524930.633560425,201.81913845399,7722707.32467484,2010551.00265973,201.81913845399,2016305.80044002,7700665.71820813,201.81913845399,529.654003983248,732.745919054908,1.44780027297264,7769.95696235352,2806.50994257718,1.44780027297264,2028.64211133656,10749.2895599386,1.44780027297264,23880.3846220692,25031.6754381725,0.0272528981296284,350322.209145038,95874.4964246354,0.0272528981296284,91464.9063632411,367211.499181555,0.0272528981296284,529.654003983248,732.745919054908,1.44780027297264,7769.95696235352,42475.0685513045,1.44780027297264,2028.64211133656,10749.2895599386,1.44780027297264,1
4.71069824341227e+48,-178.853978075477,2.35096740925645e+48,1.14602192452336,2.35107114014732e+48,1.14602192452337,3.884060220079e+45,1.14602192452338,1.93259844655978e+45,-178.853978075477,1.93259886560681e+45,-178.853978075477,1.88547211993459e+47,-178.853978075477,1.79293617555166e+43,1.1460219245218,1.88534179715114e+47,1.14602192452337,4.96937379895263e+44,-178.853978075477,6.65226381706345e+38,1.14602202557097,4.96937955769377e+44,1.1460219245234,7.76587185072321e+69,1.14602192452337,4.82644863411748e+62,1.14602191003463,7.76587246938546e+69,-178.853978075477,0.999971008028896,0.999999857467732,0.207126420168088,0.207035319061697,2.8849438835743e-05,9.11011063906009e-05,1.29279068489418e+49,1.292753204344e+49,2.88656466950269e+45,1.89650751385181e+50,4.95140897675618e+49,2.88656466950269e+45,4.95155253202411e+49,1.89645253036077e+50,2.88656466950269e+45,1.06230057295479e+46,1.06230042154268e+46,6.28763597080309e+42,1.55838144729729e+47,4.06874554676304e+46,6.28763597080309e+42,4.06874612669066e+46,1.55838122517765e+47,6.28763597080309e+42,8.59097976250619e+47,1.77941888394439e+47,1.63236113695061e+42,1.26028581898976e+49,6.81540034537579e+47,1.63236113695061e+42,3.29045437073887e+48,2.61038490075955e+48,1.63236113695061e+42,1.06230057295479e+46,1.06230042154268e+46,6.28763597080309e+42,1.55838144729729e+47,1.7955735941853e+45,6.28763597080309e+42,4.06874612669066e+46,1.55838122517765e+47,6.28763597080309e+42,1
8.57196999928654e+35,-178.916027038426,4.2699065108828e+35,1.08397296157416,4.2691425459605e+35,1.08397296157415,5.28205316917877e+32,1.08397296157413,2.62836762861508e+32,-178.916027038426,2.62836701364593e+32,-178.916027038426,3.41907578323995e+34,-178.916027038426,2.38053984198552e+30,-178.916027038424,3.42096561804311e+34,1.08397296157416,7.19087896425995e+31,-178.916027038426,5.57826318466443e+25,-178.916027235792,7.19089614082365e+31,1.0839729615745,4.68093604373609e+50,1.08397296157417,3.3410575743456e+43,-178.916027078206,4.68093576594264e+50,-178.916027038426,1.00011761361628,1.00000015379991,0.20699529839994,0.207033243988028,0.000117459816366017,3.79455880878676e-05,2.34700310612244e+36,2.34727914564516e+36,1.09736474810788e+33,3.44302374530112e+37,8.99037727668813e+36,1.09736474810788e+33,8.98932001025386e+36,3.44342869177473e+37,1.09736474810788e+33,1.44475796462269e+33,1.44475818682634e+33,8.43950897258709e+29,2.11944158294154e+34,5.5336073671726e+33,8.43950897258709e+29,5.53360651610441e+33,2.11944190891147e+34,8.43950897258709e+29,1.55883811763633e+35,3.22672161317333e+34,5.50593606319698e+30,2.28679571837874e+36,1.23587536331554e+35,5.50593606319698e+30,5.97054799248472e+35,4.73355962105512e+35,5.50593606319698e+30,1.44475796462269e+33,1.44475818682634e+33,8.43950897258709e+29,2.11944158294154e+34,2.59824132555535e+32,8.43950897258709e+29,5.53360651610441e+33,2.11944190891147e+34,8.43950897258709e+29,1
20085.1108617119,-87.9244993507776,89911.6868126307,-91.9800124735934,86315.0003467342,-92.0232977350916,68567.9853024774,-91.2618414400656,31368.9832667841,89.642181438239,31367.1539796432,89.6425504938868,21996.0045001858,88.8383715721697,560.589397522108,-90.9543984994722,11739.3780759977,-91.3413996264504,5121.57600841416,94.6017089200882,22.5145984560991,83.4029669669408,5143.73253253336,-85.4470720391904,183921.441274078,-116.210604102888,1.18120984881914,105.505689227799,183920.570028136,63.7891510302783,0.998232656132623,0.996911989587594,0.383433362349351,0.512861042498348,0.00132066654502883,0.129427680148997,981983.863656691,980248.360497395,65417.174921268,14405578.5493117,3754475.73079525,65417.174921268,3761122.9283371,14380118.9384065,65417.174921268,170584.667346751,170057.900117787,1974.38221372198,2502455.40249624,651343.358022308,1974.38221372198,653360.943418644,2494727.79415675,1974.38221372198,75115.7767377593,28801.8948400422,3232.05364944067,1101938.90361793,110314.915623001,3232.05364944067,287702.966030619,422520.13891778,3232.05364944067,170584.667346751,170057.900117787,1974.38221372198,2502455.40249624,58703.2295127682,1974.38221372198,653360.943418644,2494727.79415675,1974.38221372198,1
433.098663237449,0.904725398273181,247.902974079658,148.326929660083,222.457290799389,161.798070212072,84.4309061702801,88.7146806099268,40.3713569637541,-88.832857646567,40.3754817397062,-88.8235979397384,283.597020618704,-86.6880645079126,0.625884792946236,89.7017509839458,282.915158199735,93.3206613289069,8.6370797709088,-67.1227856858305,0.0928379155010915,149.438619523748,8.56262771428101,112.507340933982,73.2745930005237,-91.0226783245211,1.21020043662877,104.276436230551,72.1079841134115,88.7235935818444,0.996440936994432,1.26907315850277,1.04702253354129,1.00007781882959,0.27263222150834,0.046944714711701,527582.91584281,525705.215004664,73.9252901199338,7739574.36240069,2013517.74797767,73.9252901199338,2020709.5806913,7712028.72960862,73.9252901199338,591.877451508721,751.135786832743,1.29962851890287,8682.76703399697,2876.94547202747,1.29962851890287,2266.96581891436,11019.0665843783,1.29962851890287,23918.0261818621,25042.7123702401,0.0191136359310455,350874.40604601,95916.7692763536,0.0191136359310455,91609.0783184384,367373.409573088,0.0191136359310455,591.877451508721,751.135786832743,1.29962851890287,8682.76703399697,42494.0144758214,1.29962851890287,2266.96581891436,11019.0665843783,1.29962851890287,1
481.452723559806,0.234233576084041,244.835047793241,163.792098853837,264.929664705484,152.398669898337,93.8080990234231,88.8109739172865,44.8542553772079,-88.7285640530032,44.8607779100192,-88.721280807851,286.847881505977,-86.2793021360776,2.17212987995621,89.6839597145143,281.698105396082,93.7946808611557,10.5568568416679,-78.7726099617989,0.104452447466881,132.611706134084,10.4677258923613,100.929760757656,81.3892490903023,-90.9118298167743,1.20920973099299,104.340605185285,80.2232581314646,88.8609744540145,0.996608792965494,1.38680702181206,1.04659694532833,1.00001258616949,0.39019822884657,0.0465843591588395,527004.230260663,525217.049807788,69.5561827380616,7731085.1184146,2011648.01326741,69.5561827380616,2018493.14140766,7704867.40817667,69.5561827380616,589.925456065644,818.112764817519,1.67581108059277,8654.13150878739,3133.47580505272,1.67581108059277,2259.48942842702,12001.6103440714,1.67581108059277,23904.6392287805,25018.5223960174,0.996903525185305,350678.0211447,95824.1186024962,0.996903525185305,91557.8045877397,367018.545723825,0.996903525185305,589.925456065644,818.112764817519,1.67581108059277,8654.13150878739,45718.0950531577,1.67581108059277,2259.48942842702,12001.6103440714,1.67581108059277,1
465.045855038507,-4.84681954422914,300.62624550543,138.670597840811,286.574260636453,142.005727683627,90.2973635680572,88.8601648649836,43.1762479483798,-88.6774546150469,43.1814492141162,-88.6688935341351,309.117303001553,-86.6785747569768,0.760357063983731,89.7204613470236,308.252301832112,93.3315472768412,10.2487329602599,-81.8226756884261,0.0996764744693519,142.884104754074,10.1781118686647,97.7826096632828,78.3842782936072,-90.9033553888149,1.20910207108831,104.363638648594,77.2185016625162,88.8604092173938,0.99640353222349,1.41020330907292,1.05154216007313,0.999979146474924,0.413799776849434,0.0515630135982066,526600.336358315,524706.435217503,116.83657875064,7725160.04616933,2009692.2945289,116.83657875064,2016946.1764595,7697376.7569949,116.83657875064,573.017313278566,808.07091134151,1.68289310220419,8406.09120175503,3095.0142307342,1.68289310220419,2194.72909389844,11854.2976290837,1.68289310220419,23787.8926957613,25013.9720688887,0.0354538042758737,348965.364334327,95806.6902716157,0.0354538042758737,91110.6505372573,366951.793002825,0.0354538042758737,573.017313278566,808.07091134151,1.68289310220419,8406.09120175503,45715.9689646602,1.68289310220419,2194.72909389844,11854.2976290837,1.68289310220419,1
339.009985051611,1.6171646596228,231.79519723396,135.338592505235,185.741263887924,152.835195466129,66.036587343783,88.785217423929,31.573212257865,-88.7585010467686,31.5791801005163,-88.7469779180066,290.996199076356,-87.5021199255182,0.657142211297997,-90.3488144345809,291.724719348816,92.490776231012,7.34152200747243,-71.1927088707009,0.10495176517942,138.313646705976,7.25033314462495,108.398892035503,57.5306033416984,-91.1474280802275,1.20949308520942,104.292019953984,56.3656760437512,88.5252658164903,0.997086837811131,1.24188639646314,1.04909019074818,1.00005549262843,0.244799558652014,0.0490346981197531,526999.690013946,525464.454443451,91.0882757840356,7731018.51357196,2012595.60444707,91.0882757840356,2018475.75168603,7708496.80275677,91.0882757840356,599.970886908994,745.095682726207,1.10476468570276,8801.49670329953,2853.81110609192,1.10476468570276,2297.96470451685,10930.4590243429,1.10476468570276,23858.8268495171,25030.0612105877,0.0240911023206164,350005.959359945,95868.3137279484,0.0240911023206164,91382.3373561219,367187.818667924,0.0240911023206164,599.970886908994,745.095682726207,1.10476468570276,8801.49670329953,45740.5119245166,1.10476468570276,2297.96470451685,10930.4590243429,1.10476468570276,1
713.442368273946,-31.1189782001822,323.350577773623,-158.50968468598,301.051083990561,-175.624796062236,119.599298022152,88.7077291361088,57.1870064030815,-88.8347316785501,57.1951785906709,-88.8301217041413,302.217195167231,-85.5172097498512,1.03013161355817,-90.4213993057881,303.470967153718,94.4624905407331,13.3264019339118,-75.5952252574216,0.115168184069415,120.038874201446,13.2155925384272,104.270144277234,103.517124987885,-90.8680672420766,1.20944778646544,104.315431021747,102.350389862342,88.9546056870505,0.995783954959274,1.40659174134946,1.04994566357725,1.00004593975838,0.410807786390183,0.0498997238188625,528092.734009285,525866.271257022,165.056067362757,7747053.33014631,2014134.61388139,165.056067362757,2022662.24902545,7714391.40437351,165.056067362757,629.714759062526,885.751579503213,2.05958880315891,9237.83552975727,3392.54105670826,2.05958880315891,2411.88751289946,12993.8631641012,2.05958880315891,23824.9705943756,25014.9245604201,0.0760743869991379,349509.292397404,95810.3384351654,0.0760743869991379,91252.6635985449,366965.765932607,0.0760743869991379,629.714759062526,885.751579503213,2.05958880315891,9237.83552975727,45713.3146326553,2.05958880315891,2411.88751289946,12993.8631641012,2.05958880315891,1
281.787886892286,-9.85327849501346,136.846462340797,-173.675980293253,140.415353606768,165.118734353717,54.1679007770517,88.7624651174317,25.8985797391644,-88.7860670670105,25.9041160558209,-88.772123040229,286.186885815077,-87.9664549170868,0.0336335460828109,-91.4793959119243,289.853651954359,92.0038376780848,6.01135427169925,-66.6472724634189,0.10188394198006,139.660177901419,5.92027899536499,112.915374931384,47.3367689454428,-91.3315269706047,1.20978242515273,104.264782498211,46.1726808644902,88.2648546746659,0.998129830854124,1.1810539417367,1.04905964214418,1.00005800525821,0.182924110882577,0.0490016368859756,527354.068508207,526367.82720033,4.93074690485613,7736217.20106999,2016055.63685135,4.93074690485613,2019833.06633183,7721749.16635476,4.93074690485613,603.627368523848,712.916482935243,0.889228548862317,8855.13682414709,2730.56068352526,0.889228548862317,2311.96949354409,10458.3942507767,0.889228548862317,23865.7318357866,25036.5760991594,1.21205975379149,350107.254631455,95893.2665786919,1.21205975379149,91408.7843305979,367283.391255757,1.21205975379149,603.627368523848,712.916482935243,0.889228548862317,8855.13682414709,45753.9824629462,0.889228548862317,2311.96949354409,10458.3942507767,0.889228548862317,1
538.80974554537,-36.6216966826858,213.519037801339,173.71300525628,234.046730028817,-155.434323762102,84.5917929101663,88.8212207521841,40.4454943126381,-88.7176502493901,40.4541864531665,-88.71094688836,300.228473672012,-86.823550031274,1.24491935035227,-90.3139353959907,294.14853295114,93.2484800213637,10.2056582258354,-78.6849490307124,0.119191201435609,120.000477931498,10.0928365263287,101.098258542296,73.5075543866825,-90.9605603221234,1.2086712386947,104.335349681204,72.3424022211405,88.7869050212813,0.996182302744292,1.3399055783237,1.04904727924835,1.00001075799159,0.343723275579407,0.0490365212567665,527543.068680769,525529.068955198,126.598357743338,7738989.80959488,2012843.08623433,126.598357743338,2020556.96099934,7709444.68943684,126.598357743338,622.67956536168,834.331823136291,1.53609422601952,9134.63013176858,3195.59685854092,1.53609422601952,2384.9418274225,12239.5418694805,1.53609422601952,23840.2468308832,25009.5460745471,2.44544244341683,349733.392846598,95789.7381511024,2.44544244341683,91311.1735247397,366886.864228019,2.44544244341683,622.67956536168,834.331823136291,1.53609422601952,9134.63013176858,48964.5449008668,1.53609422601952,2384.9418274225,12239.5418694805,1.53609422601952,1
1487.5657360839,-24.2758158469847,766.871966700119,-151.134442207657,688.205064891534,-166.426295841849,266.246813766081,88.438052605875,127.311289581251,-89.1031247313131,127.319526241535,-89.101228894647,266.78115613119,-78.3146713767635,1.72612453523355,-90.7158647432764,269.00231354489,101.581329010791,32.2354022420048,-82.6428432859569,0.11511104881784,117.115676733957,32.1270504944805,97.2877673370503,229.557687427984,-90.914283619038,1.20877511946266,104.357233827866,228.391815926785,89.0058446957956,0.990596084731841,1.59505736518152,1.03974456540576,0.999896613695532,0.604461280449684,0.039847951710224,529934.246033515,524950.78928612,376.082967676594,7774068.0776349,2010628.2016493,376.082967676594,2029715.47398513,7700961.40014391,376.082967676594,819.877576612199,1307.75176712247,5.0099075178068,12027.4999089348,5008.85537729901,5.0099075178068,3140.23525839083,19184.5523144666,5.0099075178068,24023.6918167924,24978.5030074926,0.182545175243481,352424.507488903,95670.8392612267,0.182545175243481,92013.7911217565,366431.466377387,0.182545175243481,819.877576612199,1307.75176712247,5.0099075178068,12027.4999089348,48885.3320869303,5.0099075178068,3140.23525839083,19184.5523144666,5.0099075178068,1
3.16997706175649e+115,-178.576447134892,1.56904696339635e+115,1.42355286510783,1.56401322344344e+115,1.42355286510783,5.53331507759333e+112,1.42355286510782,2.75233635739233e+112,-178.576447134892,2.75233443254306e+112,-178.576447134892,1.26029268659079e+114,-178.576447134892,1.77900660926613e+111,-178.576447134892,1.25951953695492e+114,1.42355286510783,8.66801310869792e+111,-178.576447134892,3.37422237812401e+107,1.42355286513957,8.66761828410307e+111,1.42355286510782,2.79453923507724e+170,1.42355286510783,1.5763425450387e+164,-178.576447134868,2.79453750006249e+170,-178.576447134892,1.00211625116621,1.00000045973191,0.2055637964945,0.207070768911377,0.00211579143430241,0.00150697241687633,8.59451581178235e+115,8.61270396589204e+115,1.2305624972233e+113,1.26080455292712e+117,3.29877501657414e+116,1.2305624972233e+113,3.29180872252616e+116,1.26347273203261e+117,1.2305624972233e+113,1.51282930989568e+113,1.51283000539158e+113,9.54809588598061e+109,2.21930138182212e+114,5.79433107868651e+113,9.54809588598061e+109,5.79432841484886e+113,2.21930240210578e+114,9.54809588598061e+109,5.7366283721476e+114,1.17924310725673e+114,8.50718748380587e+110,8.41556095590524e+115,4.51665088698175e+114,8.50718748380587e+110,2.19720153256782e+115,1.72993465972677e+115,8.50718748380587e+110,1.51282930989568e+113,1.51283000539158e+113,9.54809588598061e+109,2.21930138182212e+114,3.1324075657482e+112,9.54809588598061e+109,5.79432841484886e+113,2.21930240210578e+114,9.54809588598061e+109,1
76354.7287605395,-43.845484739477,57341.3627652585,92.206550361505,44489.6791563553,108.411883360075,17978.3744421855,51.0714601205536,8654.72196706688,-126.786801307089,8654.58440041266,-126.78608804266,5862.25495712582,-95.1816959502522,198.533073626602,51.866287491426,5672.20177064218,86.0717261175125,2174.53635192798,-113.524763859643,2.40782356309569,-159.810520769145,2176.23112300318,66.4292091821429,15280.760709292,-138.90453539638,1.20158367570051,104.995124244859,15280.2335837931,41.0914185179102,0.841405304683304,1.00177692255751,3.87711418053288,1.55867659503778,0.160371617874206,2.3184375854951,457839.598605228,385228.666960513,20224.7770125828,6716448.75724634,1475474.72578884,20224.7770125828,1753583.81695037,5651255.61298065,20224.7770125828,47749.7326201628,47834.5801971707,312.084553383484,700482.512418216,183212.518051984,312.084553383484,182887.541054796,701727.215595673,312.084553383484,6583.79843501918,25526.138274183,9.85817881523966,96583.4867747502,97768.3518926923,9.85817881523966,25216.7842731046,374465.206179694,9.85817881523966,47749.7326201628,47834.5801971707,312.084553383484,700482.512418216,45667.9077064986,312.084553383484,182887.541054796,701727.215595673,312.084553383484,1
1295.4542948965,-5.86902600148679,668.947306550961,-161.4261521701,695.868028258501,-155.864608846794,252.280024087,88.2789983625124,120.625746057463,-89.2704299574363,120.630420654617,-89.266808621953,351.401987642509,-81.9162012956739,1.25696268683856,89.2542978139333,349.902333648305,98.1219743468128,29.3995499370423,-67.8676216810431,0.107313750749653,150.029117033802,29.3148369987857,112.003630326778,217.404593647801,-90.9995139504075,1.20917731121948,104.255484209831,216.238251136508,88.916186255192,0.989874225833487,1.3652878481829,1.05507475350763,1.00019893114127,0.375413622349415,0.0548758223663615,530477.871637043,525106.372508514,204.477751810994,7782042.99618792,2011224.10515308,204.477751810994,2031797.62909738,7703243.78625442,204.477751810994,929.0203307322,1268.38016826353,4.44083277692317,13628.6102486803,4858.05715273123,4.44083277692317,3558.26586986543,18606.9759601441,4.44083277692317,23674.5163329402,24978.3844843893,0.0869272196729195,347302.147492685,95670.3853026862,0.0869272196729195,90676.404666709,366429.727658515,0.0869272196729195,929.0203307322,1268.38016826353,4.44083277692317,13628.6102486803,48922.8861663364,4.44083277692317,3558.26586986543,18606.9759601441,4.44083277692317,1
429.197458215962,-4.0194400948779,209.750877615658,176.816075224208,216.522986855747,-165.616590690115,83.4237029650331,88.8613787963319,39.8853871078432,-88.6728972971989,39.8942972085997,-88.6661745958801,273.223543596342,-86.5071862193239,0.310065898003336,-90.301418009438,273.467077625445,93.489425369354,10.8866350934285,-82.1331995356482,0.121295252061401,119.162397001506,10.7736802455013,97.6325501594258,72.5467848632596,-90.9456284422186,1.20804610430525,104.355945988477,71.3822741709574,88.7984800414385,0.996483869006591,1.34595603861479,1.0454409684882,1.00000646744839,0.3494721696082,0.0454345010398085,527043.378203378,525190.224646406,19.5791866893617,7731659.4137617,2011545.26949202,19.5791866893617,2018643.08300079,7704473.8864665,19.5791866893617,646.895908917527,870.69345496275,1.60859477268523,9489.880815799,3334.86652705154,1.60859477268523,2477.69349917525,12772.9623897593,1.60859477268523,23912.0097122047,24998.5945920265,0.0219986429355638,350786.145200342,95747.7925820028,0.0219986429355638,91586.0344754453,366726.207370487,0.0219986429355638,646.895908917527,870.69345496275,1.60859477268523,9489.880815799,52200.4580401449,1.60859477268523,2477.69349917525,12772.9623897593,1.60859477268523,1
2.32944200045026e+70,-178.754016694904,1.16050465654385e+70,1.24598330509608,1.15955385859034e+70,1.24598330509608,2.70087486987174e+67,1.24598330509607,1.34371298559808e+67,-178.754016694904,1.34371510026214e+67,-178.754016694904,9.31374518869827e+68,-178.754016694904,1.76744279768771e+65,1.24598330509463,9.35630211068633e+68,1.24598330509608,4.25034117948302e+66,-178.754016694904,3.2333769922139e+61,-178.754016700465,4.25038283623919e+66,1.24598330509598,3.70050428343125e+102,1.24598330509606,2.16054658412836e+96,1.24598330558441,3.70050651388351e+102,-178.754016694904,1.00053887050841,0.999998965494172,0.207489331663555,0.207026738952336,0.000539905014238507,0.000462592711219123,6.37531535346744e+70,6.37875082289324e+70,3.12782843869027e+67,9.35250664496824e+71,2.44314258737356e+71,3.12782843869027e+67,2.44182675894651e+71,9.35754643497893e+71,3.12782843869027e+67,7.38594879518196e+67,7.38594115437488e+67,4.48226133717381e+64,1.08350930670064e+69,2.82890927755406e+68,4.48226133717381e+64,2.82891220408022e+68,1.08350818580395e+69,4.48226133717381e+64,4.2649595959358e+69,8.84933616132786e+68,1.47747882619143e+66,6.25664155418072e+70,3.3894081531027e+69,1.47747882619143e+66,1.63353369830052e+70,1.29818637453538e+70,1.47747882619143e+66,7.38594879518196e+67,7.38594115437488e+67,4.48226133717381e+64,1.08350930670064e+69,1.53571376614856e+67,4.48226133717381e+64,2.82891220408022e+68,1.08350818580395e+69,4.48226133717381e+64,1
1.64555853215189e+75,3.14372772752116,8.39896916113948e+74,-176.856272272479,8.37595853727381e+74,-176.856272272479,1.24425096888713e+73,-176.856272272479,6.17707925823773e+72,3.14372772752116,6.1770927926462e+72,3.14372772752116,6.72215791704962e+73,3.14372772752116,7.53789552639824e+70,3.14372772752104,6.73010470624401e+73,-176.856272272479,2.0503462397862e+72,3.14372772752115,1.96038720847135e+68,-176.856272272511,2.05015926980202e+72,-176.856272272479,8.52899103201713e+109,-176.856272272479,1.21261046530378e+103,3.14372772727566,8.52899015970993e+109,3.14372772752116,1.00179979298983,0.999998559321579,0.205965155435357,0.20712567026376,0.0018012336682538,0.00116051482840274,4.61959270767456e+75,4.62790701824571e+75,1.06447458964807e+73,6.77688382458991e+76,1.77254717116425e+76,1.06447458964807e+73,1.76936268460803e+76,6.78908081259031e+76,1.06447458964807e+73,3.39445517121933e+73,3.39445028090101e+73,2.94458793291176e+70,4.97962262017503e+74,1.3001175735267e+74,2.94458793291176e+70,1.30011944658073e+74,4.97961544614017e+74,2.94458793291176e+70,3.06595840585275e+74,6.31480599619802e+73,1.36297889329175e+69,4.49772203791276e+75,2.41865090652899e+74,1.36297889329175e+69,1.17430101291482e+75,9.26374018643734e+74,1.36297889329175e+69,3.39445517121933e+73,3.39445028090101e+73,2.94458793291176e+70,4.97962262017503e+74,7.41116815630572e+72,2.94458793291176e+70,1.30011944658073e+74,4.97961544614017e+74,2.94458793291176e+70,1
1.29315112511703e+120,-178.560858495756,6.36444832562028e+119,1.43914150424419,6.39931747330045e+119,1.4391415042442,2.32798733019217e+117,1.43914150424421,1.15793763899781e+117,-178.560858495756,1.15793600790857e+117,-178.560858495756,5.15555042601908e+118,-178.560858495756,3.56981722249807e+115,1.43914150424417,5.15182730397369e+118,1.4391415042442,4.19328311191867e+116,-178.560858495756,7.4105789548639e+110,1.4391415048499,4.19325370223716e+116,1.43914150424419,2.40121755036242e+177,1.43914150424419,1.15426688527964e+171,-178.560858495753,2.40121627205936e+177,-178.560858495756,0.996411275946275,1.00000092598438,0.207695295067637,0.207035280097321,0.00358965003810663,0.000660014970315925,3.51074362467438e+120,3.49814453458205e+120,5.59151507498616e+117,5.15021630431018e+121,1.33983378979977e+121,5.59151507498616e+117,1.34465940133742e+121,5.13173359917701e+121,5.59151507498616e+117,6.36461168779844e+117,6.36461758132945e+117,4.0378944285961e+114,9.33680450338863e+118,2.43772937633572e+118,4.0378944285961e+114,2.43772711903848e+118,9.33681314912377e+118,4.0378944285961e+114,2.347825819904e+119,4.87632376432378e+118,5.11016076306182e+113,3.44423065596865e+120,1.86769394027489e+119,5.11016076306182e+113,8.99247110853746e+119,7.1535050237241e+119,5.11016076306182e+113,6.36461168779844e+117,6.36461758132945e+117,4.0378944285961e+114,9.33680450338863e+118,1.51513695420124e+117,4.0378944285961e+114,2.43772711903848e+118,9.33681314912377e+118,4.0378944285961e+114,1
2.2111932261991e+66,-178.771893418606,1.10655919572077e+66,1.22810658139361,1.10845214715444e+66,1.22810658139359,2.4329406450311e+63,1.22810658139358,1.21041925481063e+63,-178.771893418606,1.21042013985046e+63,-178.771893418606,8.85587716908017e+64,-178.771893418606,5.67172604943869e+61,1.2281065813938,8.85031533657537e+64,1.22810658139359,4.83658060676308e+62,-178.771893418606,2.7847588998926e+57,1.22810658199951,4.83654100756091e+62,1.2281065813936,3.28982647418665e+96,1.22810658139359,5.84874494398835e+89,1.22810657821857,3.28982697229393e+96,-178.771893418606,0.998877996444905,0.999999519354242,0.207647912557914,0.207039262917651,0.00112152290933676,0.00060864964026322,6.09597375057549e+66,6.08913404635558e+66,1.27270555870453e+63,8.9427160616927e+67,2.33221568327855e+67,1.27270555870453e+63,2.33483537687197e+67,8.93268230247927e+67,1.27270555870453e+63,6.65327618412914e+63,6.65327298626016e+63,4.03375012333587e+60,9.76027165292045e+64,2.54828806289402e+64,4.03375012333587e+60,2.54828928771846e+64,9.76026696168728e+64,4.03375012333587e+60,4.03329493640504e+65,8.37505274274911e+64,3.66311815466387e+59,5.91679244122862e+66,3.20775157949018e+65,3.66311815466387e+59,1.5448031911207e+66,1.22860959945957e+66,3.66311815466387e+59,6.65327618412914e+63,6.65327298626016e+63,4.03375012333587e+60,9.76027165292045e+64,1.7476096291099e+63,4.03375012333587e+60,2.54828928771846e+64,9.76026696168728e+64,4.03375012333587e+60,1
6469.62637720461,-11.3650042123369,3328.76704383663,158.447255047547,3216.23761069017,165.924018144181,1263.7087691649,86.3735261737157,614.284683102191,-92.0915528032035,614.302853918338,-92.0920025332985,816.811858153468,-73.7665932099677,8.31825516083074,-93.0683438115463,896.127709459815,104.466444698175,122.768298815308,-82.7657118812206,0.22717587718445,73.0285043418691,122.561891750639,97.2777676285387,1090.85754762379,-93.1638664016065,1.21028563788867,104.351176327773,1089.7034710267,86.8169819824722,0.949968331338934,1.15348419670426,1.13593752441244,1.00177843911523,0.203515865365325,0.134159085297205,536687.471071942,509836.101344725,248.607490716523,7873137.03116125,1952737.02698238,248.607490716523,2055581.18366967,7479230.84789502,248.607490716523,3346.56504030066,3860.20988722976,15.9966654381426,49093.6840641262,14785.0941877893,15.9966654381426,12817.769181436,56628.7887259613,15.9966654381426,21793.7173774125,24756.3013654423,25.0901993762194,319711.06571215,94819.778748361,25.0901993762194,83472.7057699818,363171.796512322,25.0901993762194,3346.56504030066,3860.20988722976,15.9966654381426,49093.6840641262,38842.2061619067,15.9966654381426,12817.769181436,56628.7887259613,15.9966654381426,2
22159.471885488,-18.6274332142917,11492.0320811422,149.875960337036,11317.2178366541,152.505421661466,4523.46047215262,79.1389210119938,2199.52687765813,-99.3949622221399,2199.52984342514,-99.394771080088,1317.39731279722,-55.7471032930899,1.9551947202534,-100.349529785126,1575.69858665489,115.601432417933,444.545670954665,-93.5054841238548,0.0930535391591634,153.419984598826,444.508510349902,86.4834919559414,3903.77412790564,-101.058681483086,1.20986202266455,104.378693495199,3902.68155661119,78.9336892447498,0.843124529915615,1.04209532415249,1.18331864007253,1.02044639417368,0.198970794236876,0.162872245898853,551082.567791908,464631.230914243,1349.87799070559,8084311.27159349,1779596.63135972,1349.87799070559,2110716.23255681,6816081.14055377,1349.87799070559,12041.5582703047,12548.4515689943,56.113030481417,176648.130319617,48062.1634000416,56.113030481417,46120.69768102,184084.190626353,56.113030481417,20492.4878230625,24249.1428224891,111.873978017993,300622.19343061,92877.2971101187,111.873978017993,78488.8312960456,355731.84510593,111.873978017993,12041.5582703047,12548.4515689943,56.113030481417,176648.130319617,37855.4922202782,56.113030481417,46120.69768102,184084.190626353,56.113030481417,2
7665.02071825029,-11.9125486549305,3947.40340119707,157.731179250224,3769.12825792459,169.306127053671,1502.60912372988,85.7858578799982,730.421222892836,-92.685612434006,730.426010192002,-92.685121920377,836.430994222835,-71.1577663250213,7.14143620211439,-93.645260681714,843.195304488791,108.6520928802,144.186961277844,-79.9361224672101,0.0915487866698344,143.163846810009,144.118887393659,100.039129484775,1296.76002132619,-93.7548638090012,1.21010812201087,104.335235570918,1295.60972305277,86.2285192416747,0.939830521991602,1.11942597183263,1.11434180394601,1.00314677785183,0.179595449841027,0.111195026094183,539343.491579704,506891.475224126,211.469618037022,7912100.51464526,1941458.73491726,211.469618037022,2065754.07957926,7436033.55672908,211.469618037022,4015.44694314433,4494.9955966717,18.9947987317399,58906.0966181845,17216.4040847486,18.9947987317399,15379.6718299856,65941.0144536779,18.9947987317399,22191.1643210007,24728.5420811264,0.0581700290866326,325541.561891306,94713.4571634766,0.0581700290866326,84994.978047207,362764.571337361,0.0581700290866326,4015.44694314433,4494.9955966717,18.9947987317399,58906.0966181845,38778.7125923574,18.9947987317399,15379.6718299856,65941.0144536779,18.9947987317399,2
8.00042177977492e+93,2.74243892770065,4.0020514280007e+93,-177.257561072299,4.02376834388438e+93,-177.257561072299,4.93015640205407e+91,-177.257561072299,2.4546897427912e+91,2.74243892770065,2.45469118169021e+91,2.74243892770066,3.01793723573458e+92,2.74243892770066,3.15019790190334e+89,-177.257561072299,3.05257884455893e+92,-177.257561072299,6.58424803163278e+90,2.74243892770066,1.59632806710504e+86,-177.25756107225,6.58413269667456e+90,-177.257561072299,1.0155914396979e+138,-177.257561072299,1.62834639348591e+130,-177.257561070248,1.0155915059731e+138,2.74243892770066,0.996452386420132,0.99999961470668,0.20873789055326,0.207057488922611,0.00354722828654752,0.00168040163064889,2.21187046785975e+94,2.20402360615106e+94,8.46599737005461e+90,3.24478588140996e+95,8.44169036426149e+94,8.46599737005461e+90,8.47174484130569e+94,3.23327463495331e+95,8.46599737005461e+90,1.34938749826829e+92,1.3493869783583e+92,6.92515919088646e+88,1.97953432018502e+93,5.16832352479192e+92,6.92515919088646e+88,5.16832551611322e+92,1.97953355748367e+93,6.92515919088646e+88,1.39250241122564e+93,2.90668015909569e+92,1.25972689087521e+90,2.04278334985247e+94,1.11329542127174e+93,1.25972689087521e+90,5.33346110914963e+93,4.26406287305527e+93,1.25972689087521e+90,1.34938749826829e+92,1.3493869783583e+92,6.92515919088646e+88,1.97953432018502e+93,2.37929511433899e+91,6.92515919088646e+88,5.16832551611322e+92,1.97953355748367e+93,6.92515919088646e+88,2
17800.7281038189,-22.4403380713902,8509.3097457297,173.330388466952,8518.93333379139,168.760615334026,3510.02292999754,81.3316955187529,1706.51522268653,-97.181263803801,1706.52048717153,-97.1811084347087,1178.52987743059,-60.0175286406981,17.673350105289,-98.1421985397231,998.156894283715,128.65513015104,373.870755730207,-91.246867558807,0.104481379648744,114.926996226682,373.778299549637,88.7460436867919,3030.51442761417,-98.5831191797064,1.21077506088496,104.344923613652,3029.39940967471,81.4079596799448,0.87736130232716,1.06070172287473,1.05742974389127,1.01217998541293,0.183340420547574,0.0452497584783398,557816.734876271,489406.81697093,1385.51034274275,8183100.64735445,1874490.27292507,1385.51034274275,2136508.94785656,7179535.84103713,1385.51034274275,9321.54044889036,9887.37401398453,43.8955855419034,136745.814373201,37869.8983571513,43.8955855419034,35702.6839312711,145046.520901562,43.8955855419034,23065.585377916,24390.2360388719,87.1557511163837,338369.207728233,93417.7020503732,87.1557511163837,88344.1217632126,357801.664668757,87.1557511163837,9321.54044889036,9887.37401398453,43.8955855419034,136745.814373201,41300.9830130949,43.8955855419034,35702.6839312711,145046.520901562,43.8955855419034,2
23747.9396619605,-27.4552596502062,11240.1498844581,165.8166803271,11289.021687906,162.876441654024,4710.59450556933,78.6069112813099,2290.5709504168,-99.934869409112,2290.55351280489,-99.9344265683182,1271.17287550825,-51.8182964287632,22.6104476426991,79.1932829070984,1064.12612326038,143.539049164405,442.404414980817,-80.2301487354864,0.305841471400435,-144.411442798018,442.540447322286,99.7340732335409,4062.99972216916,-101.590755281766,1.21043315498606,104.29372134647,4061.91089870199,78.4017909645531,0.840301317595557,1.02646574934996,1.00110253717679,1.03229567448293,0.186164431754406,0.0311931373061398,563895.362799379,473842.016346343,1634.90403554614,8272273.34688567,1814875.1095087,1634.90403554614,2159790.86490283,6951202.19289864,1634.90403554614,12681.6081789819,13017.2364424012,58.2133262720971,186037.581181461,49857.6690097396,58.2133262720971,48572.1701297031,190961.205174683,58.2133262720971,24188.0727577721,24214.7410072225,116.948653724084,354835.955013585,92745.5337879661,116.948653724084,92643.3910051988,355227.17484565,116.948653724084,12681.6081789819,13017.2364424012,58.2133262720971,186037.581181461,37922.6153765571,58.2133262720971,48572.1701297031,190961.205174683,58.2133262720971,2
2808.69548032784,-14.7282708696225,1360.46946912185,-173.466476614876,1349.34889173724,-178.401431932853,534.133521956362,88.0681867545181,259.631731142997,-90.3807294266167,259.636737829824,-90.3793792255893,710.877475984507,-82.0337237439267,0.725130569508522,88.6545319862709,710.807186472118,97.96718822669,56.1764247085367,-80.7855450784997,0.0961682931473517,139.924731810976,56.1037772928549,99.150357028102,461.751783030786,-91.467627932628,1.20980365433888,104.345155047317,460.587890110732,88.4913626664241,0.979640486184235,1.35263749992939,1.11828819043397,1.00029510102851,0.372997013745159,0.117993089405467,532700.918705421,521855.386991367,300.651246643326,7814654.81431197,1998772.41768573,300.651246643326,2040312.18173831,7655552.24165455,300.651246643326,1446.56863479116,1956.68298164019,6.71227751316625,21220.9781307974,7494.34435544531,6.71227751316625,5540.541612839,28704.2908048981,6.71227751316625,22253.0309477789,24885.3017102628,0.217978850857902,326449.13744791,95313.8664545083,0.217978850857902,85231.9350859997,365064.215185354,0.217978850857902,1446.56863479116,1956.68298164019,6.71227751316625,21220.9781307974,42314.9910860239,6.71227751316625,5540.541612839,28704.2908048981,6.71227751316625,2
5.65523622658224e+49,4.24715682774831,2.80453748863347e+49,-175.752843172252,2.80061392351088e+49,-175.752843172252,6.28148667148106e+47,-175.752843172252,3.12423914031911e+47,4.2471568277483,3.12423688174444e+47,4.2471568277483,2.16029899202015e+48,4.24715682774831,4.06564044548023e+45,4.24715682774846,2.16419091899758e+48,-175.752843172252,8.36361273626731e+46,4.2471568277483,5.07433581551087e+41,4.2471568279953,8.3636689774112e+46,-175.752843172252,4.51946454035284e+71,-175.752843172252,8.77241475119914e+64,4.24715682788318,4.51946368478985e+71,4.2471568277483,1.00092114772999,1.00000047522995,0.205230451048742,0.207028123977045,0.000920672500045905,0.00179767292830374,1.53903830370518e+50,1.54045598534501e+50,1.66949381459645e+47,2.25774964283685e+51,5.90014209093034e+50,1.66949381459645e+47,5.89471219017741e+50,2.25982936379524e+51,1.66949381459645e+47,1.7172301430473e+48,1.71723095912648e+48,1.10035498058387e+45,2.51915480777819e+49,6.57721269428002e+48,1.10035498058387e+45,6.57720956859308e+48,2.51915600495599e+49,1.10035498058387e+45,9.85751165905231e+48,2.02306156400553e+48,5.79044893492786e+43,1.44608443947791e+50,7.74858275724058e+48,5.79044893492786e+43,3.77555217446768e+49,2.96780561768618e+49,5.79044893492786e+43,1.7172301430473e+48,1.71723095912648e+48,1.10035498058387e+45,2.51915480777819e+49,3.02191370987205e+47,1.10035498058387e+45,6.57720956859308e+48,2.51915600495599e+49,1.10035498058387e+45,2
1.03235446094805e+99,2.66185873624009,5.05643583960288e+98,-177.33814126376,5.04846102432974e+98,-177.33814126376,6.02542156003716e+96,-177.33814126376,3.00017881340286e+96,2.66185873624009,3.00017918509342e+96,2.66185873624009,3.86497960613416e+97,2.66185873624009,1.12051033059409e+94,-177.33814126376,3.86399915355581e+97,-177.33814126376,8.72527139033533e+95,2.66185873624009,8.55055874022774e+90,2.6618587359457,8.72535009255553e+95,-177.33814126376,4.8004046818339e+145,-177.33814126376,5.69085775862647e+138,-177.338141263836,4.80040522124431e+145,2.6618587362401,1.00104020819337,0.999999918569059,0.207313535479632,0.207024468034217,0.00104028962431446,0.000289067445415375,2.77011762986894e+99,2.77299912892414e+99,7.28825818492986e+96,4.06372737728217e+100,1.06209388871401e+100,7.28825818492986e+96,1.06099023797537e+100,4.06795449979565e+100,7.28825818492986e+96,1.64926306468564e+97,1.64926293038459e+97,8.35452051362679e+93,2.41944796713214e+98,6.31688651097282e+97,8.35452051362679e+93,6.31688702536288e+97,2.41944777011422e+98,8.35452051362679e+93,1.76078962908046e+98,3.65035523240541e+97,4.66859174127827e+92,2.58305602050095e+99,1.39813242042999e+98,4.66859174127827e+92,6.74404793297906e+98,5.35502475952001e+98,4.66859174127827e+92,1.64926306468564e+97,1.64926293038459e+97,8.35452051362679e+93,2.41944796713214e+98,3.15253585101528e+96,8.35452051362679e+93,6.31688702536288e+97,2.41944777011422e+98,8.35452051362679e+93,2
19533.2265763769,-11.1392382926778,11021.3368913503,141.575663970021,10896.3295950508,142.778543982823,4004.33001127645,80.1055886869382,1946.89440420927,-98.42117520041,1946.92205894395,-98.4213761030021,910.945067800665,-34.6765097903392,29.3843279572923,-99.2968553123073,924.562025013336,143.599137134649,407.751055742002,-78.5398100655923,0.359858186936027,68.2725970045526,407.44881992729,101.487949342027,3455.15795460651,-99.8718651556738,1.21093200706126,104.261355195227,3454.05283944464,80.1199221116829,0.861324899565801,1.03508083666854,1.00521612545563,1.02366851625514,0.173755937102741,0.0184523907995156,539858.978374825,464993.980328392,3282.8162736225,7919662.64045312,1780986.00769195,3282.8162736225,2067728.45948115,6821402.6283833,3282.8162736225,10797.3786028534,11176.1596780685,49.7748299676352,158396.172632467,42806.1111507589,49.7748299676352,41355.3315203211,163952.842893508,49.7748299676352,24198.9479124717,24325.1726606774,0.469548943417338,354995.492151678,93168.5010476078,0.469548943417338,92685.0442290488,356847.193174923,0.469548943417338,10797.3786028534,11176.1596780685,49.7748299676352,158396.172632467,41256.0033907702,49.7748299676352,41355.3315203211,163952.842893508,49.7748299676352,2
10061.3654735196,-14.8847621528319,4917.91582713132,168.513795037785,4901.04560237793,170.447052757964,1973.47937757189,84.7596074278295,959.3166914915,-93.7191618639618,959.336668260482,-93.7195526999899,1041.54635291518,-71.0558434265604,15.4753660917787,-94.6978557285243,1054.6163331983,108.633680600656,226.247902921809,-87.6108139546979,0.258899129517472,68.4519723072244,226.01148121466,92.4158098606286,1704.82484340733,-94.8595980079363,1.20936229181372,104.359474154693,1703.68293811137,85.1270137048233,0.925625182504539,1.12077698987008,1.145743609097,1.00348489853864,0.19515180736554,0.142258710558352,543921.210359337,503467.169606951,263.456792629677,7979255.06768558,1928343.20945187,263.456792629677,2083287.32396216,7385799.42827673,263.456792629677,5203.78249922802,5832.27968542338,24.9424614660118,76338.8282848306,22338.3720050511,24.9424614660118,19931.1479508877,85558.8021752813,24.9424614660118,21479.6641248235,24610.1878965665,0.408270284251203,315103.944387374,94260.1456033913,0.408270284251203,82269.8419218601,361028.330483089,0.408270284251203,5203.78249922802,5832.27968542338,24.9424614660118,76338.8282848306,44999.0898583733,24.9424614660118,19931.1479508877,85558.8021752813,24.9424614660118,2
5067.19278364308,-11.4756526273645,2533.06564386559,164.528462131964,2542.62365019853,163.627921053163,984.21952144733,87.0007781063716,478.407255243703,-91.4573255038793,478.416572915935,-91.4569089986335,841.512804858285,-77.906125678443,2.12811199501708,-92.4337132818075,843.520334724217,102.058541598024,111.432015147302,-81.9998398247749,0.120597528512912,108.956758881442,111.313111019828,97.988409986891,850.508416865069,-92.5135899337769,1.20924580813266,104.340135367013,849.351158256976,87.4627594676569,0.96230787666113,1.22308888124292,1.13285217603677,1.00106864469472,0.260781004581785,0.131783531342052,534070.017172893,513939.78421402,133.039844515829,7834739.31492838,1968454.65361716,133.039844515829,2045556.00277014,7539431.35434221,133.039844515829,2613.33652903481,3196.34285160843,12.4426480355712,38337.3149377515,12242.3991176843,12.4426480355712,10009.4108493926,46889.9436370717,12.4426480355712,21877.2234061617,24783.6601413129,0.0181467349132167,320936.088547055,94924.5663350275,0.0181467349132167,83792.5444669371,363573.146279261,0.0181467349132167,2613.33652903481,3196.34285160843,12.4426480355712,38337.3149377515,45378.5642650766,12.4426480355712,10009.4108493926,46889.9436370717,12.4426480355712,2
3313.88072353943,-6.29181487909464,1687.95203051399,163.132962981456,1678.90790775978,164.309414556772,646.890929302498,87.7483221775141,314.432786008059,-90.7033507933013,314.438473328548,-90.7021500116336,718.914499663864,-80.4889248285603,1.89263309977272,-91.6711270089576,720.555386911968,99.4852797810525,72.4479844324394,-77.6855503463368,0.105533354412065,138.349339969849,72.3626363185432,102.265299953252,559.208181401163,-91.7518061843116,1.20937238683723,104.316352730242,558.046154127912,88.2138262829803,0.974683937432691,1.2921144431806,1.11698109431511,1.00067457793499,0.317430505747906,0.116306516380128,531563.811979215,518106.709256631,196.471809104801,7797973.6030726,1984414.50580869,196.471809104801,2035956.91854287,7600559.61543899,196.471809104801,1777.59002810189,2296.84974936426,8.12361841032189,26077.0199246853,8797.22628344472,8.12361841032189,6808.39559519973,33694.4940797941,8.12361841032189,22254.3275521759,24857.6631424764,0.0733524403097449,326468.158469721,95208.0072292653,0.0733524403097449,85236.9012455335,364658.760906548,0.0733524403097449,1777.59002810189,2296.84974936426,8.12361841032189,26077.0199246853,45514.0579085022,8.12361841032189,6808.39559519973,33694.4940797941,8.12361841032189,2
2.92839901802585e+141,2.24313771486962,1.46052724098111e+141,-177.75686228513,1.4628558510116e+141,-177.75686228513,1.3129214315043e+139,-177.75686228513,6.53922228673345e+138,2.24313771486962,6.53921679633277e+138,2.24313771486962,1.09655865990303e+140,2.24313771486962,6.8245770031684e+136,2.24313771486961,1.08691309195861e+140,-177.75686228513,2.05613059847735e+138,2.24313771486962,8.9933252085794e+132,2.24313771504091,2.05613444621723e+138,-177.75686228513,3.019998194245e+209,-177.75686228513,7.22628738220941e+202,2.24313771483653,3.01999740686296e+209,2.24313771486962,0.998953740850482,1.00000055184591,0.205880764042697,0.207029561320352,0.00104681099542336,0.00114879727765485,8.0418384511648e+141,8.03342460410632e+141,1.67197534437978e+138,1.17972748612935e+143,3.07690366306619e+142,1.67197534437978e+138,3.08012627336137e+142,1.17849318545305e+143,1.67197534437978e+138,3.59487724820151e+139,3.59487923201979e+139,1.6925077325589e+136,5.27363926136826e+140,1.37688440763213e+140,1.6925077325589e+136,1.37688364780452e+140,5.27364217160449e+140,1.6925077325589e+136,4.94856814697434e+140,1.01881499101643e+140,3.44267521491195e+137,7.25948661543212e+141,3.902190824375e+140,3.44267521491195e+137,1.89536445647042e+141,1.4945886509429e+141,3.44267521491195e+137,3.59487724820151e+139,3.59487923201979e+139,1.6925077325589e+136,5.27363926136826e+140,7.42916149537087e+138,1.6925077325589e+136,1.37688364780452e+140,5.27364217160449e+140,1.6925077325589e+136,2
9.72380980173107e+21,9.04209472855725,4.69785046721171e+21,-170.957905271443,4.69067177603004e+21,-170.957905271443,2.57325663521795e+20,-170.957905271443,1.27581328886068e+20,9.04209472855725,1.27581473108366e+20,9.04209472855725,3.36645999994783e+20,9.04209472855725,2.1727114228191e+18,9.04209472855715,3.38622702733232e+20,-170.957905271443,3.51573056750905e+19,9.04209472855728,3005039074982930.0,-170.95790527114,3.51544974972965e+19,-170.957905271443,8.43004935879676e+29,-170.957905271443,2.26487190354853e+23,9.0420947283762,8.43004744767365e+29,9.04209472855726,1.00100952341455,0.999999256593277,0.200850543062971,0.207116033223761,0.00101026682126926,0.00626549016078998,2.56937044512934e+22,2.57196428475434e+22,1.11762519496439e+20,3.76923380713827e+23,9.85094989874048e+22,1.11762519496439e+20,9.84101516351002e+22,3.77303893692148e+23,1.11762519496439e+20,7.00977012197754e+20,7.0097649108673e+20,7.20953842453461e+17,1.02832437315965e+22,2.68482899814056e+21,7.20953842453461e+17,2.68483099406197e+21,1.02832360869639e+22,7.20953842453461e+17,1.54086142562871e+21,3.09482854122311e+20,6.53362281233012e+16,2.26042413954157e+22,1.18535864146702e+21,6.53362281233012e+16,5.9016949787155e+21,4.54007415979574e+21,6.53362281233012e+16,7.00977012197754e+20,7.0097649108673e+20,7.20953842453461e+17,1.02832437315965e+22,1.27074637394601e+20,7.20953842453461e+17,2.68483099406197e+21,1.02832360869639e+22,7.20953842453461e+17,2
9419.75147439808,-19.4356961996169,4509.88997247751,-178.583783778811,4486.60607353908,175.204045265773,1811.57494830933,84.9584299727504,880.594516608974,-93.5221086133832,880.601897418631,-93.5217714231514,1008.70244286654,-72.0704925629298,0.482690896459582,-94.4845124397878,1008.88838866975,107.925131522374,198.830846880511,-72.8562222573463,0.113803621597859,119.839198118355,198.7202812123,107.136514910319,1563.97633203332,-94.5638667896836,1.21001414671501,104.26089898192,1562.83111377141,85.4218190413846,0.934090717206069,1.09145994406243,1.14144957935676,1.00551665121316,0.157369226856365,0.135932928143596,545319.459084986,509377.84464312,955.606748889635,7999767.1988868,1950981.84560797,955.606748889635,2088642.79418544,7472508.28028975,955.606748889635,4933.03638757098,5384.21161963618,22.8040709617987,72367.0172167012,20622.2143999634,22.8040709617987,18894.155953362,78985.700563306,22.8040709617987,21591.8882375786,24646.0517463022,0.0938052286402473,316750.257866906,94397.5087032664,0.0938052286402473,82699.674528298,361554.448603323,0.0938052286402473,4933.03638757098,5384.21161963618,22.8040709617987,72367.0172167012,45121.6143828833,22.8040709617987,18894.155953362,78985.700563306,22.8040709617987,2
7965.38683956778,-26.1766895672482,3746.81115051768,-168.899570503714,3735.26939787581,-169.591103782112,1455.30860744397,85.8963610195585,707.401797988224,-92.5720181025615,707.401836511903,-92.571063143504,906.421853595253,-73.533454489032,6.77770613081561,86.4697351524589,898.939982389928,106.640184235767,176.460942818456,-83.1959190848958,0.142673921955347,178.117035765399,176.43930147733101,96.7582901953987,1257.76009510409,-93.6423794791912,1.20860060139974,104.336518791156,1256.61055831994,86.3406109039716,0.944789963823485,1.16334783019218,1.12925529045078,1.00242817902026,0.218557866368693,0.126827111430528,545220.392795077,515118.755184687,1636.22429666614,7998313.90899713,1972970.26218644,1636.22429666614,2088263.3577118,7556726.70873027,1636.22429666614,3861.09267484942,4491.79378545698,18.4044107271204,56641.7391082109,17204.1407411056,18.4044107271204,14788.4753765033,65894.0442898486,18.4044107271204,21860.5954603388,24686.193075992,0.39619853605984,320692.158693896,94551.2550946868,0.39619853605984,83728.8573223715,362143.316811165,0.39619853605984,3861.09267484942,4491.79378545698,18.4044107271204,56641.7391082109,48410.7891162561,18.4044107271204,14788.4753765033,65894.0442898486,18.4044107271204,2
6.05241985644805e+101,2.62196367970579,3.02001239391604e+101,-177.378036320294,3.01901781692174e+101,-177.378036320294,3.47764604220641e+99,-177.378036320294,1.73163386893562e+99,2.62196367970579,1.73163359521011e+99,2.62196367970578,2.25117951945538e+100,2.62196367970578,9.97778202887401e+96,-177.378036320294,2.24998141937974e+100,-177.378036320294,5.40802221164103e+98,2.62196367970579,1.05471783298197e+94,2.62196367953727,5.40810085710492e+98,-177.378036320294,7.00911693709954e+149,-177.378036320294,7.97990487776685e+142,-177.378036320333,7.00911743924605e+149,2.62196367970578,1.00021647118701,1.00000010389939,0.207453145091945,0.207014938471037,0.000216367287610542,0.000438206620907849,1.66010730376075e+102,1.66046666915935e+102,4.46321520342036e+98,2.43535632811297e+103,6.35979825356696e+102,4.46321520342036e+98,6.35842183844411e+102,2.4358835125881e+103,4.46321520342036e+98,9.51919217252805e+99,9.51919316156635e+99,4.7928593535598e+96,1.39645340053457e+101,3.64597189264547e+100,4.7928593535598e+96,3.64597151383123e+100,1.39645354562523e+101,4.7928593535598e+96,1.02531945766281e+101,2.12705746216117e+100,6.67739575838823e+95,1.5041306208941e+102,8.14690025662358e+100,6.67739575838823e+95,3.92710375782098e+101,3.12036627933581e+101,6.67739575838823e+95,9.51919217252805e+99,9.51919316156635e+99,4.7928593535598e+96,1.39645340053457e+101,1.95389381524884e+99,4.7928593535598e+96,3.64597151383123e+100,1.39645354562523e+101,4.7928593535598e+96,2
1.18316741254753e+209,1.97834591295486,5.90277592885035e+208,-178.021654087045,5.89563030430497e+208,-178.021654087045,4.26211617776524e+206,-178.021654087045,2.12321002953118e+206,1.97834591295485,2.12321083436414e+206,1.97834591295486,4.39107747402207e+207,1.97834591295486,1.84571441949988e+202,-178.021654087046,4.39099302573674e+207,-178.021654087045,7.17085201717127e+205,1.97834591295486,7.85198481600722e+200,-178.021654087052,7.17074973167454e+205,-178.021654087045,,,,,,,1.00079634884245,0.999999750860588,0.207037044362262,0.207044181308233,0.000796597981862268,7.1369459709314e-06,3.24216183846016e+209,3.24474373028726e+209,1.10892974400025e+206,4.75621023543083e+210,1.24277806308516e+210,1.10892974400025e+206,1.24178916572047e+210,4.75999783794627e+210,1.10892974400025e+206,1.16724270584529e+207,1.16724241503913e+207,5.23177128997658e+203,1.712330223284e+208,4.47068671147337e+207,5.23177128997658e+203,4.47068782529791e+207,1.71232979667506e+208,5.23177128997658e+203,2.0008101055847e+208,4.14241810590402e+207,2.19970470446097e+202,2.93516301081845e+209,1.58659875110955e+208,2.19970470446097e+202,7.66335684513253e+208,6.07687474481289e+208,2.19970470446097e+202,1.16724270584529e+207,1.16724241503913e+207,5.23177128997658e+203,1.712330223284e+208,2.59110418384184e+206,5.23177128997658e+203,4.47068782529791e+207,1.71232979667506e+208,5.23177128997658e+203,2
1.7007330840093e+73,3.19989385790471,8.4208077114076e+72,-176.800106142095,8.39505233981012e+72,-176.800106142095,1.29733196003879e+71,-176.800106142095,6.45715730382481e+70,3.19989385790471,6.45716463677995e+70,3.19989385790471,6.29326560554215e+71,3.1998938579047,9.23497429608213e+68,3.1998938579047,6.2510446840798e+71,-176.800106142095,2.3585866461301e+70,3.1998938579047,1.06297798854689e+66,-176.800106142103,2.35848853828094e+70,-176.800106142095,8.71058992756777e+106,-176.800106142095,6.45463248171411e+99,3.19989385829663,8.71058958259892e+106,3.19989385790471,1.00201721185995,0.999999253528953,0.20514064925926,0.207077232391024,0.00201795833099527,0.00193658313176348,4.61332612636773e+73,4.62263218254365e+73,6.38235962917556e+70,6.76769082941024e+74,1.77052684208997e+74,6.38235962917556e+70,1.76696250437007e+74,6.78134269561579e+74,6.38235962917556e+70,3.54947326979638e+71,3.54947062021736e+71,1.96658865943709e+68,5.20703220176439e+72,1.3594923325365e+72,1.96658865943709e+68,1.35949334735892e+72,5.20702831486561e+72,1.96658865943709e+68,2.84577982614599e+72,5.83785121184493e+71,1.71519652528123e+69,4.17472285816753e+73,2.23597116589349e+72,1.71519652528123e+69,1.08996982020255e+73,8.56405357601963e+72,1.71519652528123e+69,3.54947326979638e+71,3.54947062021736e+71,1.96658865943709e+68,5.20703220176439e+72,8.52367114973724e+70,1.96658865943709e+68,1.35949334735892e+72,5.20702831486561e+72,1.96658865943709e+68,2
47658014037.078,22.2111261601957,23823910919.4918,-157.788873227559,24631130530.9739,-157.788868790236,3419540406.04573,-157.788737200429,1682149246.75553,22.2112611306741,1682150893.08316,22.2112611305441,2216412852.44088,22.2111384089353,2602866.05871121,-157.788737833772,2184559569.12623,-157.788863395631,478736219.977467,22.2112527247111,25161.9799609914,-157.788843861718,478710318.448225,-157.788747270227,9378390861888.12,-157.788881379391,791155.817925844,22.2112052922441,9378389959212.31,22.2111186206016,0.978385649965172,0.999999382343266,0.207395421493545,0.207082461287419,0.0216137323780939,0.000312960206125285,134975879969.95,132058464054.02,265675802.775278,1980079014668.37,505800691250.668,265675802.775278,516974764775.703,1937280893748.71,265675802.775278,9233414392.94314,9233408689.86256,18413422.3729707,135453016326.131,35365128099.7936,18413422.3729707,35365149943.3166,135452932662.664,18413422.3729707,9946939044.98807,2062949615.8059,9750139.08533547,145920332340.498,7901359062.17332,9750139.08533547,38098039991.7809,30263208830.2358,9750139.08533547,9233414392.94314,9233408689.86256,18413422.3729707,135453016326.131,1730134608.02092,18413422.3729707,35365149943.3166,135452932662.664,18413422.3729707,2
3.98826336351008e+77,3.08068035519694,1.98217503658022e+77,-176.919319644803,1.98525808174656e+77,-176.919319644803,2.89466364379865e+75,-176.919319644803,1.44088118305678e+75,3.08068035519694,1.44088092800396e+75,3.08068035519694,1.49458842865379e+76,3.08068035519694,1.68866078911277e+73,3.08068035519698,1.49627712767459e+76,-176.919319644803,4.51740234083173e+74,3.08068035519694,8.75178991969824e+69,-176.91931964453,4.51731313972405e+74,-176.919319644803,3.20247346689261e+113,-176.919319644803,7.16623040990658e+106,3.08068035508062,3.20247274007937e+113,3.08068035519694,0.998978848675054,1.00000011635175,0.205953441204025,0.207052414686537,0.00102126767669708,0.00109897348251126,1.09090675647364e+78,1.08979277559387e+78,6.94341506110065e+74,1.60034635516678e+79,4.1740447548283e+78,6.94341506110065e+74,4.17831144309445e+78,1.59871215936583e+79,6.94341506110065e+74,7.92054483371977e+75,7.92054575528903e+75,4.30051091263679e+72,1.16193386651601e+77,3.0336696301942e+76,4.30051091263679e+72,3.03366927722147e+76,1.16193400170905e+77,4.30051091263679e+72,6.81637973117005e+76,1.40385686218784e+76,1.27438943225078e+68,9.99954248470579e+77,5.37695009856498e+76,1.27438943225078e+68,2.6107600179588e+77,2.05944018519101e+77,1.27438943225078e+68,7.92054483371977e+75,7.92054575528903e+75,4.30051091263679e+72,1.16193386651601e+77,1.63237008748268e+75,4.30051091263679e+72,3.03366927722147e+76,1.16193400170905e+77,4.30051091263679e+72,2
2.46603730997879e+20,9.80656609171871,1.20440537788681e+20,-170.193433908281,1.20687303956937e+20,-170.193433908281,7.11993871941144e+18,-170.193433908281,3.52829320295964e+18,9.80656609171875,3.52828673592248e+18,9.80656609171874,1.00608235661454e+19,9.80656609171872,5613940629191210.0,9.80656609171762,1.00783185733951e+19,-170.193433908281,1.12305977429053e+18,9.80656609171879,74612809265031.0,9.80656609138675,1.12312297694829e+18,-170.193433908281,3.37863564249773e+27,-170.193433908281,9.40796782088692e+19,9.80656608874495,3.37863525172154e+27,9.80656609171872,0.998652564952305,1.00000120545061,0.206569108454054,0.206969716855745,0.00134864049830119,0.000400608401690622,6.61722082145688e+20,6.60830454620371e+20,1.82529641742017e+18,9.70737889385158e+21,2.53106457916812e+21,1.82529641742017e+18,2.53447962584365e+21,9.69429883130875e+21,1.82529641742017e+18,1.93844635549094e+19,1.93844869219227e+19,2.11195935097751e+16,2.84367618156853e+20,7.42450471076001e+19,2.11195935097751e+16,7.4244957608971e+19,2.8436796094797e+20,2.11195935097751e+16,4.59217758875708e+19,9.48602030372238e+18,3960355540199180.0,6.73666619336184e+20,3.63326626673316e+19,3960355540199180.0,1.75886234583874e+20,1.39158712951532e+20,3960355540199180.0,1.93844635549094e+19,1.93844869219227e+19,2.11195935097751e+16,2.84367618156853e+20,4.05680584103062e+18,2.11195935097751e+16,7.4244957608971e+19,2.8436796094797e+20,2.11195935097751e+16,2
2.25013852620434e+20,9.82303415211494,1.13566552676057e+20,-170.176965847885,1.1504718180785e+20,-170.176965847885,6.62314607476607e+18,-170.176965847885,3.28205414290548e+18,9.82303415211497,3.28205282782631e+18,9.82303415211497,8.52405787163897e+18,9.82303415211494,3.36291469818978e+16,-170.176965847885,8.49555850174057e+18,-170.176965847885,1.10476025950813e+18,9.82303415211491,23200431221439.0,9.82303415106522,1.10478298087824e+18,-170.176965847885,3.02723532862422e+27,-170.176965847885,1.82547907800551e+20,-170.176965847947,3.02723549917947e+27,9.82303415211494,0.991542527780477,1.00000026352098,0.21085438758891,0.207013767806292,0.00845773574050224,0.00384061978261768,6.32562671060704e+20,6.272127898431e+20,1.19996062115759e+18,9.27961403703182e+21,2.40230465299163e+21,1.19996062115759e+18,2.42279537759119e+21,9.20113195910573e+21,1.19996062115759e+18,1.80316120923136e+19,1.80316168440217e+19,1.96797013447608e+16,2.64521459038307e+20,6.906338286914e+19,1.96797013447608e+16,6.90633646694945e+19,2.64521528745261e+20,1.96797013447608e+16,3.87445033855632e+19,8.16944853379937e+18,1709925694499000.0,5.68376943381151e+20,3.12900255589992e+19,1709925694499000.0,1.48396369251768e+20,1.19844772316289e+20,1709925694499000.0,1.80316120923136e+19,1.80316168440217e+19,1.96797013447608e+16,2.64521459038307e+20,3.99145010269132e+18,1.96797013447608e+16,6.90633646694945e+19,2.64521528745261e+20,1.96797013447608e+16,2
1.76964624676558e+48,4.35222655051594,8.87760007981339e+47,-175.647773449484,8.89445392142476e+47,-175.647773449484,2.03841226915156e+46,-175.647773449484,1.0137562287082e+46,4.35222655051594,1.01375638548423e+46,4.35222655051594,6.69970137911294e+46,4.35222655051594,9.26108422704838e+43,-175.647773449484,6.74609945710127e+46,-175.647773449484,3.89439557088385e+45,4.35222655051594,1.55045495382869e+40,4.35222655027706,3.8944348697923e+45,-175.647773449484,2.52593594753866e+69,-175.647773449484,2.33356350257341e+62,-175.64777344892,2.52593634198118e+69,4.35222655051594,0.998755392985626,0.99999989833667,0.208824867594624,0.207030436774678,0.00124450535104381,0.00179443081994604,4.89287942415246e+48,4.88678971210068e+48,2.51971778607782e+45,7.17779196640458e+49,1.87170253121078e+49,2.51971778607782e+45,1.87403496827748e+49,7.16885843617547e+49,2.51971778607782e+45,5.57202675394488e+46,5.57202618747408e+46,3.63321831970948e+43,8.17409247275386e+47,2.13415680507865e+47,3.63321831970948e+43,2.13415702204416e+47,8.17409164174839e+47,3.63321831970948e+43,3.0766730634401e+47,6.42485845104827e+46,1.85530540717909e+44,4.51344030449698e+48,2.46080239461106e+47,1.85530540717909e+44,1.17840486286721e+48,9.42518573982824e+47,1.85530540717909e+44,5.57202675394488e+46,5.57202618747408e+46,3.63321831970948e+43,8.17409247275386e+47,1.40713213376672e+46,3.63321831970948e+43,2.13415702204416e+47,8.17409164174839e+47,3.63321831970948e+43,2
21764.6556497737,-18.408221668713,11285.1536068086,150.104358667669,11114.0251081862,152.732114182504,4438.15208563093,79.3225383193384,2158.0209718841,-99.2096475711438,2158.02399701994,-99.2094542774752,1292.98856738083,-55.5169285813755,1.91831043828908,-100.165361904878,1546.25638540011,115.82610134597,436.146031017579,-93.3124168194881,0.0926523348329705,152.960198637245,436.108071969203,86.6764503001968,3830.14687969993,-100.848846788679,1.20986822640191,104.378478382833,3829.05240577299,79.1434371829251,0.84566071247152,1.0430399960949,1.17831110915436,1.01965089050284,0.197379283623375,0.158660218651523,550812.594684384,465800.571259083,1324.49636511777,8080350.8003978,1784075.3534088,1324.49636511777,2109682.2012633,6833235.21488422,1324.49636511777,11812.6232685029,12321.0385278497,55.0936461252359,173289.682922262,47191.1425666986,55.0936461252359,45243.847545042,180748.070198522,55.0936461252359,20588.3786682335,24259.5153042562,109.763674856482,302028.899949317,92917.0250327881,109.763674856482,78856.1054130023,355884.008095951,109.763674856482,11812.6232685029,12321.0385278497,55.0936461252359,173289.682922262,37879.0624906142,55.0936461252359,45243.847545042,180748.070198522,55.0936461252359,2
6435.07027839368,-11.3475824705042,3310.95573740021,158.465462936977,3199.05198587592,165.941667408611,1256.84627587228,86.389422902163,610.948630580149,-92.0755008533177,610.966735496328,-92.0759483645403,812.38123443555,-73.7488898067188,8.2730810217105,-93.0523954167673,891.265587563294,104.484002663774,122.102317021283,-82.7485196689653,0.226252219270779,73.1403928901368,121.896594881885,97.2948591108289,1084.93803954381,-93.1475088271273,1.21028570037511,104.351175366534,1083.78385896065,86.8332523718891,0.950228452910204,1.15430670783307,1.13507155996594,1.00175899218839,0.204078254922865,0.133312567777552,536638.48333254,509929.155789158,247.266481859129,7872418.3872466,1953093.43732424,247.266481859129,2055393.55440539,7480595.94477518,247.266481859129,3328.34011773818,3841.92532385508,15.9099111767505,48826.3267650446,14715.0619875788,15.9099111767505,12747.9654131117,56360.5565037403,15.9099111767505,21811.7837608909,24757.9354191142,24.953945543067,319976.097263006,94826.0373814802,24.953945543067,83541.9023134767,363195.767872133,24.953945543067,3328.34011773818,3841.92532385508,15.9099111767505,48826.3267650446,38844.3888824947,15.9099111767505,12747.9654131117,56360.5565037403,15.9099111767505,2
7616.57934449471,-11.8879569533277,3922.40133656449,157.756885651983,3745.31196680301,169.330570025268,1492.92451725879,85.8081444863783,725.713110565703,-92.6631083790119,725.717904047151,-92.66261531041,831.049913463046,-71.1325529579772,7.0954045942708,-93.6229053384091,837.770485397972,108.677285645452,143.258905795406,-79.9115194934857,0.0915343191614078,143.091807854007,143.190745127978,100.063620382349,1288.4070820289,-93.7316708634392,1.21010998870547,104.335200289553,1287.25663035249,86.2516250910957,0.940198881600154,1.12020137585505,1.11348126573106,1.00310946603249,0.180002494254894,0.110371799698576,539270.753264839,507021.759099274,210.118356245105,7911033.45280534,1941957.73870759,210.118356245105,2065475.48259418,7437944.80462898,210.118356245105,3989.6446660278,4469.20544405709,18.8728242809714,58527.5804902624,17117.6245243972,18.8728242809714,15280.8458312519,65562.676190659,18.8728242809714,22210.2261767039,24730.6707554095,0.0577950998443814,325821.196893256,94721.6102563627,0.0577950998443814,85067.9873757667,362795.798718712,0.0577950998443814,3989.6446660278,4469.20544405709,18.8728242809714,58527.5804902624,38781.7050332656,18.8728242809714,15280.8458312519,65562.676190659,18.8728242809714,2
3.46548963625438e+93,2.74855068519448,1.73356142155717e+93,-177.251449314806,1.74299952516732e+93,-177.251449314806,2.14263738367124e+91,-177.251449314806,1.06679929311191e+91,2.74855068519448,1.06679991968394e+91,2.74855068519448,1.30672934052432e+92,2.74855068519447,1.36906632711072e+89,-177.251449314805,1.32178447576119e+92,-177.251449314806,2.86132659895134e+90,2.74855068519448,6.95248283427156e+85,-177.251449314812,2.86127632583005e+90,-177.251449314806,2.88870791080924e+137,-177.251449314806,4.63160132964535e+129,-177.251449312049,2.88870809931959e+137,2.74855068519447,0.99644074691453,0.999999613947574,0.208744144816142,0.207057540112948,0.00355886703304409,0.00168660470319437,9.58128414789878e+93,9.54718193273261e+93,3.69043682336791e+90,1.40556221445289e+95,3.6566919475125e+94,3.69043682336791e+90,3.6697535290838e+94,1.40055946280428e+95,3.69043682336791e+90,5.86438624354373e+91,5.8643839795832e+91,3.01272362513026e+88,8.60298013047666e+92,2.24613355295361e+92,3.01272362513026e+88,2.24613442007925e+92,8.60297680927531e+92,3.01272362513026e+88,6.029641575061e+92,1.25865237413397e+92,5.47473385465847e+89,8.84540760275708e+93,4.82079846560107e+92,5.47473385465847e+89,2.30942931110577e+93,1.84642704558773e+93,5.47473385465847e+89,5.86438624354373e+91,5.8643839795832e+91,3.01272362513026e+88,8.60298013047666e+92,1.03397407905906e+91,3.01272362513026e+88,2.24613442007925e+92,8.60297680927531e+92,3.01272362513026e+88,2
17547.7247684009,-22.3038928375423,8389.21780322258,173.456840647667,8398.54305489341,168.890273469043,3458.02352570466,81.4460492672932,1681.22439891229,-97.0658222803799,1681.22968412756,-97.0656646852704,1161.25621726612,-59.8781933787563,17.4114881898414,-98.0274622652742,983.628766717528,128.796923024265,368.327098884497,-91.126538157775,0.104364695290738,115.061112163821,368.234739135273,88.8662712179092,2985.6200564755,-98.4562020089941,1.21075990696372,104.345360820115,2984.50401320826,81.5347900436435,0.878997209717378,1.06172035947824,1.056232602553,1.01180612969804,0.182723149760862,0.0444264728549597,557435.192768797,489983.979042041,1364.94547866538,8177503.47310088,1876700.87696793,1364.94547866538,2135047.59312187,7188002.73530983,1364.94547866538,9182.05746876243,9748.77735648431,43.2625541059168,134699.616771702,37339.0555545274,43.2625541059168,35168.4464004033,143013.325540432,43.2625541059168,23100.3178828181,24399.3088771706,85.8643973774726,338878.729163462,93452.4521734791,85.8643973774726,88477.1516686732,357934.762054176,85.8643973774726,9182.05746876243,9748.77735648431,43.2625541059168,134699.616771702,41317.4441556047,43.2625541059168,35168.4464004033,143013.325540432,43.2625541059168,2
23306.2556989167,-27.2107493681018,11033.3930465283,166.048127374122,11080.9596103813,163.111239913743,4618.38137333082,78.8041787511046,2245.70235765759,-99.7357983448727,2245.68534774836,-99.7353522827536,1246.84899415079,-51.5682765995204,22.1677237345048,79.3913221275728,1044.13586302068,143.788719424168,433.746443649909,-80.0017861067751,0.300182819316648,-144.559720325887,433.878177146146,99.962283980961,3983.4559321067,-101.363882832627,1.21043869278367,104.293522636078,3982.36501536202,78.6285766472387,0.843020007141148,1.0271599932514,1.00051005180891,1.03109110466796,0.18413998611025,0.0305810528590504,563371.909966698,474933.791563248,1602.81592405835,8264594.36031866,1819056.74726556,1602.81592405835,2157785.97406525,6967218.39665453,1602.81592405835,12434.1713730131,12771.8833835909,57.1162009928738,182407.714667056,48917.9356300147,57.1162009928738,47624.4557336863,187361.906966416,57.1162009928738,24217.5185109799,24229.8707001037,114.658691915024,355267.920472975,92803.4824334585,114.658691915024,92756.1719801524,355449.125518461,114.658691915024,12434.1713730131,12771.8833835909,57.1162009928738,182407.714667056,37945.3923516215,57.1162009928738,47624.4557336863,187361.906966416,57.1162009928738,2
2802.25870425241,-14.7250739157236,1357.35296302369,-173.463624390009,1346.25806352487,-178.398495461086,532.901132895521,88.07109605804,259.032675069552,-90.3777926733768,259.037685233259,-90.3764399590688,709.237474855473,-82.030648418642,0.723458119976875,88.657485762001,709.167346869763,97.9702635416485,56.047099835855,-80.7822957340355,0.0961682952000706,139.896628461186,55.9744176470106,99.1534991724074,460.688350477,-91.4648959259632,1.2098035640374,104.345156352762,459.524442142556,88.4940066878993,0.979686701963238,1.35324950038003,1.11797997931711,1.00029364383639,0.37356279841679,0.117686335480717,532687.329703048,521866.693214383,299.953986934235,7814455.46537323,1998815.72195599,299.953986934235,2040260.13413316,7655718.10251009,299.953986934235,1443.48776440623,1953.39909598741,6.69652572466189,21175.7821535793,7481.76665627956,6.69652572466189,5528.74148793588,28656.1166194875,6.69652572466189,22259.5609784907,24885.7435223409,0.217475915306106,326544.932169015,95315.558650886,0.217475915306106,85256.9459330635,365070.696512421,0.217475915306106,1443.48776440623,1953.39909598741,6.69652572466189,21175.7821535793,42315.4259068889,6.69652572466189,5528.74148793588,28656.1166194875,6.69652572466189,2
2.86413388690398e+49,4.2673600591344,1.42033297962929e+49,-175.732639940866,1.41833398541354e+49,-175.732639940866,3.20034220953032e+47,-175.732639940866,1.59174035171251e+47,4.2673600591344,1.59173919979118e+47,4.2673600591344,1.09338845974059e+48,4.2673600591344,2.07138115258349e+45,4.26736005913419,1.09537133657488e+48,-175.732639940866,4.26053299005264e+46,4.2673600591344,2.59996165774319e+41,4.26736006189533,4.2605617907058e+46,-175.732639940866,1.62586419995424e+71,-175.732639940866,3.15584715635427e+64,4.26736005915889,1.62586389216829e+71,4.2673600591344,1.00092669316737,1.00000047573482,0.205218508791583,0.207028090219659,0.000926217432547727,0.00180958142807566,7.79423374833432e+49,7.80145661149381e+49,8.48897395371629e+46,1.14340419072894e+51,2.98805697546316e+50,8.48897395371629e+46,2.98529052712905e+50,1.14446377558004e+51,8.48897395371629e+46,8.74894579953716e+47,8.74894996171536e+47,5.62088600887912e+44,1.28345923597544e+49,3.35095896355643e+48,5.62088600887912e+44,3.35095736938931e+48,1.2834598465617e+49,5.62088600887912e+44,4.98921208733578e+48,1.02387866460799e+48,2.95014394323366e+43,7.31911075968739e+49,3.92158533741304e+48,2.95014394323366e+43,1.91093160188379e+49,1.50201699578348e+49,2.95014394323366e+43,8.74894579953716e+47,8.74894996171536e+47,5.62088600887912e+44,1.28345923597544e+49,1.53940189748742e+47,5.62088600887912e+44,3.35095736938931e+48,1.2834598465617e+49,5.62088600887912e+44,2
4.35600180911957e+98,2.66745058824731,2.13343489366477e+98,-177.332549411753,2.13005938056305e+98,-177.332549411753,2.55039683247351e+96,-177.332549411753,1.26988896677519e+96,2.66745058824731,1.26988912340114e+96,2.66745058824731,1.6301508314095e+97,2.66745058824731,4.74280414903131e+93,-177.332549411753,1.62973583344674e+97,-177.332549411753,3.69296187848646e+95,2.66745058824731,3.62768236658945e+90,2.66745058872005,3.69299527563882e+95,-177.332549411753,1.31257822254462e+145,-177.332549411753,1.55605519215891e+138,-177.332549411677,1.31257837003599e+145,2.66745058824731,1.00104354099862,0.999999918931296,0.207314528223605,0.207024445568003,0.00104362206731867,0.000290082655602208,1.16876751250768e+99,1.16998716932483e+99,3.0835844963917e+96,1.7145670952898e+100,4.48119946902334e+99,3.0835844963917e+96,4.47652802849416e+99,1.71635631634861e+100,3.0835844963917e+96,6.98085045018345e+96,6.98084988425495e+96,3.53958076572305e+93,1.02408189404091e+98,2.67375417567248e+97,3.53958076572305e+93,2.67375439243028e+97,1.02408181101992e+98,3.53958076572305e+93,7.42656113073227e+97,1.53963401714153e+97,1.97608173809939e+92,1.08946708474052e+99,5.89699384830547e+97,1.97608173809939e+92,2.8444672444495e+98,2.25862354688127e+98,1.97608173809939e+92,6.98085045018345e+96,6.98084988425495e+96,3.53958076572305e+93,1.02408189404091e+98,1.33430734131702e+96,3.53958076572305e+93,2.67375439243028e+97,1.02408181101992e+98,3.53958076572305e+93,2
19222.4512630579,-10.9724547551453,10842.2682535379,141.758605059927,10719.5032923588,142.961216639509,3937.08487195516,80.251527399864,1914.18410915592,-98.2738712502262,1914.21138811712,-98.2740695192902,896.199035441881,-34.4945630557863,28.8907635119398,-99.1503696899108,909.570336953651,143.781598380779,400.913692478567,-78.3710245947114,0.354615698931146,68.6271883912555,400.615234081372,101.656659159082,3397.1325058207,-99.7073599040181,1.21092140730684,104.261689401268,3396.02598736622,80.2843405642994,0.863322815374771,1.03582533774913,1.00478273064467,1.02292114638563,0.172502522374358,0.0181384157409559,539783.809825509,466007.678392278,3227.73642576928,7918559.92738247,1784868.60003547,3227.73642576928,2067440.55438944,6836273.45022168,3227.73642576928,10616.9526239726,10997.308537593,48.9638772542515,155749.346439799,42121.0885652585,48.9638772542515,40664.2771036945,161329.119380211,48.9638772542515,24221.194738265,24337.0381885903,0.461662151149887,355321.850260298,93213.9475266609,0.461662151149887,92770.2523976049,357021.258962259,0.461662151149887,10616.9526239726,10997.308537593,48.9638772542515,155749.346439799,41274.9217138627,48.9638772542515,40664.2771036945,161329.119380211,48.9638772542515,2
5045.9603627158,-11.4650082008017,2522.44678483346,164.539305614731,2531.96337641847,163.638809460478,980.042118944418,87.0105295582289,476.376617751981,-91.4474792804346,476.385925651915,-91.4470600874327,837.942776005783,-77.8955245140003,2.11907812971776,-92.4239480609464,839.941776303675,102.069140864692,110.959682853125,-81.9892419172058,0.120517591926689,109.027318266066,110.840883428656,97.9989014849538,846.902030448551,-92.5037277230481,1.20924574903264,104.340136326101,845.744711903147,87.4725343224137,0.962462609918511,1.22396192248248,1.13219895942222,1.00105944867618,0.261499312563969,0.131139510746036,534039.977514048,513993.510558994,132.483296447895,7834298.63694873,1968660.43234267,132.483296447895,2045440.94706116,7540219.51299871,132.483296447895,2602.37871426559,3185.21245414,12.3895694546286,38176.5651869368,12199.7682816091,12.3895694546286,9967.44102697665,46726.6621199809,12.3895694546286,21890.8281791172,24784.7728852872,0.018069712318235,321135.668838249,94928.8282857885,0.018069712318235,83844.6524754203,363589.470092024,0.018069712318235,2602.37871426559,3185.21245414,12.3895694546286,38176.5651869368,45380.1276157174,12.3895694546286,9967.44102697665,46726.6621199809,12.3895694546286,2
9978.43058919631,-14.8419000456707,4877.4084803635,168.55595712084,4860.69165468982,170.488802486523,1956.7955294355,84.7976304073803,951.205495607358,-93.6807678417436,951.225364278565,-93.6811564562396,1032.76190624134,-71.0124834589557,15.3445287740617,-94.659702017903,1045.72087665705,108.676982316001,224.335704589597,-87.5707092225895,0.257274611214262,68.6351041242779,224.100505893651,92.4558229921959,1690.41782984937,-94.8193433756838,1.20936051535319,104.359511980579,1689.2756472131,85.1671813625876,0.926215174771419,1.12184157070842,1.14424429528599,1.00342027724739,0.195626395936999,0.140824018038602,543788.428641872,503665.094473206,261.216939123587,7977307.17675615,1929101.28682983,261.216939123587,2082778.75311847,7388702.96092449,261.216939123587,5159.20566992045,5787.81139235133,24.7337643572819,75684.8918609894,22168.0527942705,24.7337643572819,19760.4130325389,84906.4579642291,24.7337643572819,21510.6921814662,24613.4868162957,0.40481858300633,315559.122037173,94272.7808849792,0.40481858300633,82388.6833199521,361076.72521649,0.40481858300633,5159.20566992045,5787.81139235133,24.7337643572819,75684.8918609894,45005.2050150359,24.7337643572819,19760.4130325389,84906.4579642291,24.7337643572819,2
3304.70044964098,-6.28731992730433,1683.27283956617,163.137692234747,1674.2541754475,164.314121748379,645.083253999516,87.7525753099889,313.554106426854,-90.6990571932552,313.559796563718,-90.6978534404352,716.905948435169,-80.484383273457,1.88734319423165,-91.6668846842302,718.542247574218,99.4898206775469,72.2459966521903,-77.6807441927808,0.105535343200602,138.330810294105,72.1606217925268,102.269995166637,557.647883396432,-91.7476829003858,1.20937234047155,104.316353413395,556.485832321757,88.2178618150762,0.974753137956224,1.29275021569798,1.11661123001425,1.00067128336916,0.317997077741755,0.115939946645089,531550.581274757,518130.597080025,195.927896081204,7797779.51031876,1984505.99920649,195.927896081204,2035906.24326424,7600910.04677396,195.927896081204,1772.99192338666,2292.03569138888,8.10053809769353,26009.5663125591,8778.78782992255,8.10053809769353,6790.78427009407,33623.8724607717,8.10053809769353,22262.2174164095,24858.2419721816,0.0731474632556972,326583.901775865,95210.2242205585,0.0731474632556972,85267.1204277102,364667.252264802,0.0731474632556972,1772.99192338666,2292.03569138888,8.10053809769353,26009.5663125591,45514.7321502954,8.10053809769353,6790.78427009407,33623.8724607717,8.10053809769353,2
9.16856519794671e+140,2.24638830075621,4.57278949837598e+140,-177.753611699244,4.58009774616539e+140,-177.753611699244,4.12055702172355e+138,-177.753611699244,2.05230681615205e+138,2.24638830075621,2.05230509256448e+138,2.24638830075621,3.43214786415204e+139,2.24638830075621,2.14186564005641e+136,2.24638830075619,3.40187566570638e+139,-177.753611699244,6.45287874707893e+137,2.24638830075621,2.82793178756195e+132,2.24638830064955,6.45289087719866e+137,-177.753611699244,5.27445682248027e+208,-177.753611699244,1.26207771783556e+202,2.24638830076833,5.27445544731042e+208,2.2463883007562,0.998951224126492,1.00000055198983,0.205877590175706,0.207029553154571,0.00104932786333289,0.00115196297886536,2.51784171962646e+141,2.5152010679776e+141,5.22598446844527e+137,3.69364182133787e+142,9.63353956848297e+141,5.22598446844527e+137,9.64365359971082e+141,3.68976801891027e+142,5.22598446844527e+137,1.12823645974262e+139,1.12823708251767e+139,5.31503766900968e+135,1.65510855570451e+140,4.32129133350086e+139,5.31503766900968e+135,4.32128894819333e+139,1.6551094693076e+140,5.31503766900968e+135,1.54882441439071e+140,3.18868238040057e+139,1.08046880285727e+137,2.27210574291039e+141,1.22130585399334e+140,1.08046880285727e+137,5.93219423712418e+140,4.67775654974772e+140,1.08046880285727e+137,1.12823645974262e+139,1.12823708251767e+139,5.31503766900968e+135,1.65510855570451e+140,2.33153851155751e+138,5.31503766900968e+135,4.32128894819333e+139,1.6551094693076e+140,5.31503766900968e+135,2
9348.2325964165,-19.3988740223613,4475.75205399738,-178.550712247279,4452.63616446593,175.238324002368,1797.51530101166,84.9905018368802,873.759390490612,-93.4897249879662,873.766756250789,-93.4893845452348,1000.88896408893,-72.0341343854612,0.478939924179365,-94.4529539255221,1001.07345482516,107.961488817023,197.292380047221,-72.8192020688227,0.113677220802646,119.982530930224,197.181980731562,107.173427124592,1551.84381260181,-94.5300578531543,1.21001217919143,104.260939127101,1550.69836631536,85.455540949427,0.934574514069868,1.09219127931019,1.14012505473753,1.00544165696294,0.157616765240325,0.134683397774596,545187.596535672,509518.433109245,948.174639120408,7997832.7920374,1951520.31729062,948.174639120408,2088137.74387253,7474570.69523041,948.174639120408,4895.50911229637,5346.83236023368,22.627904074114,71816.4968550967,20479.0470885785,22.627904074114,18750.4217223861,78437.3515757445,22.627904074114,21619.4886229692,24648.9206496603,0.0930771689207767,317155.152014815,94408.496967533,0.0930771689207767,82805.3875101153,361596.535051182,0.0930771689207767,4895.50911229637,5346.83236023368,22.627904074114,71816.4968550967,45126.4635727793,22.627904074114,18750.4217223861,78437.3515757445,22.627904074114,2
5.22174833020184e+21,9.16198675448326,2.52163146545422e+21,-170.838013245517,2.51772114978937e+21,-170.838013245517,1.4017232181327e+20,-170.838013245517,6.94917255419981e+19,9.16198675448327,6.9491805598021e+19,9.16198675448327,1.80202487637924e+20,9.16198675448326,1.18350059738236e+18,9.16198675448341,1.81279220082882e+20,-170.838013245517,1.91435017152593e+19,9.16198675448323,1654984826254760.0,-170.838013245846,1.91419539630045e+19,-170.838013245517,3.31145705590246e+29,-170.838013245517,8.89680380799049e+22,9.1619867544342,3.31145630518004e+29,9.16198675448326,1.00102455238633,0.999999242389189,0.200742182386712,0.207116968990593,0.00102530999714068,0.00637478660388094,1.37903566488607e+22,1.38044855916736e+22,6.07985716527477e+19,2.02302780402548e+23,5.28729332469911e+22,6.07985716527477e+19,5.28188176013746e+22,2.0251005019897e+23,6.07985716527477e+19,3.81808591708461e+20,3.81808302446144e+20,3.96263557750329e+17,5.60108354344731e+21,1.46237429524779e+21,3.96263557750329e+17,1.46237540315921e+21,5.60107930000587e+21,3.96263557750329e+17,8.24869229157288e+20,1.65586049244679e+20,3.55893841414457e+16,1.2100726817737e+22,6.34215601168626e+20,3.55893841414457e+16,3.15935392167285e+21,2.42912630985794e+21,3.55893841414457e+16,3.81808591708461e+20,3.81808302446144e+20,3.96263557750329e+17,5.60108354344731e+21,6.91936598373868e+19,3.96263557750329e+17,1.46237540315921e+21,5.60107930000587e+21,3.96263557750329e+17,2
7916.28992551877,-26.1521347818725,3723.79720210878,-168.879200567406,3712.32819276156,-169.570649242655,1446.19502886545,85.9173900210775,702.971466937542,-92.5507838030685,702.971552190169,-92.5498258765894,900.75307802916,-73.5099313348285,6.73526277953874,86.4908540119108,893.318174721118,106.663725954314,175.356899867333,-83.1732016550399,0.142215094330221,177.907239044225,175.334758348623,96.780896185019,1249.88844340332,-93.6205386370855,1.20860120931459,104.336507437167,1248.73876410746,86.3623646306307,0.945121060895872,1.16435768166012,1.1283011252672,1.0023981074246,0.219236620764249,0.125903017842602,545106.881046407,515191.99371622,1625.96558880987,7996648.70606227,1973250.77506489,1625.96558880987,2087828.59329625,7557801.10868518,1625.96558880987,3836.89141958126,4467.51399808525,18.2894136741478,56286.7097674444,17111.1460714794,18.2894136741478,14695.7814948089,65537.8628930976,18.2894136741478,21880.8919725435,24688.2350344709,0.393717348295193,320989.905949898,94559.0760550284,0.393717348295193,83806.5955421565,362173.272082683,0.393717348295193,3836.89141958126,4467.51399808525,18.2894136741478,56286.7097674444,48414.3715958787,18.2894136741478,14695.7814948089,65537.8628930976,18.2894136741478,2
2.51512393234165e+101,2.62730790079228,1.25498991262252e+101,-177.372692099208,1.25457533219183e+101,-177.372692099208,1.44962743348872e+99,-177.372692099208,7.21814254065282e+98,2.62730790079228,7.21814139165373e+98,2.62730790079229,9.35092498462791e+99,2.62730790079228,4.15914409915794e+96,-177.372692099208,9.3459308180889e+99,-177.372692099208,2.25419736319833e+98,2.62730790079228,4.40617083657761e+93,2.62730790072024,2.25423024261374e+98,-177.372692099208,1.87312532111633e+149,-177.372692099208,2.13255915030932e+142,-177.372692099223,1.87312545531063e+149,2.62730790079228,1.00021713969769,1.00000010462808,0.207454621018804,0.207014896654372,0.000217035069609794,0.00043972436443207,6.89870253630545e+101,6.90020051848864e+101,1.85289584243176e+98,1.0120308994184e+103,2.64286444418443e+102,1.85289584243176e+98,2.64229069798106e+102,1.01225065150196e+103,1.85289584243176e+98,3.96797819371731e+99,3.96797860887925e+99,1.99968008602106e+96,5.82097360935194e+100,1.51978620803737e+100,1.99968008602106e+96,1.51978604902507e+100,5.82097421838924e+100,1.99968008602106e+96,4.25895410189556e+100,8.83539709145221e+99,2.78340813281274e+95,6.24783157070481e+101,3.38406931228777e+100,2.78340813281274e+95,1.63123351780197e+101,1.29614153068988e+101,2.78340813281274e+95,3.96797819371731e+99,3.96797860887925e+99,1.99968008602106e+96,5.82097360935194e+100,8.14431112875301e+98,1.99968008602106e+96,1.51978604902507e+100,5.82097421838924e+100,1.99968008602106e+96,2
1.43352467237266e+208,1.98044213665926,7.15180826762252e+207,-178.019557863341,7.14313386946295e+207,-178.019557863341,5.17398631006391e+205,-178.019557863341,2.57746215792531e+205,1.98044213665925,2.57746313643684e+205,1.98044213665925,5.31877264743615e+206,1.98044213665925,2.24061088174221e+201,-178.019557863341,5.31867013168894e+206,-178.019557863341,8.70485227681197e+204,1.98044213665925,9.54988413598068e+199,-178.019557863346,8.70472792777221e+204,-178.019557863341,,,,,,,1.00079789139386,0.999999750481146,0.207037051353658,0.207044201305634,0.000798140912712797,7.14995197614865e-06,3.9281984636034e+208,3.93133273935087e+208,1.34348622137103e+205,5.76261725055268e+209,1.50575037453612e+209,1.34348622137103e+205,1.5045499071136e+209,5.767215193263e+209,1.34348622137103e+205,1.41696926553981e+206,1.41696891197926e+206,6.35367190058679e+202,2.07867591435601e+207,5.42717091474454e+206,6.35367190058679e+202,5.42717226892635e+206,2.07867539568717e+207,6.35367190058679e+202,2.42351761436452e+207,5.01757940781682e+206,2.67032127986897e+201,3.55526955701323e+208,1.92179664594668e+207,2.67032127986897e+201,9.28238029561142e+207,7.36072525851443e+207,2.67032127986897e+201,1.41696926553981e+206,1.41696891197926e+206,6.35367190058679e+202,2.07867591435601e+207,3.14539763243516e+205,6.35367190058679e+202,5.42717226892635e+206,2.07867539568717e+207,6.35367190058679e+202,2
8.01757897085988e+72,3.20944855976065,3.96961657285862e+72,-176.790551440239,3.95742510096664e+72,-176.790551440239,6.14103379845066e+70,-176.790551440239,3.05653117357935e+70,3.20944855976066,3.05653465568607e+70,3.20944855976066,2.96500411053455e+71,3.20944855976065,4.37143488257827e+68,3.20944855976065,2.94501856425679e+71,-176.790551440239,1.11631778164711e+70,3.20944855976066,5.04498836925891e+65,-176.790551440199,1.1162712085291e+70,-176.790551440239,2.81340992437258e+106,-176.790551440239,2.08476347070409e+99,3.20944856003256,2.81340981295198e+106,3.20944855976065,1.00202558951208,0.99999925116022,0.205131670617253,0.207077351768303,0.00202633835186339,0.00194568115104996,2.17471600943056e+73,2.17912109137102e+73,3.01790990115385e+70,3.19028076282627e+74,8.34631056956337e+73,3.01790990115385e+70,8.32943854620264e+73,3.19674296208006e+74,3.01790990115385e+70,1.68016146649435e+71,1.68016020832261e+71,9.32265639508071e+67,2.46477553011735e+72,6.43522701001436e+71,9.32265639508071e+67,6.43523182897195e+71,2.46477368439539e+72,9.32265639508071e+67,1.34071003343912e+72,2.75022088972678e+71,8.11899372011326e+68,1.96680458950084e+73,1.05336953377468e+72,8.11899372011326e+68,5.13508972361523e+72,4.03453911221987e+72,8.11899372011326e+68,1.68016146649435e+71,1.68016020832261e+71,9.32265639508071e+67,2.46477553011735e+72,4.0342508653464e+70,9.32265639508071e+67,6.43523182897195e+71,2.46477368439539e+72,9.32265639508071e+67,2
26734513834.4587,23.0175147857374,13366761860.326,-156.982484086228,13837607553.8838,-156.982475923015,1994928857.0979,-156.982243105029,980904355.833064,23.0177540464336,980905358.643685,23.0177540462099,1247786658.021,23.0175372761293,1518234.68544954,-156.982244186797,1229206850.80973,-156.982466027207,278648215.451127,23.017739553694,15191.3221838816,-156.982420382902,278632592.754802,-156.982260437611,3957838778434.34,-156.982499165298,333898.830395202,23.0177057691078,3957838397472.23,23.0175008346848,0.97755191192166,0.999999370099867,0.207406893457926,0.207083304436471,0.0224474581782063,0.00032358902145449,75819775641.4457,74117766639.7666,156618524.878717,1112266478113.83,283880460589.14,156618524.878717,290399371252.92,1087298222246.54,156618524.878717,5383938273.73921,5383934882.39577,11039714.5071659,78981690613.7175,20621154461.1817,11039714.5071659,20621167450.4578,78981640863.14,11039714.5071659,5596795605.98069,1160813989.95542,5687190.84198422,82104280640.7911,4446065026.87114,5687190.84198422,21436438069.8517,17028993787.3042,5687190.84198422,5383938273.73921,5383934882.39577,11039714.5071659,78981690613.7175,1007031150.93279,11039714.5071659,20621167450.4578,78981640863.14,11039714.5071659,2
1.85216121574396e+77,3.08925535342227,9.2051680120663e+76,-176.910744646578,9.2195416761615e+76,-176.910744646578,1.34954381537158e+75,-176.910744646578,6.71760464743806e+74,3.08925535342228,6.71760346753315e+74,3.08925535342227,6.93738865682912e+75,3.08925535342227,7.87281189063483e+72,3.08925535342227,6.94526164696192e+75,-176.910744646578,2.10599532622951e+74,3.08925535342226,4.09135196038024e+69,-176.910744646816,2.10595362797097e+74,-176.910744646578,1.01135264618343e+113,-176.910744646578,2.26312105323609e+106,3.08925535333082,1.01135241665323e+113,3.08925535342227,0.998974852682377,1.00000011545263,0.20594867565963,0.20705246605133,0.00102526277025772,0.00110379039170025,5.06616186307787e+77,5.06096830083329e+77,3.23008230705861e+74,7.43199510329329e+78,1.93841514309303e+78,3.23008230705861e+74,1.94040434340078e+78,7.42437621344856e+78,3.23008230705861e+74,3.69267435049444e+75,3.69267477682342e+75,2.00766795815196e+72,5.41710636822374e+76,1.41434134348039e+76,2.00766795815196e+72,1.41434118019097e+76,5.41710699364294e+76,2.00766795815196e+72,3.16395212183054e+76,6.51611749341475e+75,5.94140560932617e+67,4.64147757454657e+77,2.49575576699994e+76,5.94140560932617e+67,1.21183385083994e+77,9.55906159581734e+76,5.94140560932617e+67,3.69267435049444e+75,3.69267477682342e+75,2.00766795815196e+72,5.41710636822374e+76,7.61004715103164e+74,2.00766795815196e+72,1.41434118019097e+76,5.41710699364294e+76,2.00766795815196e+72,2
1.32840413500807e+20,9.95024032075336,6.48580741889872e+19,-170.049759679247,6.49930878900462e+19,-170.049759679247,3.89569657612226e+18,-170.049759679247,1.93034148729297e+18,9.95024032075341,1.93033790723946e+18,9.9502403207534,5.41634302740578e+18,9.95024032075335,3071565509144030.0,9.95024032075361,5.42591510147222e+18,-170.049759679247,6.13913292414245e+17,9.95024032075342,41327867114367.4,9.95024032047535,6.13948377425412e+17,-170.049759679247,1.33332674454687e+27,-170.049759679247,3.71270183818698e+19,9.95024032456336,1.33332659033327e+27,9.95024032075335,0.998630968902862,1.00000121974469,0.206561548407545,0.206968872541091,0.0013702508418264,0.000407324133545717,3.56338197613566e+20,3.55850359539935e+20,9.9641714059137e+17,5.22743609729721e+21,1.36295207676708e+21,9.9641714059137e+17,1.36482055855375e+21,5.22027957472171e+21,9.9641714059137e+17,1.06051894732892e+19,1.06052024089127e+19,1.16723938632744e+16,1.55576782513415e+20,4.06192722875152e+19,1.16723938632744e+16,4.0619222742434e+19,1.55576972277369e+20,1.16723938632744e+16,2.47231259437522e+19,5.10684717641622e+18,2166836185766090.0,3.62685117290035e+20,1.95598733518983e+19,2166836185766090.0,9.46927126693817e+19,7.49167994118018e+19,2166836185766090.0,1.06051894732892e+19,1.06052024089127e+19,1.16723938632744e+16,1.55576782513415e+20,2.21761890554691e+18,1.16723938632744e+16,4.0619222742434e+19,1.55576972277369e+20,1.16723938632744e+16,2
1.21138582678505e+20,9.96734217156339,6.11520436474698e+19,-170.032657828437,6.19619170135854e+19,-170.032657828437,3.62287626513128e+18,-170.032657828437,1.7951276806514e+18,9.96734217156345,1.79512694764357e+18,9.96734217156345,4.5803702921237e+18,9.96734217156338,1.83944415487858e+16,-170.032657828437,4.56478173177832e+18,-170.032657828437,6.03565786674404e+17,9.9673421715634,12855736278406.8,9.96734217336503,6.03578380374227e+17,-170.032657828437,1.19406155235372e+27,-170.032657828437,7.20043093031493e+19,-170.032657825383,1.19406161962766e+27,9.96734217156339,0.991410616984787,1.00000026855124,0.210923050420918,0.207013481389313,0.00858965156644842,0.0039095690316053,3.40684988070454e+20,3.37758714220383e+20,6.58459327516692e+17,4.99780550155356e+21,1.29365877721191e+21,6.58459327516692e+17,1.30486677774983e+21,4.95487743586518e+21,6.58459327516692e+17,9.86232502459592e+18,9.86232767313549e+18,1.08738789454404e+16,1.44679055408927e+20,3.77739676903403e+19,1.08738789454404e+16,3.77739575460973e+19,1.44679094262666e+20,1.08738789454404e+16,2.08182836489942e+19,4.39105589177378e+18,935293734467626.0,3.05401576814794e+20,1.68183018126802e+19,935293734467626.0,7.97366706915988e+19,6.44162321851347e+19,935293734467626.0,9.86232502459592e+18,9.86232767313549e+18,1.08738789454404e+16,1.44679055408927e+20,2.18065407186369e+18,1.08738789454404e+16,3.77739575460973e+19,1.44679094262666e+20,1.08738789454404e+16,2
8.97395057478017e+47,4.37379455486622,4.5020437724037e+47,-175.626205445134,4.51064358502953e+47,-175.626205445134,1.04012641376714e+46,-175.626205445134,5.17274657161241e+45,4.37379455486622,5.17274737092015e+45,4.37379455486622,3.39494199239095e+46,4.37379455486623,4.72554696595125e+43,-175.626205445134,3.41861700237449e+46,-175.626205445134,1.98662256626643e+45,4.37379455486622,7.91928200977116e+39,4.37379455586107,1.98664262682075e+45,-175.626205445134,9.10468156886609e+68,-175.626205445134,8.41128234809803e+61,-175.626205444717,9.1046829906252e+68,4.37379455486622,0.998747719473004,0.999999898419162,0.208837239942189,0.20703043202774,0.00125217894615803,0.00180680791444862,2.48133391245234e+48,2.4782265863128e+48,1.29122608843495e+45,3.64008533193167e+49,9.49192260724797e+48,1.29122608843495e+45,9.50382406105162e+48,3.63552692395388e+49,1.29122608843495e+45,2.8431519720967e+46,2.84315168328694e+46,1.85900650462922e+43,4.17086782965595e+47,1.08896320810514e+47,1.85900650462922e+43,1.08896331872295e+47,4.1708674059757e+47,1.85900650462922e+43,1.55912782161697e+47,3.25603950983567e+46,9.46685231649717e+43,2.28722071043855e+48,1.24710449012998e+47,9.46685231649717e+43,5.97165759552847e+47,4.776568603066e+47,9.46685231649717e+43,2.8431519720967e+46,2.84315168328694e+46,1.85900650462922e+43,4.17086782965595e+47,7.17811108744092e+45,1.85900650462922e+43,1.08896331872295e+47,4.1708674059757e+47,1.85900650462922e+43,2
18749.9809177224,-16.7534772672585,9708.69046241947,151.830419916893,9564.87030959951,154.444729611067,3792.5267455307,80.7227604317912,1843.94067343026,-97.7963324315005,1843.9441485689,-97.7961199006176,1107.90857932112,-53.7699896298254,1.63917871865022,-98.7609501734405,1323.29526640579,117.533818800411,372.610646883314,-91.8395257819427,0.0899482159388036,149.297315120092,372.566649912302,88.1483706883467,3272.94489113332,-99.2657416828905,1.2099160869821,104.376925610425,3271.83653797438,80.7257613372844,0.865337317384749,1.05154321523043,1.14279563690621,1.0141505618356,0.186205897845681,0.128645075070617,548539.005739796,474671.271707773,1132.32886173028,8046997.53936952,1818051.2628741,1132.32886173028,2100974.06681671,6963367.2637197,1132.32886173028,10080.4635177831,10600.0430185027,47.3259450217975,147879.119396267,40599.5111669047,47.3259450217975,38609.4556827205,155501.284675395,47.3259450217975,21303.5316147476,24345.5829800272,93.7933887719118,312520.102836723,93246.6751632143,93.7933887719118,81595.232036108,357146.609967288,93.7933887719118,10080.4635177831,10600.0430185027,47.3259450217975,147879.119396267,38061.2723125713,47.3259450217975,38609.4556827205,155501.284675395,47.3259450217975,2
6139.8937151952,-11.1989125031951,3158.82774546123,158.620849870191,3052.25652852725,166.092280608819,1198.27736523518,86.5252083143501,582.476744228119,-91.9383898417149,582.494286645585,-91.9388173393861,774.565821135991,-73.597694964532,7.88753666124492,-92.916171188191,849.767841234851,104.63395850184,116.418395977327,-82.6016146631821,0.218393900709552,74.1296146715151,116.218518317348,97.4408544824882,1034.41734755939,-93.0080289536367,1.21028623411059,104.351167233095,1033.26228422453,86.9719474358835,0.952453469862859,1.1616766234566,1.12774544581266,1.00159731879632,0.20922315359374,0.126148127016333,536218.491598329,510723.162927457,235.82109682634,7866257.16185262,1956134.58551785,235.82109682634,2053784.93271646,7492243.92864009,235.82109682634,3172.89027536082,3685.87246167944,15.1691061590467,46545.8973224402,14117.3597037797,15.1691061590467,12152.572771735,54071.2808372899,15.1691061590467,21965.9623122161,24772.0139604942,23.7910700913933,322237.877027353,94879.9599832065,23.7910700913933,84132.4257486456,363402.298285936,23.7910700913933,3172.89027536082,3685.87246167944,15.1691061590467,46545.8973224402,38863.042154677,15.1691061590467,12152.572771735,54071.2808372899,15.1691061590467,2
7206.62815423016,-11.6801252569411,3710.84489254651,157.97415532028,3543.75626864286,169.537144310134,1411.06321239056,85.99674309091,685.917011080153,-92.4726696396288,685.921856816535,-92.4721535839934,785.561334576546,-70.9192416447491,6.70631320919601,-93.4337321874328,791.912271119893,108.890423359847,135.414194870747,-79.7032560059281,0.0914207355623244,142.481432285273,135.345301296418,100.27087586457,1217.8023891691,-93.535787952746,1.21012578959867,104.334904999055,1216.65064952327,86.4467239925204,0.943322183333183,1.12714673986066,1.10627960943809,1.00280285095885,0.183824556527476,0.103476758479249,538652.299995914,508122.663689586,198.695637196975,7901960.82190547,1946174.3431242,198.695637196975,2063106.72801893,7454094.93513314,198.695637196975,3771.65372113977,4251.20719566602,17.8410352619581,55329.6810177299,16282.6635431569,17.8410352619581,14445.9128233559,62364.6695766644,17.8410352619581,22371.2426299466,24748.8495593021,0.0546259353104158,328183.287810189,94791.2373843237,0.0546259353104158,85684.7008438223,363062.479462766,0.0546259353104158,3771.65372113977,4251.20719566602,17.8410352619581,55329.6810177299,38807.0497432011,17.8410352619581,14445.9128233559,62364.6695766644,17.8410352619581,2
2.01091579293424e+90,2.80543587307597,1.00603626167751e+90,-177.194564126924,1.01168102545496e+90,-177.194564126924,1.28151135547972e+88,-177.194564126924,6.3802707252093e+87,2.80543587307597,6.3802745408067e+87,2.80543587307597,7.5538930817756e+88,2.80543587307597,8.1881548892194e+85,-177.194564126924,7.64393522787219e+88,-177.194564126924,1.71038005370839e+87,2.80543587307598,4.24063195595747e+82,-177.194564126942,1.71034916150092e+87,-177.194564126924,3.95634702579835e+132,-177.194564126924,6.34336419044124e+124,-177.194564123525,3.95634728397776e+132,2.80543587307597,0.996332449770699,0.999999606917641,0.208802569698321,0.20705801450287,0.00366715714694199,0.00174455519545014,5.56118767190768e+90,5.5407917367864e+90,2.26716473274457e+87,8.15819167708215e+91,2.12219361372864e+91,2.26716473274457e+87,2.13000551594706e+91,8.12827109932619e+91,2.26716473274457e+87,3.50733169453013e+88,3.50733031585992e+88,1.81894295937477e+85,5.14521104612654e+89,1.343352060706e+89,1.81894295937477e+85,1.3433525887542e+89,5.14520902363485e+89,1.81894295937477e+85,3.48710091533239e+89,7.28115631918769e+88,3.27434336619336e+86,5.11553275001263e+90,2.78877535471168e+89,3.27434336619336e+86,1.33560394335229e+90,1.06813638357855e+90,3.27434336619336e+86,3.50733169453013e+88,3.50733031585992e+88,1.81894295937477e+85,5.14521104612654e+89,6.18067160009222e+87,1.81894295937477e+85,1.3433525887542e+89,5.14520902363485e+89,1.81894295937477e+85,2
15555.4439437006,-21.2361581662766,7442.42358393112,174.445969366718,7449.63648417333,169.904492311745,3050.68400651303,82.3464496188437,1483.12125373543,-96.1568126939246,1483.12670073984,-96.1566350653662,1025.81296542168,-58.7838191067254,15.3602335405834,-97.1240378225941,869.611756617835,129.909519927825,324.911669982083,-90.1788581540397,0.103440195365588,116.115850142271,324.820073639494,89.8130346155838,2633.95081085443,-97.4637060945292,1.21063998370864,104.348670517297,2632.82693904984,82.5265045503592,0.891981282656843,1.07087527230874,1.0472587957199,1.00908007594419,0.178893989651894,0.0381787197757064,554362.468564628,494480.945767091,1203.87558232763,8132426.99931984,1893924.83072474,1203.87558232763,2123278.66912579,7253972.66596645,1203.87558232763,8089.72461595232,8663.08605101064,38.2830375450753,118675.232567919,33180.7199512238,38.2830375450753,30984.6728271989,127086.371992473,38.2830375450753,23367.6198027931,24471.9453735136,75.7487782950427,342800.014377094,93730.6591806826,75.7487782950427,89500.9519745793,359000.33022932,75.7487782950427,8089.72461595232,8663.08605101064,38.2830375450753,118675.232567919,41447.9264218253,38.2830375450753,30984.6728271989,127086.371992473,38.2830375450753,2
19957.0616868926,-25.3749479648236,9461.93576589862,167.783868150597,9500.27460952838,164.872380560632,3924.63685034787,80.3002148615111,1908.19399158288,-98.2259026485718,1908.18020823746,-98.2254281662102,1063.357772656,-49.6832572448292,18.83719464824,80.8933248563925,892.844346477188,145.665750788888,368.6534643815,-78.2705453324055,0.257761983212797,-146.126762263376,368.752983543897,101.692223411952,3385.04691904281,-99.6629409126289,1.21048125196925,104.292099825435,3383.94085566222,80.328737522718,0.863931828528687,1.03339683987528,0.996831610047457,1.0228015281417,0.169465011346596,0.0259699180942459,559186.375210517,483098.90762395,1361.50478348746,8203193.0970876,1850330.17890229,1361.50478348746,2141754.84430697,7086999.61214079,1361.50478348746,10573.0877272114,10926.1954450244,48.8012506546166,155105.853975984,41848.7163880125,48.8012506546166,40496.2689774269,160285.899344938,48.8012506546166,24424.7396683856,24347.3525686268,97.431732300055,358307.82853111,93253.4529123223,97.431732300055,93549.8553340245,357172.569607274,97.431732300055,10573.0877272114,10926.1954450244,48.8012506546166,155105.853975984,38121.7644515209,48.8012506546166,40496.2689774269,160285.899344938,48.8012506546166,2
2745.62821102399,-14.6969529070623,1329.93375976406,-173.438535923426,1319.06473900094,-178.372665607454,522.060272712842,88.0966920456991,253.763007686159,-90.3519554314834,253.768048434532,-90.3505800986761,694.810982479973,-82.0035919635959,0.708746217052488,88.6834798458165,694.742275376972,97.9973199006977,54.9094743180615,-80.7536828860137,0.096169481059734,139.649397465407,54.8364862540806,99.1811473385069,451.333740199252,-91.4409139123745,1.20980276957065,104.345167817035,450.169696722391,88.5171966912597,0.980093399292016,1.35870490706372,1.11527658131236,1.00028097267276,0.378611507771709,0.114995608639595,532567.73694996,521966.123660543,293.820461353155,7812701.05487597,1999196.55319433,293.820461353155,2039802.07869829,7657176.73452571,293.820461353155,1416.43117901475,1924.51199344539,6.55795332656477,20778.8654825846,7371.12538433501,6.55795332656477,5425.1113291882,28232.3464944047,6.55795332656477,22317.0118298211,24889.6406586704,0.213051782396723,327387.728860687,95330.4851780378,0.213051782396723,85476.9899910041,365127.867007364,0.213051782396723,1416.43117901475,1924.51199344539,6.55795332656477,20778.8654825846,42319.2516740186,6.55795332656477,5425.1113291882,28232.3464944047,6.55795332656477,2
6.48066111942845e+46,4.46077708852001,3.21281472020709e+46,-175.53922291148,3.20803445290508e+46,-175.53922291148,7.65364115765293e+44,-175.53922291148,3.80615418404354e+44,4.46077708852001,3.80615140184187e+44,4.46077708852001,2.45863145530034e+45,4.46077708852001,4.95340686775233e+42,4.46077708851984,2.46337321730739e+45,-175.53922291148,1.01747747951417e+44,4.46077708851999,6.55069812297974e+38,4.46077708874166,1.01748470003836e+44,-175.53922291148,1.7207716454909e+67,-175.53922291148,3.34003128463619e+60,4.46077708821728,1.72077131974169e+67,4.46077708852001,1.00097977921687,1.00000048053342,0.205103460472256,0.207027768923004,0.000979298683452257,0.00192430845074767,1.76287617634222e+47,1.76460340578172e+47,1.99373154387568e+44,2.58611695883085e+48,6.7586551821667e+47,1.99373154387568e+44,6.75203967402259e+47,2.58865078247952e+48,1.99373154387568e+44,2.09200568108691e+45,2.09200668636556e+45,1.37785239225066e+42,3.06894576172382e+46,8.01265133321462e+45,1.37785239225066e+42,8.01264748286971e+45,3.06894723645482e+46,1.37785239225066e+42,1.12199228567027e+46,2.30124500414149e+45,7.0548286898744e+40,1.64594843165321e+47,8.81406066752204e+45,7.0548286898744e+40,4.29737296836798e+46,3.37589719090955e+46,7.0548286898744e+40,2.09200568108691e+45,2.09200668636556e+45,1.37785239225066e+42,3.06894576172382e+46,3.67631175237383e+44,1.37785239225066e+42,8.01264748286971e+45,3.06894723645482e+46,1.37785239225066e+42,2
2.01297924571753e+95,2.71942027664146,9.85382035852601e+94,-177.280579723359,9.83776847193983e+94,-177.280579723359,1.21284332138447e+93,-177.280579723359,6.03874619489792e+92,2.71942027664145,6.03874690896517e+92,2.71942027664146,7.5043999625897e+93,2.71942027664146,2.25539646171708e+90,-177.280579723358,7.50242647648921e+93,-177.280579723359,1.75527341268905e+92,2.71942027664147,1.76232106991506e+87,2.7194202766898,1.75528966650771e+92,-177.280579723359,1.27633344579461e+140,-177.280579723359,1.51308477087254e+133,-177.280579723108,1.27633358921309e+140,2.71942027664146,1.00107452564431,0.999999922277002,0.207323790474231,0.20702423792781,0.00107460336731091,0.000299552546421,5.397680167941e+95,5.40348011370125e+95,1.46067875569808e+93,7.91832824561771e+96,2.06960151796959e+96,1.46067875569808e+93,2.06738006507313e+96,7.92683669237772e+96,1.46067875569808e+93,3.31961272890142e+93,3.31961247089117e+93,1.69800366605267e+90,4.86982970793529e+94,1.27145374171113e+94,1.69800366605267e+90,1.27145384053234e+94,4.86982932943753e+94,1.69800366605267e+90,3.41879606507695e+94,7.0879775907014e+93,9.39701204101299e+88,5.01533040228875e+95,2.71478544796605e+94,9.39701204101299e+88,1.30944231810361e+95,1.03979730948315e+95,9.39701204101299e+88,3.31961272890142e+93,3.31961247089117e+93,1.69800366605267e+90,4.86982970793529e+94,6.34198870846231e+92,1.69800366605267e+90,1.27145384053234e+94,4.86982932943753e+94,1.69800366605267e+90,2
16810.2582125033,-9.69070315336482,9457.40123676529,143.167555993818,9351.71670365673,144.36788596912,3419.22451268946,81.3825100482132,1662.30406765203,-97.1322241374699,1662.32844669719,-97.132398205264,782.089962451293,-33.0939110591089,25.0899384954365,-98.0151422564449,793.591857498465,145.18650581174,348.272695524678,-77.063500325177,0.314318612520754,71.621532783267,348.003245483621,102.963456736959,2950.29276966283,-98.4434316562753,1.21083862366438,104.26416078619,2949.17577487214,81.5474874753058,0.879069399834875,1.04250114764342,1.00186580302976,1.01758222415171,0.163431747808545,0.0157164211219545,539048.650767242,473861.173911758,2803.53230855986,7907775.2373768,1814948.48541761,2803.53230855986,2064624.80181717,6951483.23194991,2803.53230855986,9227.83412458821,9620.02766514632,42.6850506592561,135371.154498164,36845.9278830559,42.6850506592561,35343.7768067175,141124.583922151,42.6850506592561,24384.5785344402,24430.0753549491,0.400927786314781,357718.669797354,93570.2916912957,0.400927786314781,93396.0330897895,358386.102375262,0.400927786314781,9227.83412458821,9620.02766514632,42.6850506592561,135371.154498164,41423.5433965297,42.6850506592561,35343.7768067175,141124.583922151,42.6850506592561,2
9289.12209637423,-14.4864595264762,4540.71008470417,168.905582268115,4525.25663896641,170.835006993833,1818.40203530917,85.1136326917694,883.923627153815,-93.3616800136374,883.942598696834,-93.3620485141818,959.885513412963,-70.6522871023029,14.2592315822834,-94.3426140428773,971.923993318441,109.036698137475,208.474535535469,-87.2373318438973,0.243855095460015,70.2333513225984,208.249482236454,92.788368999869,1570.9121753862,-94.4856973133719,1.20934574053297,104.359821072059,1569.76771593314,85.5000445103922,0.931133203159669,1.1313904660716,1.13201107052862,1.00290722064656,0.200257262911934,0.129103849882058,542677.019907471,505304.591827587,242.637978020425,7961002.95179243,1935380.76994429,242.637978020425,2078521.91649578,7412754.17886606,242.637978020425,4789.63010197305,5418.94183338187,23.0003461727313,70263.2652222914,20755.2355300037,23.0003461727313,18344.89166421,79495.1883875609,23.0003461727313,21767.7535522371,24641.338001671,0.376186677503496,319330.179694723,94379.4544625944,0.376186677503496,83373.2610216628,361485.29856832,0.376186677503496,4789.63010197305,5418.94183338187,23.0003461727313,70263.2652222914,45056.096906539,23.0003461727313,18344.89166421,79495.1883875609,23.0003461727313,2
4862.57824591807,-11.3731295600876,2430.73475463751,164.6329029884,2439.89413831445,163.73279559647,943.981281255376,87.0947510234423,458.847464154604,-91.3624397055835,458.856687687753,-91.3619963173919,807.124604538512,-77.8039698756781,2.0410946328106,-92.3396156674225,809.049977213176,102.160679122076,106.882323319077,-81.8976656994801,0.119833269747399,109.640019678817,106.764427639001,98.0895197503265,815.770465133712,-92.4186878629731,1.20924523858284,104.340144563899,814.612631273328,87.5567878348904,0.96380014421058,1.23176655622825,1.12659594752205,1.0009816941925,0.26796641201767,0.125614253329547,533779.936148554,514457.179436691,127.67882282656,7830483.86314711,1970436.34303897,127.67882282656,2044444.95560114,7547021.47653981,127.67882282656,2507.88634259018,3089.13052362416,11.931234766959,36790.3740967777,11831.7622835102,11.931234766959,9605.5232411406,45317.1524035369,11.931234766959,22008.2832888678,24794.4427651557,0.0174048262404686,322858.720379267,94965.8651539426,0.0174048262404686,84294.5204647862,363731.326001437,0.0174048262404686,2507.88634259018,3089.13052362416,11.931234766959,36790.3740967777,45393.633381629,11.931234766959,9605.5232411406,45317.1524035369,11.931234766959,2
3224.3102830507,-6.24797019108225,1642.29874876884,163.179093344779,1633.50289811714,164.355330111454,629.257485634347,87.7898188723767,305.861480615968,-90.6614596168693,305.867195409118,-90.6602291246255,699.321496493367,-80.4446146904829,1.84103134099997,-91.6297423186285,700.917628204718,99.5295834828971,70.4776252118905,-77.6386238561377,0.105553407061425,138.168607443706,70.3920162211482,102.311117167426,543.987852461993,-91.711645593787,1.20937193446268,104.31635937985,542.825593682411,88.2531092115618,0.975359341618895,1.29841471763433,1.11338459767026,1.00064276676783,0.323055376015431,0.112741830902425,531434.607883818,518339.709259057,191.166050653049,7796078.1954045,1985306.92541339,191.166050653049,2035462.05044613,7603977.69587916,191.166050653049,1732.79741186155,2249.88966223971,7.89845156661119,25419.9179339493,8617.36318493802,7.89845156661119,6636.83418548937,33005.5955664965,7.89845156661119,22331.3012983974,24863.3269115694,0.0713529383411238,327597.353549667,95229.7001842973,0.0713529383411238,85531.720470684,364741.847679737,0.0713529383411238,1732.79741186155,2249.88966223971,7.89845156661119,25419.9179339493,45520.6369638399,7.89845156661119,6636.83418548937,33005.5955664965,7.89845156661119,2
3.23776419302366e+136,2.27636683051939,1.61483796424864e+136,-177.723633169481,1.61747599810329e+136,-177.723633169481,1.48740548559123e+134,-177.723633169481,7.40809397134654e+133,2.27636683051939,7.40808773498448e+133,2.27636683051939,1.20849368792768e+135,2.2763668305194,7.73141874139931e+131,2.27636683051941,1.19756651008471e+135,-177.723633169481,2.32859721499911e+133,2.27636683051939,1.03866839968589e+128,2.276366830288,2.32860177239921e+133,-177.723633169481,1.07715951269999e+202,-177.723633169481,2.57742862241626e+195,2.27636683043005,1.07715923186151e+202,2.27636683051939,0.998928016961759,1.00000055330676,0.205848219339425,0.207029478404009,0.00107253634499582,0.00118125906458375,8.89181258904789e+136,8.88228071677322e+136,1.81674355724435e+133,1.30441761252881e+138,3.40202633629647e+137,1.81674355724435e+133,3.40567716445048e+137,1.3030192989734e+138,1.81674355724435e+133,4.07251973757865e+134,4.07252199093133e+134,1.9291049860424e+131,5.9743347263211e+135,1.55982765126209e+135,1.9291049860424e+131,1.55982678819939e+135,5.97433803196086e+135,1.9291049860424e+131,5.45223122327535e+135,1.12233208873805e+135,3.90010657237146e+132,7.99835395089158e+136,4.29867445727897e+135,3.90010657237146e+132,2.08827381216781e+136,1.64644691843749e+136,3.90010657237146e+132,4.07251973757865e+134,4.07252199093133e+134,1.9291049860424e+131,5.9743347263211e+135,8.41362850456238e+133,1.9291049860424e+131,1.55982678819939e+135,5.97433803196086e+135,1.9291049860424e+131,2
8750.1987833443,-19.0915102711161,4190.2166785373,-178.274665922144,4168.51502723478,175.524435520164,1680.13435867269,85.2586966289316,816.695074187153,-93.2189223737277,816.702314253615,-93.2185526458748,935.649942307534,-71.7302018948971,0.447624040201021,-94.1894651428055,935.822288463532,108.265413843955,184.44659669453,-72.5095950448366,0.112638878446602,121.189882310132,184.337585220869,107.482061640873,1450.55297172878,-94.2480175314847,1.20999571734219,104.261269896002,1449.40563893064,85.7367978706316,0.938629575747756,1.09872512455504,1.12922652791188,1.00483528383767,0.160095548807288,0.124391244074213,544079.945223881,510689.528158354,886.126909369164,7981583.6879861,1956005.76007994,886.126909369164,2083895.29865569,7491750.5108496,886.126909369164,4582.36784072867,5034.76267656163,21.1555110561286,67222.7541760653,19283.7805613597,21.1555110561286,17551.050877415,73859.3289550305,21.1555110561286,21849.7100579368,24673.2722246053,0.086998787594562,320532.471223311,94501.7665926831,0.086998787594562,83687.1648485198,361953.769562514,0.086998787594562,4582.36784072867,5034.76267656163,21.1555110561286,67222.7541760653,45167.0850551082,21.1555110561286,17551.050877415,73859.3289550305,21.1555110561286,2
1.9984125324833e+19,10.4224668872869,9.60467826546744e+18,-169.577533112713,9.58749398349249e+18,-169.577533112713,6.16185803028882e+17,-169.577533112713,3.05236697294857e+17,10.4224668872873,3.0523711723392e+17,10.4224668872873,6.66442051817609e+17,10.4224668872868,5200990644109540.0,10.4224668872875,6.71173841189337e+17,-169.577533112713,8.38045330021416e+16,10.4224668872873,8097217756471.08,-169.577533112096,8.37969070265827e+16,-169.577533112713,7.71478092632701e+25,-169.577533112713,2.07278141319157e+19,10.422466886601,7.71477917727574e+25,10.4224668872869,1.00118306039465,0.999999095149098,0.199564028213323,0.207126704497996,0.00118396524555553,0.00756267628467267,5.24834437841575e+19,5.25455348678736e+19,2.63984358624348e+17,7.69925453923127e+20,2.01256072821161e+20,2.63984358624348e+17,2.01018256083786e+20,7.708363222345e+20,2.63984358624348e+17,1.67689975245956e+18,1.67689823511531e+18,1903996166701380.0,2.45999063705826e+19,6.42273323829808e+18,1903996166701380.0,6.4227390499193e+18,2.45998841113351e+19,1903996166701380.0,3.05322416395364e+18,6.09313713196844e+17,156400424127321.0,4.47904106679574e+19,2.33374891591504e+18,156400424127321.0,1.1694236365185e+19,8.93855477822658e+18,156400424127321.0,1.67689975245956e+18,1.67689823511531e+18,1903996166701380.0,2.45999063705826e+19,3.02920979454284e+17,1903996166701380.0,6.4227390499193e+18,2.45998841113351e+19,1903996166701380.0,2
7500.18581528352,-25.9442267954053,3528.70073059285,-168.706726286272,3517.84753905983,-169.397458810843,1369.02697134791,86.0956435819576,665.458445180408,-92.3707901986521,665.458926144787,-92.3698056021623,852.750820452427,-73.3105763955648,6.37588007189374,86.6698758177199,845.713552286563,106.863237651178,166.008592314689,-82.9805759973489,0.138420039920505,176.070294598386,165.982217004636,96.9725210891911,1183.2365936546,-93.4357577757812,1.20860636352178,104.336412201533,1182.08571547078,86.5463613089117,0.947931693433659,1.17339387081004,1.12030502812123,1.00215094361011,0.22546217737638,0.118154084511119,544143.259662077,515810.641601984,1539.10192600856,7982512.50275231,1975620.27504735,1539.10192600856,2084137.80099612,7566876.59458935,1539.10192600856,3632.13619349423,4261.92634739343,17.3150087012669,53282.9766085357,16323.719255808,17.3150087012669,13911.5429711074,62521.9181709705,17.3150087012669,22052.6821582211,24705.7307054145,0.37270826311954,323510.046153184,94626.0866970237,0.37270826311954,84464.5737739059,362429.931353144,0.37270826311954,3632.13619349423,4261.92634739343,17.3150087012669,53282.9766085357,48444.7591378154,17.3150087012669,13911.5429711074,62521.9181709705,17.3150087012669,2
1.01812735616903e+98,2.67694039517478,5.08035193196999e+97,-177.323059604825,5.07862569096039e+97,-177.323059604825,6.03608077242611e+95,-177.323059604825,3.00544563778414e+95,2.67694039517479,3.00544512864411e+95,2.67694039517478,3.77022474888305e+96,2.67694039517479,1.73178024144399e+93,-177.323059604825,3.7681452841088e+96,-177.323059604825,9.38269695820187e+94,2.67694039517478,1.87180544887147e+90,2.67694039531087,9.38283757819793e+94,-177.323059604825,1.49330179111616e+144,-177.323059604825,1.70012323620289e+137,-177.323059605096,1.49330189809934e+144,2.67694039517478,1.00022334725884,1.00000011134847,0.207468387193558,0.207014510810633,0.00022323591037221,0.000453876382924878,2.79266378144697e+98,2.79328751524741e+98,7.43197958663755e+94,4.09680229526834e+99,1.0698645983767201e+99,7.43197958663755e+94,1.06962570040854e+99,4.097717304831e+99,7.43197958663755e+94,1.6521552019187e+96,1.65215538588365e+96,8.39666866595479e+92,2.42369069571742e+97,6.32796498293078e+96,8.39666866595479e+92,6.32796427832165e+96,2.42369096559167e+97,8.39666866595479e+92,1.71715402938446e+97,3.56255177039314e+96,1.15894844268113e+92,2.5190431500016e+98,1.36450257920919e+97,1.15894844268113e+92,6.57691804359655e+97,5.22621819601813e+97,1.15894844268113e+92,1.6521552019187e+96,1.65215538588365e+96,8.39666866595479e+92,2.42369069571742e+97,3.38991990472477e+95,8.39666866595479e+92,6.32796427832165e+96,2.42369096559167e+97,8.39666866595479e+92,2
1.78544830180028e+200,1.99968112795495,8.90765551178037e+199,-178.000318872045,8.89665995575263e+199,-178.000318872045,6.55859266430984e+197,-178.000318872045,3.26716981566992e+197,1.99968112795495,3.26717107318951e+197,1.99968112795496,6.60789550693509e+198,1.99968112795496,2.84033444034354e+193,-178.000318872044,6.6077655576949e+198,-178.000318872045,1.10321722545313e+197,1.99968112795496,1.23130254104711e+192,-178.000318872041,1.10320125541553e+197,-178.000318872045,6.47830581103643e+297,-178.000318872045,1.5655277794375e+290,-178.000318872213,6.47830577010312e+297,1.99968112795495,1.00081204804289,0.999999747027394,0.207037115697185,0.207044383376668,0.000812301015493344,7.26767948311391e-06,4.89252801798836e+200,4.89650098579014e+200,1.67225168232662e+197,7.17727645802536e+201,1.8754220723854e+201,1.67225168232662e+197,1.87390037525311e+201,7.18310475132636e+201,1.67225168232662e+197,1.79613557910788e+198,1.79613512473478e+198,8.08392515013896e+194,2.63490808023072e+199,6.87942567088186e+198,8.08392515013896e+194,6.87942741118854e+198,2.63490741367115e+199,8.08392515013896e+194,3.01090982338689e+199,6.23370085458342e+198,3.38486319275889e+193,4.41696646665651e+200,2.38758660710183e+199,3.38486319275889e+193,1.15321670660924e+200,9.14475997387749e+199,3.38486319275889e+193,1.79613557910788e+198,1.79613512473478e+198,8.08392515013896e+194,2.63490808023072e+199,3.98635067479781e+197,8.08392515013896e+194,6.87942741118854e+198,2.63490741367115e+199,8.08392515013896e+194,2
9.70749153839726e+69,3.29914872782132,4.8050413666845e+69,-176.700851272179,4.78971325656465e+69,-176.700851272179,7.72134472999629e+67,-176.700851272179,3.84284629152684e+67,3.29914872782132,3.84285079838397e+67,3.29914872782132,3.56994831421912e+68,3.29914872782131,5.49612324753774e+65,3.29914872782132,3.54482086343061e+68,-176.700851272179,1.40194083635877e+67,3.29914872782131,6.49886939453672e+62,-176.700851272203,1.40188072184936e+67,-176.700851272179,1.1629382051861e+102,-176.700851272179,8.61745180158669e+94,3.29914872722389,1.16293815912964e+102,3.29914872782132,1.00210424138861,0.999999229096982,0.205046859741197,0.207078465329474,0.00210501229162441,0.00203160558827695,2.63203041055893e+70,2.6375688378849e+70,3.75789717160365e+67,3.86115518052335e+71,1.01022236702501e+71,3.75789717160365e+67,1.00810107901066e+71,3.86927998306204e+71,3.75789717160365e+67,2.11237925927573e+68,2.11237763083618e+68,1.18825466951595e+65,3.09883354214382e+69,8.09067463803251e+68,1.18825466951595e+65,8.09068087516281e+68,3.09883115324369e+69,1.18825466951595e+65,1.61370242142776e+69,3.30884614070528e+68,1.02078580120155e+66,2.36728095516029e+70,1.26733010049717e+69,1.02078580120155e+66,6.18068524481063e+69,4.85403525980759e+69,1.02078580120155e+66,2.11237925927573e+68,2.11237763083618e+68,1.18825466951595e+65,3.09883354214382e+69,5.06648406620717e+67,1.18825466951595e+65,8.09068087516281e+68,3.09883115324369e+69,1.18825466951595e+65,2
157697067.002309,33.9873765977026,79087368.5013463,-146.012357376307,83417441.0589876,-146.010462074735,18387211.8342558,-145.975765727977,8985821.55655823,34.0240304707732,8985835.89311938,34.0240304386359,7745237.4292924,33.9924604619534,13962.3757930133,-145.97584599767,7574369.9825129,-146.008254516897,2490834.87277807,34.0226748385426,201.595264853831,-145.993292179553,2490629.31043057,-145.97732387142,1980702101.74147,-146.016346357497,167.64245997482,34.3725524551711,1980701910.55016,33.9836536095882,0.964321339733334,0.999999863023663,0.206967246046769,0.207053381003395,0.0356785232903288,8.61349566257663e-05,456835568.272767,440536287.234634,1602579.33346873,6701719759.79999,1687309936.55304,1602579.33346873,1749738253.2462,6462611377.28768,1602579.33346873,49283109.3447014,49283102.5940817,138518.371621333,722976954.199339,188760542.821907,138518.371621333,188760568.677638,722976855.168604,138518.371621333,34494377.3153102,7139206.2770479,52301.6992394957,506028133.776972,27344066.8553801,52301.6992394957,132117846.556266,104731249.270006,52301.6992394957,49283109.3447014,49283102.5940817,138518.371621333,722976954.199339,9010662.5499343,138518.371621333,188760568.677638,722976855.168604,138518.371621333,2
1.96848167392835e+74,3.16957369426662,9.78217115614337e+73,-176.830426305733,9.7980039719666e+73,-176.830426305733,1.48658443777891e+72,-176.830426305733,7.39933325832963e+71,3.16957369426662,7.39933205304022e+71,3.16957369426662,7.33800379769335e+72,3.16957369426663,8.67199920737171e+69,3.16957369426672,7.34667599323498e+72,-176.830426305733,2.31883842467667e+71,3.16957369426662,4.6209005941456e+66,-176.830426305575,2.318791351274e+71,-176.830426305733,3.43808129418768e+108,-176.830426305733,7.69344476608323e+101,3.16957369427449,3.43808051390345e+108,3.16957369426663,0.998937430438531,1.00000010707128,0.205903816052656,0.207052945092275,0.00106267663275228,0.00114912903961886,5.38392050154761e+74,5.3781997115013e+74,3.48805370578584e+71,7.89814298979242e+75,2.05991880281807e+75,3.48805370578584e+71,2.06210993807066e+75,7.88975066345933e+75,3.48805370578584e+71,4.06739344066221e+72,4.06739387616325e+72,2.2393022139764e+69,5.96681451385837e+73,1.55786351816915e+73,2.2393022139764e+69,1.55786335136672e+73,5.96681515273285e+73,2.2393022139764e+69,3.34678616659084e+73,6.89116043213295e+72,6.54447525332261e+64,4.90969279587159e+74,2.63940197628399e+73,6.54447525332261e+64,1.28186161232146e+74,1.0109244823162e+74,6.54447525332261e+64,4.06739344066221e+72,4.06739387616325e+72,2.2393022139764e+69,5.96681451385837e+73,8.37917508579823e+71,2.2393022139764e+69,1.55786335136672e+73,5.96681515273285e+73,2.2393022139764e+69,2
5.24466702615407e+17,11.4845126598011,2.5519466618664e+17,-168.515487340199,2.55815371608547e+17,-168.515487340199,1.79170750829647e+16,-168.515487340186,8869516732871190.0,11.484512659814,8869498269301320.0,11.484512659814,2.1249097551008e+16,11.4845126598005,14120980174846.5,11.4845126598202,2.12931034003775e+16,-168.515487340199,2795966283013280.0,11.4845126598115,214250743687.039,11.4845126595118,2796151833397310.0,-168.515487340189,3.25356194359846e+23,-168.5154873402,9059498229205370.0,11.4845126548116,3.25356156729382e+23,11.4845126598004,0.998400212893158,1.00000136924246,0.20648054240309,0.206959957157658,0.0016011563492988,0.000479414754568169,1.40191343051228e+18,1.39967066748124e+18,4485554940073590.0,2.05658919560822e+19,5.36091644111275e+18,4485554940073590.0,5.36950650839498e+18,2.05329909072902e+19,4485554940073590.0,4.87229045389752e+16,4.87229712524447e+16,59353360264062.5,7.14758820855945e+17,1.86615168636158e+17,59353360264062.5,1.86614913115096e+17,7.14759799534069e+17,59353360264062.5,9.70213131859409e+16,2.00330133712931e+16,9961623064902.33,1.42329034089512e+18,7.67289857838194e+16,9961623064902.33,3.71603953044784e+17,2.93881761585104e+17,9961623064902.33,4.87229045389752e+16,4.87229712524447e+16,59353360264062.5,7.14758820855945e+17,1.00994160061397e+16,59353360264062.5,1.86614913115096e+17,7.14759799534069e+17,59353360264062.5,2
4.7557658275793e+17,11.5090867324218,2.40594105717608e+17,-168.490913267578,2.44308813943991e+17,-168.490913267578,1.66246829198458e+16,-168.490913267564,8229567984951340.0,11.5090867324361,8229563968133590.0,11.5090867324361,1.76194692842054e+16,11.5090867324198,84371049586562.8,-168.490913267565,1.75479681724547e+16,-168.49091326758,2734192820233750.0,11.5090867324324,66886608479.0995,11.5090867309898,2734258504940740.0,-168.490913267568,2.90144600357142e+23,-168.490913267579,1.74968078534516e+16,-168.490913267833,2.90144616704531e+23,11.5090867324213,0.990008087828146,1.00000032104821,0.21167350711928,0.207010453399297,0.00999223322006537,0.00466305371998324,1.34330289028733e+18,1.32988072578738e+18,3108778967889570.0,1.97060827756299e+19,5.09361209978211e+18,3108778967889570.0,5.14502069468579e+18,1.95091813272845e+19,3108778967889570.0,4.52074219585153e+16,4.52074364722772e+16,55183655586951.7,6.63187137933407e+17,1.73150223888678e+17,55183655586951.7,1.73150168299126e+17,6.63187350848451e+17,55183655586951.7,8.00433822394583e+16,1.69430634403152e+16,4289979278597.62,1.17422625042871e+18,6.48940850660642e+16,4289979278597.62,3.06576321001266e+17,2.48552588579768e+17,4289979278597.62,4.52074219585153e+16,4.52074364722772e+16,55183655586951.7,6.63187137933407e+17,9878386993119130.0,55183655586951.7,1.73150168299126e+17,6.63187350848451e+17,55183655586951.7,2
2.05253471420941e+45,4.58073563408605,1.03009895750958e+45,-175.419264365914,1.03218255594053e+45,-175.419264365914,2.52028241037784e+43,-175.419264365914,1.2532065759201e+43,4.58073563408605,1.25320676813798e+43,4.58073563408605,7.7100027498307e+43,4.58073563408605,1.14492911196217e+41,-175.419264365914,7.7673636655629e+43,-175.419264365914,4.80111700326403e+42,4.58073563408606,1.93623235861043e+37,4.58073563455196,4.80116578203394e+42,-175.419264365914,9.79612330156846e+64,-175.419264365914,9.05010071460883e+57,-175.419264366588,9.7961248312974e+64,4.58073563408605,0.998674149663548,0.999999899168179,0.208956793175714,0.207030388348349,0.00132574950463127,0.00192640482736459,5.67828737468114e+45,5.67075881545495e+45,3.24893308023393e+42,8.32997545366301e+46,2.17197265568652e+46,3.24893308023393e+42,2.1748561894971e+46,8.31893115290513e+46,3.24893308023393e+42,6.8880140213186e+43,6.88801332678761e+43,4.62302210659095e+40,1.01046290784627e+45,2.63819659496254e+44,4.62302210659095e+40,2.63819686097673e+44,1.01046280595945e+45,4.62302210659095e+40,3.54266959536936e+44,7.40264877929484e+43,2.29367356172738e+41,5.19705129779947e+45,2.83530851011685e+44,2.29367356172738e+41,1.35688745363383e+45,1.08595917315786e+45,2.29367356172738e+41,6.8880140213186e+43,6.88801332678761e+43,4.62302210659095e+40,1.01046290784627e+45,1.73475054360727e+43,4.62302210659095e+40,2.63819686097673e+44,1.01046280595945e+45,4.62302210659095e+40,2
2.77319014066826e+26,7.47636178619179,1.38637249654776e+26,-172.523638213808,1.39529967699027e+26,-172.523638213808,6.03535857935098e+24,-172.523638213808,3.01158904391325e+24,7.47636178619179,3.01159044024339e+24,7.47636178619178,9.58952815184196e+24,7.47636178619179,8.08581165827767e+21,7.47636178619229,9.59716510074165e+24,-172.523638213808,6.66746924955794e+23,7.47636178619179,2.9232216082361e+19,-172.523638214016,6.66716512345579e+23,-172.523638213808,4.26929348715464e+36,-172.523638213808,4.78513005702096e+29,7.47636178700403,4.26929296287274e+36,7.47636178619179,0.99579371505879,0.99999969532708,0.206224628069874,0.207075755553076,0.00420598026828967,0.000851127483202069,7.66855388287871e+26,7.6362977601603e+26,2.82734428992289e+23,1.12496711410382e+28,2.9247990375725e+27,2.82734428992289e+23,2.93715354228744e+27,1.12023518187241e+28,2.82734428992289e+23,1.65596864056766e+25,1.65596813603886e+25,4.0596983981122e+21,2.42928496177757e+26,6.34256830031667e+25,4.0596983981122e+21,6.34257023272607e+25,2.42928422164023e+26,4.0596983981122e+21,4.37228983895895e+25,9.01673845852997e+24,1.49620919529855e+20,6.41409365739849e+26,3.45352535925705e+25,1.49620919529855e+20,1.67464254467556e+26,1.32274407890234e+26,1.49620919529855e+20,1.65596864056766e+25,1.65596813603886e+25,4.0596983981122e+21,2.42928496177757e+26,2.40952120763511e+24,4.0596983981122e+21,6.34257023272607e+25,2.42928422164023e+26,4.0596983981122e+21,3
1.95041110630756e+28,6.99572465281892,9.73267016920384e+27,-173.004275347181,9.74085738414683e+27,-173.004275347181,3.92183353964024e+26,-173.004275347181,1.95712523642833e+26,6.99572465281893,1.95712431181086e+26,6.99572465281893,7.28549898412696e+26,6.99572465281892,7.82995498411587e+23,-173.004275347181,7.27697919905193e+26,-173.004275347181,4.52047796904788e+25,6.99572465281891,1.83953883039865e+21,6.99572465338994,4.52063518283546e+25,-173.004275347181,2.53353381526442e+39,-173.004275347181,2.55247878447968e+32,-173.004275346073,2.5335339758527e+39,6.99572465281893,0.99944764353435,1.00000031044225,0.2080580424635,0.206994601581683,0.000552666907896238,0.00106344088181698,5.35567974901593e+28,5.35272150467861e+28,1.01945032416385e+25,7.85671416453944e+29,2.05016032598354e+29,1.01945032416385e+25,2.05129337114003e+29,7.85237445767189e+29,1.01945032416385e+25,1.07616565900877e+27,1.07616599309605e+27,2.52799713368156e+23,1.57872135242565e+28,4.12185244700242e+27,2.52799713368156e+23,4.12185116740569e+27,1.57872184252745e+28,2.52799713368156e+23,3.31656170913506e+27,6.90037336912038e+26,2.29943363639674e+22,4.86535390069176e+28,2.64293064817191e+27,2.29943363639674e+22,1.2702852612081e+28,1.01227600847008e+28,2.29943363639674e+22,1.07616565900877e+27,1.07616599309605e+27,2.52799713368156e+23,1.57872135242565e+28,1.63309344045822e+26,2.52799713368156e+23,4.12185116740569e+27,1.57872184252745e+28,2.52799713368156e+23,3
21273.0217890619,-22.1762389093893,10447.7547750422,162.433686405038,10388.1734850628,165.47041238227,4262.29950047646,79.911070009173,2115.00410296393,-99.690098442761,2115.01605264107,-99.6900661011951,1881.59398906568,-71.9788646261548,13.7941539842946,-99.8912179309217,1895.11396243967,107.804813811814,416.951219499246,-87.5048092526711,0.147474170958637,85.9286761932088,416.804453849106,92.4975168628828,3702.80215580476,-100.541241317767,1.21049971143152,104.328559245214,3701.70393314133,79.45087895464,0.847560780009605,1.03675567949799,1.28483966673631,1.02593202999054,0.189194899488383,0.258907636745771,561335.602294912,475766.040928237,763.986560245259,8234721.98542317,1822244.36804488,763.986560245259,2149986.65703271,6979427.3891275,763.986560245259,11675.2373996924,12104.3686836184,14.5763117634723,171274.249677416,46361.2695421224,14.5763117634723,44717.6422168926,177569.551104817,14.5763117634723,18904.620180237,24289.4058921522,0.496816384509838,277328.376799597,93031.5097810999,0.496816384509838,72407.0965347874,356322.499223715,0.496816384509838,11675.2373996924,12104.3686836184,14.5763117634723,171274.249677416,37967.455724102,14.5763117634723,44717.6422168926,177569.551104817,14.5763117634723,3
1.85705107307538e+18,11.0812564602476,9.4700596382885e+17,-168.918743539752,9.27045111218331e+17,-168.918743539752,6.24878776929535e+16,-168.918743539749,3.11613561710965e+16,11.0812564602513,3.11614008340304e+16,11.0812564602513,6.51703039963222e+16,11.0812564602468,329073131993392.0,11.0812564602514,6.54873926423119e+16,-168.918743539753,7790191719791520.0,11.0812564602503,503579905356.023,-168.918743539263,7789703574604190.0,-168.91874353975,2.25505010243985e+24,-168.918743539753,7.25582031803821e+16,-168.918743537172,2.25505020551224e+24,11.0812564602475,1.01407770245903,0.999999058099485,0.20220859416592,0.207095882918069,0.0140786443595496,0.00488728875214967,5.12324536178979e+18,5.1953688856177e+18,5666667323932800.0,7.51573587083523e+19,1.9898922742072e+19,5666667323932800.0,1.96226804847589e+19,7.62154016418554e+19,5666667323932800.0,1.71332622223966e+17,1.71332460845681e+17,55040229275543.2,2.51342780554057e+18,6.5622508750347e+17,55040229275543.2,6.562257056028e+17,2.51342543814162e+18,55040229275543.2,2.9808701201145e+17,6.02757556379549e+16,3994828667894.38,4.37289860351699e+18,2.30863800254883e+17,3994828667894.38,1.14171111869484e+18,8.84237679047283e+17,3994828667894.38,1.71332622223966e+17,1.71332460845681e+17,55040229275543.2,2.51342780554057e+18,2.81549443651219e+16,55040229275543.2,6.562257056028e+17,2.51342543814162e+18,55040229275543.2,3
276206944670286.0,14.7000698388614,134440679064245.0,-165.299930161775,133511642664026.0,-165.29993016195,12399944596485.0,-165.299930136556,6179883531513.91,14.7000698633322,6179880745435.46,14.7000698633322,8609366138600.52,14.7000698300205,389171496.159728,14.7000698634585,9497809017844.82,-165.299930166862,1596816277679.41,14.7000698556889,46901018.3522848,14.7000699968327,1596859715870.81,-165.299930144307,3.94749662156812e+18,-165.299930162517,230169490405.23,-165.299930164648,3.94749679134782e+18,14.7000698374831,1.00458309716347,1.00000029630515,0.212381967161663,0.207005654170885,0.00458280085832818,0.00537631299077851,732438924482915.0,735795763240131.0,2751540980671.82,1.07447859885616e+16,2818191233194500.0,2751540980671.82,2805334114372320.0,1.07940303867479e+16,2751540980671.82,33975953287883.7,33975963355133.5,13393439845.2275,498422919144286.0,130132255240407.0,13393439845.2275,130132216681562.0,498423066829562.0,13393439845.2275,43573598405690.8,9254246545712.92,296017902582.713,639219153939978.0,35444939734502.4,296017902582.713,166892416565301.0,135758621361187.0,296017902582.713,33975953287883.7,33975963355133.5,13393439845.2275,498422919144286.0,5769028242560.68,13393439845.2275,130132216681562.0,498423066829562.0,13393439845.2275,3
6.53369039608036e+45,4.54011118179647,3.27192512709884e+45,-175.459888818204,3.27301722226277e+45,-175.459888818204,7.89907880444381e+43,-175.459888818204,3.94366291111086e+43,4.54011118179648,3.94366321258549e+43,4.54011118179647,2.16423772149558e+44,4.54011118179647,5.66346091890545e+40,4.54011118179525,2.16487320103203e+44,-175.459888818204,9.5376280577701e+42,4.54011118179647,4.35146879711906e+37,-175.459888821525,9.53757956802785e+42,-175.459888818204,5.47900448552837e+65,-175.459888818204,2.67682507001781e+57,4.5401111618387,5.47900443985877e+65,4.54011118179647,0.999780829686917,0.99999994976984,0.206785338702158,0.207038229537463,0.000219120082922131,0.000252890835305053,1.80043151175287e+46,1.80003691061476e+46,3.75065109374957e+42,2.64121015885445e+47,6.89437000640282e+46,3.75065109374957e+42,6.89588137888361e+46,2.64063128399702e+47,3.75065109374957e+42,2.16862298245672e+44,2.16862287352644e+44,3.917560249153e+40,3.18134236964862e+45,8.3061010617463e+44,3.917560249153e+40,8.30610147896311e+44,3.18134220984928e+45,3.917560249153e+40,9.86400266010501e+44,2.03973113102881e+44,2.30444815194908e+39,1.44703666108754e+46,7.81242931629015e+44,2.30444815194908e+39,3.77803831031886e+45,2.99225966077427e+45,2.30444815194908e+39,2.16862298245672e+44,2.16862287352644e+44,3.917560249153e+40,3.18134236964862e+45,3.44623996233066e+43,3.917560249153e+40,8.30610147896311e+44,3.18134220984928e+45,3.917560249153e+40,3
9041.27695985604,-13.1486889497817,4529.30781509107,164.976451138367,4564.88641939539,162.832172899549,1769.79796749057,85.5295223153788,878.134606865414,-94.0570943796623,878.136513116107,-94.0565229810705,1434.15911376912,-78.9722875446663,9.6208533072147,85.7238619647275,1400.88056761318,101.400534411267,189.885946555116,-84.7877044505102,0.107600872241602,165.919838442684,189.850394767834,95.1816472159664,1538.68906658642,-94.4174128914903,1.20956852312885,104.348838011797,1537.54384788426,85.568086457239,0.933412473940695,1.11331716844239,1.24067780864928,1.00475531379991,0.179904694501692,0.235922494849371,540305.47002153,504327.865456486,156.703364425907,7926212.61619739,1931639.78388024,156.703364425907,2069438.57920092,7398425.72706475,156.703364425907,4813.36178475741,5358.79831289491,6.1799841833845,70611.4059943651,20524.8782071735,6.1799841833845,18435.7870236469,78612.8905813824,6.1799841833845,19840.5536775644,24615.7346590691,8.30404535061826,291058.402324127,94281.3904083201,8.30404535061826,75991.8407108157,361109.700784459,8.30404535061826,4813.36178475741,5358.79831289491,6.1799841833845,70611.4059943651,41879.7314590662,6.1799841833845,18435.7870236469,78612.8905813824,6.1799841833845,3
5390.96096152623,-15.8611253562867,2618.23353224401,173.969014141579,2620.51044502891,173.224060499572,1029.21323062927,87.2182337138707,510.661870379301,-92.3639413577958,510.67348667282,-92.3637572033566,1343.51623721146,-83.0436725033844,2.06778664245419,-92.5703740783355,1274.02256715708,97.4811071413566,109.212853071013,-79.5339418313818,0.143681004535453,95.5747526860725,109.068959951311,100.472583375801,895.022997594838,-92.6532638961668,1.20996085789143,104.322428337533,893.86579004122,87.3240920636088,0.959998116455685,1.17746458508183,1.23191066223946,1.00219612380228,0.217466468626147,0.229714538437175,536787.365279202,515314.859605243,296.338898488938,7874602.46649331,1973721.36702614,296.338898488938,2055963.79117193,7559603.53567086,296.338898488938,2835.20658551391,3338.35534583341,3.60855829575414,41592.1204846043,12786.3250088399,3.60855829575414,10859.2013474029,48973.2488890782,3.60855829575414,20085.0604615559,24743.0001343149,24.1956695896518,294645.285788294,94768.8333436349,24.1956695896518,76928.3327504913,362976.669141191,24.1956695896518,2835.20658551391,3338.35534583341,3.60855829575414,41592.1204846043,42145.1101704668,3.60855829575414,10859.2013474029,48973.2488890782,3.60855829575414,3
5790.9763085574,-13.9261120462124,2888.16602003888,165.726992182031,2870.4639817393,167.617817874127,1116.35672055872,86.970722879209,553.902295631638,-92.6123933885976,553.906081333353,-92.6116600679446,1223.80325222018,-81.4513431393914,2.37100572936063,-92.8094249424426,1226.26473198231,98.5255568810931,117.220425970448,-76.0235197790698,0.0975426032796772,148.929074887467,117.150922724884,103.942847761421,970.58183644817,-92.8850017758494,1.21006886454972,104.299965121485,969.425831333728,87.093867565576,0.956220063780486,1.14881719658056,1.21814269374823,1.00289692513285,0.192597132800076,0.215245768615379,536412.395512911,512928.295049999,22.7572558250849,7869101.70765007,1964580.52164069,22.7572558250849,2054527.60933878,7524592.93678428,22.7572558250849,3108.81249862574,3571.45725936583,3.91163449508421,45605.8844768267,13679.1349460229,3.91163449508421,11907.1467477495,52392.824352245,3.91163449508421,20306.0969710204,24735.7236637916,0.0465118358030268,297887.863306318,94740.9635372814,0.0465118358030268,77774.9306575594,362869.924242864,0.0465118358030268,3108.81249862574,3571.45725936583,3.91163449508421,45605.8844768267,42126.4984165431,3.91163449508421,11907.1467477495,52392.824352245,3.91163449508421,3
10813.3496863488,-16.6348590105243,5363.68383022936,164.630387034376,5387.08342147373,163.331472005217,2111.22046438382,84.6201354373091,1047.54231127952,-94.9692241631399,1047.54412962059,-94.9687950525552,1531.32317532349,-78.0840688771992,1.65713776435536,84.9006250715869,1574.2298613206,101.437734747548,219.656556279165,-74.5461733659064,0.0972099008673702,162.553572034555,219.601797122574,105.432724770239,1834.5110290646,-95.3153081206636,1.21020515337569,104.276589968196,1833.37083326999,84.6720098519386,0.921207165498429,1.06961221701117,1.27688740637937,1.00888982433525,0.148405051512743,0.267997582044125,543549.071152014,500721.299145251,43.8263486989513,7973795.83278287,1917826.17680605,43.8263486989513,2081861.98352939,7345517.85738109,43.8263486989513,5862.31244906514,6270.40101545676,7.34627872573807,85999.3790031767,24016.4323487781,7.34627872573807,22453.4013045283,91985.9864371719,7.34627872573807,19241.3655736759,24569.0573825683,15.4926405503212,282268.388948308,94102.6105104248,15.4926405503212,73696.8741646953,360424.951067089,15.4926405503212,5862.31244906514,6270.40101545676,7.34627872573807,85999.3790031767,41812.8322882876,7.34627872573807,22453.4013045283,91985.9864371719,7.34627872573807,3
13736.6008391127,-17.9385984341717,6760.53366316992,166.218916782204,6716.45872692609,170.200587338304,2701.28478796651,83.3877665016912,1340.33718265285,-96.2041407597774,1340.34252403653,-96.2038413231993,1344.75416626845,-71.3204811421413,3.50657714330724,-96.4228218957261,1347.49985938598,108.624835238184,312.159476094416,-87.0933169017656,0.10469176689724,137.839668895762,312.085579216898,92.8931018533051,2349.23533046366,-96.69685248668,1.20909162656104,104.342879691338,2348.10689717324,83.292555539672,0.898125685142673,1.0778170150549,1.19092740161279,1.01020050986738,0.179691329912223,0.180726891745402,550564.736537854,494476.331218456,493.807332889112,8076714.75287089,1893907.15641733,493.807332889112,2108732.87307941,7253904.9711241,493.807332889112,7364.48796498309,7937.57043582578,9.36908201062166,108036.103016978,30401.9029908543,9.36908201062166,28206.9243352091,116443.150071923,9.36908201062166,20553.6018346049,24477.8476266698,0.158390131952055,301518.728217301,93753.2655599684,0.158390131952055,78722.9057228889,359086.915533423,0.158390131952055,7364.48796498309,7937.57043582578,9.36908201062166,108036.103016978,44745.117215653,9.36908201062166,28206.9243352091,116443.150071923,9.36908201062166,3
1.4558310507187e+45,4.59401951048914,7.28516246684826e+44,-175.405980489511,7.31394133563208e+44,-175.405980489511,1.78569289749656e+43,-175.405980489511,8.91508860334442e+42,4.59401951048914,8.91508459291747e+42,4.59401951048914,4.92966799561717e+43,4.59401951048914,4.44780475135188e+40,-175.40598048951,4.92605294977268e+43,-175.405980489511,2.32171912963518e+42,4.59401951048914,3.9663028761515e+37,4.59401951125171,2.32176670227872e+42,-175.405980489511,5.74423969691914e+64,-175.405980489511,1.55864392303089e+57,4.59401950819423,5.74423968034852e+64,4.59401951048914,0.997414147575912,1.00000029558288,0.207907738042342,0.207017739590176,0.00258614800696322,0.000889998452165641,4.02131258263679e+45,4.01091406174696e+45,1.35977650977758e+42,5.89921448044916e+46,1.5362310318472e+46,1.35977650977758e+42,1.54021379742889e+46,5.88395998238467e+46,1.35977650977758e+42,4.90240504514841e+43,4.90240649421538e+43,8.91859290124213e+39,7.19176593141221e+44,1.8776839571234e+44,8.91859290124213e+39,1.87768340211234e+44,7.19176805717506e+44,8.91859290124213e+39,2.24506462442549e+44,4.66766307823183e+43,2.77586302286309e+39,3.29348128746331e+45,1.78777424711613e+44,2.77586302286309e+39,8.59888267723847e+44,6.84740244761276e+44,2.77586302286309e+39,4.90240504514841e+43,4.90240649421538e+43,8.91859290124213e+39,7.19176593141221e+44,8.38843829328313e+42,8.91859290124213e+39,1.87768340211234e+44,7.19176805717506e+44,8.91859290124213e+39,3
122642.456313641,-90.7679838689465,62244.4898428623,86.0532409843321,62485.6478471586,85.4921703990275,23556.7803051742,17.0704550549247,11708.0279070304,-162.36106458805,11707.9438907292,-162.36061570633,5776.52067804623,-103.937922004031,117.116509440148,17.3563571498711,5724.0802630692,76.9365936301866,2841.74990622663,-147.879419146869,1.54124640066801,151.568224118655,2842.51961244229,32.0934660530721,20419.8802258537,-179.226596282917,1.20994915816174,104.432518183472,20420.1665567856,0.770104805516363,1.14515037927123,0.994126635912955,9.84594828207928,7.12100669135255,0.151023743358276,2.72494159072672,367783.372119093,421167.268071832,2584.53439163105,5395335.35353957,1613124.13292757,2584.53439163105,1408657.03066365,6178470.32640132,2584.53439163105,64879.2972285042,64498.2374941696,90.7607647892439,951771.04944375,247036.442099279,90.7607647892439,248495.949283578,946180.951542857,90.7607647892439,2674.57234973736,26333.7010321933,4.95905459814404,39235.6366493499,100861.419831623,4.95905459814404,10243.9518207913,386312.049263953,4.95905459814404,64879.2972285042,64498.2374941696,90.7607647892439,951771.04944375,47034.1892887323,90.7607647892439,248495.949283578,946180.951542857,90.7607647892439,3
24763.3295770829,-21.7496404557938,12530.1837962345,154.092344153368,12534.1984942487,154.01999898585,5056.35135461984,78.1220434771818,2509.07495406099,-101.483344427301,2509.08586955494,-101.483263423477,1939.48119888469,-69.4738477125873,16.655096122351,-101.652024643115,2042.18946817902,108.730511068929,571.032056086712,-85.9490518416979,0.146643705546282,95.5187274289652,570.889555321167,94.0504556397093,4395.67668170144,-102.558639644378,1.20987434386518,104.283243061447,4394.59740105844,77.4342378911548,0.826987001736306,1.03064039876058,1.3011406722353,1.03887102218357,0.203653397024273,0.262269650051733,556775.510260578,460446.109870597,616.124848864541,8167826.01449746,1763567.08617299,616.124848864541,2132520.92532323,6754685.94643306,616.124848864541,13907.6405675248,14333.7762203326,17.1824058193538,204023.320592074,54900.1835846804,17.1824058193538,53268.0299071353,210274.676491473,17.1824058193538,18584.1052941422,24180.5352553119,34.5022952954711,272626.464132042,92614.5214133708,34.5022952954711,71179.4838095892,354725.380809899,34.5022952954711,13907.6405675248,14333.7762203326,17.1824058193538,204023.320592074,44051.0656272681,17.1824058193538,53268.0299071353,210274.676491473,17.1824058193538,3
1.19063073632949e+54,3.97880764828713,5.88045298146904e+53,-176.021192351713,5.87684894377724e+53,-176.021192351713,1.21312698797558e+52,-176.021192351713,6.05722702471678e+51,3.97880764828714,6.05722673623371e+51,3.97880764828714,4.03885038509102e+52,3.97880764828714,2.48324238794884e+49,-176.021192351713,4.03689963368434e+52,-176.021192351713,2.04529549454826e+51,3.97880764828714,1.18173052209e+46,3.97880764824372,2.04530427574502e+51,-176.021192351713,1.42631822744735e+78,-176.021192351713,5.34867785369469e+70,-176.021192353268,1.42631826143363e+78,3.97880764828714,1.00040346147859,1.00000003129354,0.207630232280758,0.207028276677414,0.000403430185046849,0.000601955603344029,3.22764006729082e+54,3.22894229572473e+54,4.96684793495453e+51,4.73490698157938e+55,1.23672591293959e+55,4.96684793495453e+51,1.23622714290864e+55,4.73681733415115e+55,4.96684793495453e+51,3.33091419484982e+52,3.33091429908592e+52,5.60537293510444e+48,4.88640881493159e+53,1.27578248546433e+53,5.60537293510444e+48,1.27578244554058e+53,4.88640896784463e+53,5.60537293510444e+48,1.83971552040608e+53,3.81980560832431e+52,1.77496993759231e+48,2.69883930056747e+54,1.46303406674735e+53,1.77496993759231e+48,7.04634412183784e+53,5.60360630865263e+53,1.77496993759231e+48,3.33091419484982e+52,3.33091429908592e+52,5.60537293510444e+48,4.88640881493159e+53,7.38998280430731e+51,5.60537293510444e+48,1.27578244554058e+53,4.88640896784463e+53,5.60537293510444e+48,3
16749.698956104,-17.4298611713781,8457.56728093505,158.747090807751,8413.37279878006,160.073489498829,3343.24539376856,81.9750718163866,1658.89507173632,-97.620187340888,1658.89490084297,-97.6197661830646,1739.81280201217,-74.1240865098573,7.66769830416692,82.1536327370081,1733.78984056043,105.963405295588,419.039644008211,-91.6407666489347,0.147801732532698,175.817961960552,419.033064000318,88.3390445879381,2909.11141882817,-98.2587167729107,1.20830832937678,104.365292570896,2907.99612553272,81.732125058829,0.878227886284788,1.07062141960573,1.27513228663784,1.01330878857351,0.192393533320944,0.261823498064328,549740.312599229,482797.272739559,311.855400632637,8064620.55840869,1849174.87898173,311.855400632637,2105575.22467704,7082574.66670011,311.855400632637,9088.09065521352,9729.90451879029,11.5440099795192,133321.135552502,37266.7701889518,11.5440099795192,34808.5415689476,142736.463408669,11.5440099795192,19109.557928078,24367.2142974683,0.362225746421112,280334.787529453,93329.5258566005,0.362225746421112,73192.0341399904,357463.938646563,0.362225746421112,9088.09065521352,9729.90451879029,11.5440099795192,133321.135552502,47653.6551093868,11.5440099795192,34808.5415689476,142736.463408669,11.5440099795192,3
5705.42828583674,-13.0198281953413,2831.20041082162,168.269257399151,2837.65210001037,167.477839511369,1102.16881335306,87.0658629783974,546.859177714194,-92.5163972287633,546.864382800424,-92.5155887856501,1252.70958992191,-81.7841397978696,2.45499045860574,87.2758632987781,1249.48606043963,98.2444382021025,136.468212515821,-83.12354796045,0.111292973379551,144.497931920121,136.392749349171,96.8419497207082,959.391996751446,-92.8179290020644,1.20859137881222,104.336581757211,958.237215557539,87.1607564156038,0.957264277001676,1.20503934091398,1.22489071355903,1.00208998159467,0.2477750639123,0.222800731964361,535772.299796844,512875.683202551,31.8688873621248,7859711.58479963,1964379.01158227,31.8688873621248,2052075.96144197,7523821.12766492,31.8688873621248,3003.93139677329,3619.85551051848,3.8679195148145,44067.2920345358,13864.5063954312,3.8679195148145,11505.4388057701,53102.8205491607,3.8679195148145,20168.5328781163,24704.2486285147,0.276127939980843,295869.815536658,94620.4101542457,0.276127939980843,77248.0427084938,362408.189473276,0.276127939980843,3003.93139677329,3619.85551051848,3.8679195148145,44067.2920345358,48543.3947169009,3.8679195148145,11505.4388057701,53102.8205491607,3.8679195148145,3
7382.98307299289,-16.9348977234177,3582.43102948185,173.334306656359,3583.57896958147,173.01216790494,1416.45812120008,86.2832122462744,702.800972915492,-93.3011837228347,702.808291635067,-93.3006677695177,1331.66749810099,-80.2860096633546,0.181683824465383,86.6171328831865,1332.6433716174,99.7041288081236,173.331969983527,-80.5548261192922,0.117375649716757,127.409602137994,173.228010260805,99.426991767594,1232.5420533132,-93.6001175925917,1.20885216902989,104.309248367228,1231.39181863661,86.3825857618845,0.945489874448569,1.14828763078413,1.23557970541005,1.00375560859409,0.202797756335556,0.231824096815962,540115.967251169,510674.178063975,433.140609031861,7923432.63462662,1955946.96726871,433.140609031861,2068712.75952,7491525.32691482,433.140609031861,3896.1328666264,4473.88117863859,4.95878990602072,57155.7742708118,17135.5331817511,4.95878990602072,14922.6837617765,65631.2686230627,4.95878990602072,19953.3678344,24653.9763507664,0.39471029339499,292713.371675372,94427.8609449391,0.39471029339499,76423.9332610286,361670.701544239,0.39471029339499,3896.1328666264,4473.88117863859,4.95878990602072,57155.7742708118,48431.1725594334,4.95878990602072,14922.6837617765,65631.2686230627,4.95878990602072,3
1.8232280966405e+18,11.0867970663765,9.26391448372709e+17,-168.913202933623,9.16773432959904e+17,-168.913202933623,6.11794351500067e+16,-168.91320293362,3.05086909942384e+16,11.0867970663803,3.0508726742366e+16,11.0867970663803,6.66307033106755e+16,11.0867970663759,170198642648556.0,11.0867970663821,6.68157601535732e+16,-168.913202933624,9534197584905250.0,11.0867970663794,484682863587.446,-168.913202933914,9533701265529620.0,-168.913202933621,2.19004389600656e+24,-168.913202933624,1.02276315387933e+17,11.0867970645879,2.19004377094926e+24,11.0867970663764,1.00687079232784,0.999999229976,0.204607453761484,0.207082481392874,0.00687156235184361,0.00247502763139038,5.05797287794003e+18,5.09272515918422e+18,6645594897371120.0,7.41998196611168e+19,1.95057842321363e+19,6645594897371120.0,1.93726785807738e+19,7.47096312127718e+19,6645594897371120.0,1.67743957554631e+17,1.67743828387758e+17,54005804467435.2,2.46078255066974e+18,6.42480169365398e+17,54005804467435.2,6.42480664090929e+17,2.46078065580812e+18,54005804467435.2,3.04298709618883e+17,6.22617841580247e+16,4952733416360.34,4.46402341841488e+18,2.38470541749952e+17,4952733416360.34,1.16550270953444e+18,9.13372465173505e+17,4952733416360.34,1.67743957554631e+17,1.67743828387758e+17,54005804467435.2,2.46078255066974e+18,3.44560773127647e+16,54005804467435.2,6.42480664090929e+17,2.46078065580812e+18,54005804467435.2,3
37987.4365239713,-29.8103116390569,19162.5239049856,147.166347264228,19275.1336265971,145.959009718985,8019.61405369293,71.8617752307702,3980.10526477286,-107.757636331959,3980.10681968635,-107.757499307993,2718.14211775691,-72.4981616835544,2.31433945881442,72.1343146019732,2714.63647743142,107.554397650373,963.766412766329,-89.2041103612705,0.1162302556591,154.412817722182,963.71409245289,90.7897127468289,6971.67509622482,-110.116546072961,1.2091410071134,104.258252637561,6970.67711663045,69.8778425611356,0.750199753893621,1.01378328890439,1.42421422575504,1.10196366196079,0.263583535010774,0.322250563794248,563045.800738054,422396.821144525,820.393903711828,8259810.37935649,1617833.47737249,820.393903711828,2156536.9342975,6196507.71380121,820.393903711828,22105.5444547399,22410.2315603485,26.5336437153007,324285.529328603,85834.0333995937,26.5336437153007,84667.0430840849,328755.250466854,26.5336437153007,16817.8919360776,23952.2809425727,0.662226040696149,246716.338511752,91740.2784029627,0.662226040696149,64414.6623056846,351376.919034632,0.662226040696149,22105.5444547399,22410.2315603485,26.5336437153007,324285.529328603,46444.7245196523,26.5336437153007,84667.0430840849,328755.250466854,26.5336437153007,3
2380302069504.04,18.020427288697,1129765027566.65,-161.979572856614,1131094501899.87,-161.979572853166,131236357455.386,-161.979569918016,65370677611.7629,18.0204300705551,65370718270.663,18.0204300705493,89714559272.2001,18.0204269382989,109214990.200118,-161.979569923725,79004972355.9835,-161.979573487089,18782028343.6819,18.0204298690469,530876.080966284,-161.979578519032,18781370076.7045,-161.979570130717,3104706251796860.0,-161.9795729326,50552375.2818236,18.0204284300181,3104706036249440.0,18.0204270674002,0.99922257127172,0.999999592079037,0.200511625421171,0.207060500085037,0.000777020807316786,0.00654887466386597,6179951870492.43,6175147398368.92,39814180012.6132,90659108969298.1,23651598896319.9,39814180012.6132,23670000634811.8,90588627973505.1,39814180012.6132,359373924373.507,359373777777.35,164987191.007963,5271969823270.81,1376447216157.17,164987191.007963,1376447777639.07,5271967672723.8,164987191.007963,356565567450.225,71495541498.6669,3533457308.67218,5230771583920.73,273837005226.517,3533457308.67218,1365691413908.43,1048830512498.82,3533457308.67218,359373924373.507,359373777777.35,164987191.007963,5271969823270.81,67870855794.5375,164987191.007963,1376447777639.07,5271967672723.8,164987191.007963,3
142111290.280563,34.4017398963211,70198086.4748461,-145.598707946967,72589603.5390327,-145.597359991492,16228612.1522275,-145.557753646584,8063491.12174487,34.4421871982498,8063487.31666381,34.4421871173947,3941324.34635163,34.3803014041846,23849.0973478465,-145.557795678144,3918026.48456389,-145.620066690707,2244886.75189558,34.4396469231628,50.3398190407533,34.5988630432809,2244939.38612564,-145.560349504014,1630722488.41813,-145.603872059213,23.34991085062,-148.389595577179,1630722524.37748,34.3961279009144,0.976638937331389,1.00000256449093,0.211647565865799,0.206870584976033,0.0233636271595363,0.00477698088976586,397734731.706039,388443225.713171,225466.536867776,5834717994.29066,1487786894.12131,225466.536867776,1523374542.27107,5698412781.57236,225466.536867776,44314825.3701484,44314939.0151159,33877.9221542366,650092859.358722,169731845.263685,33877.9221542366,169731409.989024,650094526.51596,33877.9221542366,17895720.8620384,3787585.75986422,183.740627156452,262527951.950927,14506934.5553409,183.740627156452,68542883.9967828,55563402.0021472,183.740627156452,44314825.3701484,44314939.0151159,33877.9221542366,650092859.358722,8115633.48520343,33877.9221542366,169731409.989024,650094526.51596,33877.9221542366,3
11318.3401948167,-13.0050226643057,5912.08549735932,155.534095118656,5931.28169904306,155.002401283674,2239.52797222996,84.3183090936142,1111.19173751532,-95.2710792847582,1111.19541506687,-95.2705867189074,1389.35249038953,-75.427212632599,3.65547868338524,84.5808473407444,1384.75933433413,104.641954593863,289.131404023866,-79.0165707674601,0.122874504809502,154.875202623736,289.05682407227,100.963879712294,1948.77937654008,-95.6363221845076,1.20837944980189,104.276164256679,1947.6431761006,84.3515706788531,0.916608275425337,1.08936325889461,1.21957715569323,1.0091077154717,0.172754983469271,0.210469440221522,539951.2754495,494923.807403477,807.846068847058,7921016.62681512,1895621.0470439,807.846068847058,2068081.96900063,7260469.38992043,807.846068847058,6194.46769967455,6748.02552043485,7.7980497641045,90872.0543396148,25845.794870194,7.7980497641045,23725.5981043643,98992.6772578507,7.7980497641045,20108.7739622255,24524.201353329,0.411123656035069,294993.159831053,93930.8062208734,0.411123656035069,77019.1584701189,359766.918815712,0.411123656035069,6194.46769967455,6748.02552043485,7.7980497641045,90872.0543396148,51320.7731887633,7.7980497641045,23725.5981043643,98992.6772578507,7.7980497641045,3
76553.6449021638,-57.8575902089271,37747.6086009014,123.59951660143,37154.8358472445,126.160309504816,16628.6878801798,54.1753538591563,8259.10917617123,-125.457312640946,8259.08846985922,-125.457139019138,5216.28459758553,-90.4885106599594,24.9973441544714,-125.628925308504,5237.08500963977,89.3514716476645,2219.86533463323,-114.941378383133,0.392587263449294,-175.915819188745,2220.06573264268,65.0497140609861,14333.9286949977,-135.062909163142,1.20832252798265,104.301480878952,14333.3134758042,44.9329348690539,0.602447566816323,1.00388655943432,3.13969080233047,1.45890354703497,0.401438992617993,1.68078725529551,547576.874452487,329886.355658788,1323.81519078345,8032883.19559357,1263506.6439825,1323.81519078345,2097288.98177743,4839390.93570507,1323.81519078345,45727.6178611632,45905.3409657703,51.0779786483886,670818.345750529,175823.286745833,51.0779786483886,175142.58468099,673425.521120918,51.0779786483886,7822.82801511028,24561.2611672549,0.13800051640203,114759.893334485,94072.7500155074,0.13800051640203,29962.4249450553,360310.581578708,0.13800051640203,45727.6178611632,45905.3409657703,51.0779786483886,670818.345750529,48468.3028494821,51.0779786483886,175142.58468099,673425.521120918,51.0779786483886,3
8.87803901211568e+18,10.6329014818372,4.34564185381987e+18,-169.367098518163,4.40510001757551e+18,-169.367098518163,2.83314788166396e+17,-169.367098518162,1.41292628436349e+17,10.632901481838,1.41292739989464e+17,10.632901481838,3.07382490037856e+17,10.632901481837,406499549795509.0,-169.367098518163,3.13743813699643e+17,-169.367098518163,5.06509437124016e+16,10.6329014818377,1806573537669.12,-169.367098517278,5.06495401890704e+16,-169.367098518162,2.35029603653124e+25,-169.367098518163,2.07129081440274e+18,10.6329014815117,2.35029601202695e+25,10.6329014818372,0.991096504456218,0.999999481160571,0.209520715435066,0.207068493517292,0.00890297670435314,0.00245222191777378,2.41295263311789e+19,2.39146892010156e+19,4.24323802400996e+16,3.53977086371966e+20,9.15962972579368e+19,4.24323802400996e+16,9.24191507548427e+19,3.50825452960853e+20,4.24323802400996e+16,7.76866824792028e+17,7.76866421722888e+17,243139913527566.0,1.13965376429123e+19,2.97549707193424e+18,243139913527566.0,2.97549861574024e+18,1.13965317299392e+19,243139913527566.0,1.43225211681458e+18,3.00086488198377e+17,2255941070527300.0,2.10109566305496e+19,1.14936936646208e+18,2255941070527300.0,5.48570753052001e+18,4.40223066520789e+18,2255941070527300.0,7.76866824792028e+17,7.76866421722888e+17,243139913527566.0,1.13965376429123e+19,1.83041426628554e+17,243139913527566.0,2.97549861574024e+18,1.13965317299392e+19,243139913527566.0,3
2.09649551285846e+26,7.51075176561108,1.04808319536162e+26,-172.489248234389,1.05486701673078e+26,-172.489248234389,4.58632196232123e+24,-172.489248234389,2.28851900021024e+24,7.51075176561107,2.28852006889558e+24,7.51075176561108,7.24101780792042e+24,7.51075176561108,6.14446065060729e+21,7.51075176561115,7.24682117490664e+24,-172.489248234389,5.06615490283278e+23,7.51075176561107,2.23057540989845e+19,-172.489248234381,5.06592287540171e+23,-172.489248234389,2.80434264547378e+36,-172.489248234389,3.14317786502972e+29,7.51075176550906,2.8043423010921e+36,7.51075176561108,0.995772048831292,0.999999693142248,0.206219476096053,0.207075933502692,0.00422764431095601,0.000856457406639671,5.79752046638115e+26,5.7730088329497e+26,2.15156641131577e+23,8.50488888470104e+27,2.21113571115571e+27,2.15156641131577e+23,2.22052397810408e+27,8.46893062980124e+27,2.15156641131577e+23,1.25837650730154e+25,1.25837612115896e+25,3.0942977384738e+21,1.8460223524486e+26,4.81974038161743e+25,3.0942977384738e+21,4.81974186059258e+25,1.84602178598233e+26,3.0942977384738e+21,3.30151314265968e+25,6.80836310603512e+24,1.13697888125614e+20,4.84327784481765e+26,2.60768954870581e+25,1.13697888125614e+20,1.26452146910276e+26,9.98778219745915e+25,1.13697888125614e+20,1.25837650730154e+25,1.25837612115896e+25,3.0942977384738e+21,1.8460223524486e+26,1.83083204597064e+24,3.0942977384738e+21,4.81974186059258e+25,1.84602178598233e+26,3.0942977384738e+21,3
1.47198231866663e+28,7.02528874546005,7.3452407458149e+27,-172.97471125454,7.351449262917e+27,-172.97471125454,2.97400789871354e+26,-172.97471125454,1.48412091636934e+26,7.02528874546005,1.48412021194503e+26,7.02528874546005,5.49480883094211e+26,7.02528874546005,5.93759872438881e+23,-172.97471125454,5.48834812136867e+26,-172.97471125454,3.42751161401832e+25,7.02528874546001,1.39891183074545e+21,7.02528874629286,3.42763122769504e+25,-172.97471125454,1.65986891579852e+39,-172.97471125454,1.6722805045167e+32,-172.974711253542,1.65986902100946e+39,7.02528874546005,0.999444996352229,1.00000031189087,0.208063624249454,0.206994485966535,0.000555315538643963,0.00106913828291949,4.04194029227327e+28,4.03969700066698e+28,7.71105931147833e+24,5.92947506847493e+29,1.5472552630513501e+29,7.71105931147833e+24,1.54811447223061e+29,5.92618418818256e+29,7.71105931147833e+24,8.16073957343467e+26,8.16074211869486e+26,1.92225679972701e+23,1.19717012973942e+28,3.12566788832695e+27,1.92225679972701e+23,3.12566691345997e+27,1.19717050312585e+28,1.92225679972701e+23,2.5013767580925e+27,5.20445513902076e+26,1.74370283018511e+22,3.66948793190372e+28,1.99337242467319e+27,1.74370283018511e+22,9.58059070567409e+27,7.63486958251522e+27,1.74370283018511e+22,8.16073957343467e+26,8.16074211869486e+26,1.92225679972701e+23,1.19717012973942e+28,1.23824165877092e+26,1.92225679972701e+23,3.12566691345997e+27,1.19717050312585e+28,1.92225679972701e+23,3
21110.4055554484,-22.0859106105995,10368.1623710464,162.522264371986,10309.1843873954,165.557716112387,4227.98314671754,79.9859728589371,2097.97328601731,-99.6150082177398,2097.98518621087,-99.614974804731,1866.49818285963,-71.890511195851,13.6830841431002,-99.8162263094914,1879.90765034059,107.893078127,413.589461995642,-87.4229831409894,0.146896404690124,86.166388830064,413.443227235771,92.5792976382221,3672.9919100263,-100.456290566604,1.2104990042663,104.328582732905,3671.892934776,79.535791147322,0.848634578730797,1.03711443568045,1.28146948658347,1.02554292806251,0.188479856949656,0.255926558520961,561127.08022713,476191.843342993,757.830168140435,8231662.99317505,1823875.24537836,757.830168140435,2149187.99102685,6985673.856467,757.830168140435,11581.094179167,12010.919954189,14.4632567029679,169893.18059028,46003.3490386509,14.4632567029679,44357.0617243101,176198.670113845,14.4632567029679,18957.3447702758,24293.2588697511,0.492816144799848,278101.839838446,93046.2671747049,0.492816144799848,72609.0384116567,356379.02191569,0.492816144799848,11581.094179167,12010.919954189,14.4632567029679,169893.18059028,37976.6730397521,14.4632567029679,44357.0617243101,176198.670113845,14.4632567029679,3
1.41547759593935e+18,11.1634994106746,7.21943395600236e+17,-168.836500589325,7.06606498161851e+17,-168.836500589325,4.80129409538157e+16,-168.836500589321,2.39426850865301e+16,11.1634994106794,2.3942719611849e+16,11.1634994106794,4.95903971523987e+16,11.1634994106735,252842920985749.0,11.1634994106797,4.98340318083454e+16,-168.836500589326,5981783391563900.0,11.1634994106782,389448565182.51,-168.836500588525,5981405802245300.0,-168.836500589322,1.49986153881015e+24,-168.836500589326,4.8259233123748e+16,-168.836500587879,1.49986160736472e+24,11.1634994106744,1.0141904559397,0.999999052368015,0.202161764831243,0.207096326141303,0.0141914035716874,0.00493456131005993,3.90516162844048e+18,3.96057765246628e+18,4357432607578370.0,5.72882250598008e+19,1.51695154772505e+19,4357432607578370.0,1.49572650663481e+19,5.81011710933757e+19,4357432607578370.0,1.31642413209677e+17,1.31642288461116e+17,42512085145542.8,1.93117748070852e+18,5.04206685867669e+17,42512085145542.8,5.04207163670505e+17,1.93117565066297e+18,42512085145542.8,2.26833366369282e+17,4.5857033667826e+16,3069421679667.05,3.32761667250766e+18,1.75638263658765e+17,3069421679667.05,8.68800605324065e+17,6.72716859196016e+17,3069421679667.05,1.31642413209677e+17,1.31642288461116e+17,42512085145542.8,1.93117748070852e+18,2.16191184366826e+16,42512085145542.8,5.04207163670505e+17,1.93117565066297e+18,42512085145542.8,3
211809289362953.0,14.8503279882203,103066747930844.0,-165.149672012619,102346649934285.0,-165.149672012849,9611403204312.9,-165.149671979746,4790013820370.44,14.8503280201092,4790011634183.54,14.8503280201091,6576425393963.58,14.8503279765301,301650725.626621,14.8503280202374,7265059429283.26,-165.149672019337,1235952458603.46,14.850328010176,36676062.1304822,14.8503281963645,1235986450620.79,-165.149671989819,2.64973450512243e+18,-165.149672013596,154501353308.81,-165.149672013896,2.6497346190875e+18,14.8503279864038,1.0046342045062,1.00000029997376,0.212452671290539,0.207005363970055,0.00463390453244417,0.00544730732048426,561453934210858.0,564055826562802.0,2131963832608.02,8236457899599710.0,2160405461498680.0,2131963832608.02,2150439883301170.0,8274627329913160.0,2131963832608.02,26334606800000.9,26334614699691.8,10459249919.6554,386325336762641.0,100864919294195.0,10459249919.6554,100864889037375.0,386325452650103.0,10459249919.6554,33333306104930.0,7081749924937.62,229444128198.016,488995366598708.0,27124001728753.8,229444128198.016,127670796342496.0,103888371882592.0,229444128198.016,26334606800000.9,26334614699691.8,10459249919.6554,386325336762641.0,4465282847519.46,10459249919.6554,100864889037375.0,386325452650103.0,10459249919.6554,3
4.85270399261297e+45,4.55066261058152,2.4301414379655e+45,-175.449337389418,2.43095489126322e+45,-175.449337389418,5.88368551670044e+43,-175.449337389418,2.93745985000477e+43,4.55066261058152,2.93746007471605e+43,4.55066261058153,1.6061234751843e+44,4.55066261058152,4.21846220877771e+40,4.55066261058126,1.60659681587364e+44,-175.449337389418,7.10393678682888e+42,4.55066261058152,3.24309955119267e+37,-175.449337387597,7.10390065013386e+42,-175.449337389418,3.50422098939754e+65,-175.449337389418,1.71200231303722e+57,4.55066258904868,3.50422096018875e+65,4.55066261058153,0.999780201386502,0.999999949734894,0.206784422512439,0.207038232208985,0.000219748348391668,0.000253809696545121,1.33722819554341e+46,1.3369342746401e+46,2.79744553858346e+42,1.96169677753377e+47,5.12062808782219e+46,2.79744553858346e+42,5.12175384221539e+46,1.96126559930197e+47,2.79744553858346e+42,1.61531083349579e+44,1.61531075230202e+44,2.92186399320849e+40,2.36964047523421e+45,6.18684535634749e+44,2.92186399320849e+40,6.18684566732995e+44,2.36964035612398e+45,2.92186399320849e+40,7.32027734029254e+44,1.51371932244329e+44,1.7164822821197e+39,1.07387538768354e+46,5.79773727595464e+44,1.7164822821197e+39,2.80375920270584e+45,2.22060701892462e+45,1.7164822821197e+39,1.61531083349579e+44,1.61531075230202e+44,2.92186399320849e+40,2.36964047523421e+45,2.56687207318404e+43,2.92186399320849e+40,6.18684566732995e+44,2.36964035612398e+45,2.92186399320849e+40,3
9011.16602416382,-13.1331642063291,4514.21725738995,164.992112695641,4549.66927997143,162.847985791454,1763.76478761429,85.5434784340718,875.140970769809,-94.0431018756554,875.142892480047,-94.0425293352683,1429.2729585773,-78.9570422865438,9.58805664013073,85.7378397839865,1396.10806454955,101.415809049252,189.239039941434,-84.772762645224,0.10748826305412,165.813974633009,189.203311624223,95.1965391271965,1533.44627197725,-94.4027653674363,1.20956917333385,104.348824859276,1532.30095322685,85.5826953164003,0.933626273310407,1.11371378217711,1.23962148767999,1.00472671559986,0.180087508866701,0.234894772080132,540264.476700486,504405.109983873,156.16976398308,7925611.2493846,1931935.64023165,156.16976398308,2069281.56957439,7399558.89446999,156.16976398308,4796.8830431375,5342.35475663391,6.15918667512496,70369.6649479131,20461.897298051,6.15918667512496,18372.6713501307,78371.6656996763,6.15918667512496,19858.4282377895,24616.9343551149,8.27573677867366,291320.61985222,94285.9853965594,8.27573677867366,76060.3025468849,361127.300173065,8.27573677867366,4796.8830431375,5342.35475663391,6.15918667512496,70369.6649479131,41881.7869477135,6.15918667512496,18372.6713501307,78371.6656996763,6.15918667512496,3
5778.67247243375,-13.919867017905,2882.02938257975,165.733246644577,2864.36637039696,167.624017806894,1113.95027950912,86.9763741638027,552.708269127369,-92.6067277279408,552.712058864298,-92.6059930967081,1221.16578104712,-81.4453085329404,2.36589371464429,-92.8037884036479,1223.62195037625,98.531590711622,116.968270044451,-76.0171546952699,0.0975371083496254,148.901358449076,116.898730791117,103.94916216718,968.491406585805,-92.8792405010678,1.21006879810302,104.299966254858,967.335365750124,87.099590060945,0.956310901668285,1.14911791428962,1.21755951531358,1.00288723350239,0.192807012621332,0.214672281811187,536393.27653448,512958.737931494,22.7080469703912,7868821.23466496,1964697.12174364,22.7080469703912,2054454.38122291,7525039.52998899,22.7080469703912,3102.29741936744,3564.90554004957,3.90325005055321,45510.3090916458,13654.0410288493,3.90325005055321,11882.1931666518,52296.7114620678,3.90325005055321,20316.3409221401,24736.3542061063,0.0464115734638344,298038.140768068,94743.3785944374,0.0464115734638344,77814.1662915232,362879.174218529,0.0464115734638344,3102.29741936744,3564.90554004957,3.90325005055321,45510.3090916458,42127.3156721381,3.90325005055321,11882.1931666518,52296.7114620678,3.90325005055321,3
5380.37977909411,-15.8557608767664,2613.09956304582,173.974123993153,2615.37172768957,173.229191823432,1027.16654289139,87.2230545724423,509.646352090459,-92.3591082728349,509.657957526306,-92.3589229069483,1340.84484104552,-83.0385767709656,2.06367390815481,-92.5655626148733,1271.48942267216,97.4862173154021,108.996020112841,-79.5286264952637,0.143560002948376,95.6229484714874,108.852239886331,100.477849748794,893.244806779101,-92.6483792656735,1.20996069831048,104.322431017359,892.087569453575,87.328937893244,0.96007499482119,1.17779288325706,1.23133467832275,1.00218913905431,0.217717888435869,0.22914553926844,536768.502718144,515338.0174673,295.749369366476,7874325.75511849,1973810.0645793,295.749369366476,2055891.54516717,7559943.25856574,295.749369366476,2829.6817841995,3332.77906731231,3.6014183034387,41511.0723510763,12764.9671538112,3.6014183034387,10838.0406566145,48891.4455914665,3.6014183034387,20094.9141972544,24743.5647089995,24.1475540770452,294789.838839379,94770.9957363886,24.1475540770452,76966.0738098271,362984.951380102,24.1475540770452,2829.6817841995,3332.77906731231,3.6014183034387,41511.0723510763,42145.8191691614,3.6014183034387,10838.0406566145,48891.4455914665,3.6014183034387,3
10770.6625582688,-16.6125614174725,5342.51777691742,164.652556768666,5365.81678404596,163.353773109526,2102.65835831506,84.6397322159853,1043.29378047659,-94.9495764913951,1043.29561156912,-94.9491460219794,1525.11768223887,-78.0624252143031,1.65041927117296,84.9203474219309,1567.84990432564,101.459324916609,218.768194638979,-74.5237111798573,0.0971606383452789,162.471172774312,218.713321071096,105.45513664749,1827.07392762518,-95.2944739675621,1.21020532842167,104.276586084209,1825.93358465178,84.6928053601886,0.921504962440887,1.06991484808963,1.27539114365974,1.0088299871001,0.148409885648741,0.266561156559638,543491.199109934,500829.837022752,43.6483814538304,7972946.8572764,1918241.89066324,43.6483814538304,2081640.32625738,7347110.09425768,43.6483814538304,5838.8846068851,6247.10933718833,7.31694806101039,85655.6955341748,23927.2222625262,7.31694806101039,22363.6696931995,91644.300475458,7.31694806101039,19265.1122376064,24570.553529454,15.4298081759678,282616.749491893,94108.3409430359,15.4298081759678,73787.8269038248,360446.899351863,15.4298081759678,5838.8846068851,6247.10933718833,7.31694806101039,85655.6955341748,41815.5602212388,7.31694806101039,22363.6696931995,91644.300475458,7.31694806101039,3
1.08181977587586e+45,4.60489130253314,5.41358858066286e+44,-175.395108697467,5.43503642352345e+44,-175.395108697467,1.33081381056024e+43,-175.395108697467,6.64408706351538e+42,4.60489130253314,6.64408407057157e+42,4.60489130253314,3.66049999613918e+43,4.60489130253314,3.31478668022434e+40,-175.395108697466,3.65780583432874e+43,-175.395108697467,1.73023687148389e+42,4.60489130253313,2.96092275324884e+37,4.60489130279451,1.7302723754591e+42,-175.395108697467,3.67663890911663e+64,-175.395108697467,9.97620831893516e+56,4.60489130571122,3.67663889851041e+64,4.60489130253314,0.997406639146356,1.00000029599044,0.207910939072324,0.207017711511972,0.00259365684407975,0.000893227560351539,2.98826093713291e+45,2.98051129819807e+45,1.01424151425766e+42,4.38374083820563e+46,1.14157368534313e+46,1.01424151425766e+42,1.14454189549025e+46,4.3723722163233e+46,1.01424151425766e+42,3.65358095544422e+43,3.65358203686924e+43,6.65565717180765e+39,5.35975685424516e+44,1.39936832752617e+44,6.65565717180765e+39,1.39936791332665e+44,5.35975844068193e+44,6.65565717180765e+39,1.66705810123116e+44,3.46599615315094e+43,2.06874956595183e+39,2.44555305971378e+45,1.32752055136638e+44,2.06874956595183e+39,6.38504427563858e+44,5.08457233196286e+44,2.06874956595183e+39,3.65358095544422e+43,3.65358203686924e+43,6.65565717180765e+39,5.35975685424516e+44,6.25139510408662e+42,6.65565717180765e+39,1.39936791332665e+44,5.35975844068193e+44,6.65565717180765e+39,3
13667.8586484833,-17.9020545616804,6726.75473092919,166.254767579961,6682.93888442647,170.235721655015,2687.2951649183,83.4194167699558,1333.39525511144,-96.1724083843907,1333.40060481937,-96.1721077286917,1337.81092484031,-71.2840410084296,3.48841494445696,-96.3911480552803,1340.54229025503,108.661266548409,310.542754940293,-87.0594983737218,0.104683086103944,137.788817990818,310.468753963832,92.9268710427049,2337.07172939638,-96.6625952136207,1.2090923200854,104.342862540865,2335.94303602294,83.3267742112032,0.898609139910253,1.0782554843778,1.18964222014135,1.01010398469901,0.179646344467544,0.179538235442341,550457.886654962,494646.488083831,491.248604283801,8075147.27866081,1894558.87882485,491.248604283801,2108323.62445598,7256401.15072601,491.248604283801,7326.14109231141,7899.45181211033,9.32160834519266,107473.559265663,30255.9038202376,9.32160834519266,28060.0509420981,115883.954703803,9.32160834519266,20577.7562656949,24480.1676494488,0.157569823377674,301873.070653322,93762.151541899,0.157569823377674,78815.4202620335,359120.949972905,0.157569823377674,7326.14109231141,7899.45181211033,9.32160834519266,107473.559265663,44750.0276999185,9.32160834519266,28060.0509420981,115883.954703803,9.32160834519266,3
24542.6222122044,-21.6239131589869,12418.0276699645,154.220035133807,12421.9972192061,154.147722255671,5008.38492344975,78.2250605171263,2485.26791069883,-101.380077276668,2485.27878170047,-101.379994919497,1921.18321604535,-69.3491596991179,16.4970757818524,-101.548869238464,2022.89436907866,108.854198326244,565.603002081482,-85.8337451066941,0.146144128846122,95.8062916743006,565.460973556367,94.1657154588311,4353.98025119703,-102.438994260026,1.2098714007491,104.283356683424,4352.8998339575,77.5538447244381,0.828376291146947,1.03102208917504,1.29672926600459,1.03818040603034,0.202645798028091,0.25854885997425,556609.441253035,461082.064562564,610.29021026969,8165389.80325071,1766002.8734215,610.29021026969,2131884.85993043,6764015.32098592,610.29021026969,13775.9188737592,14203.276657529,17.0266256981788,202090.980075679,54400.3536832287,17.0266256981788,52763.5190888651,208360.264481058,17.0266256981788,18650.7865112852,24185.0207031872,34.174954254536,273604.669117753,92631.70124847,34.174954254536,71434.881341023,354791.181760493,34.174954254536,13775.9188737592,14203.276657529,17.0266256981788,202090.980075679,44064.8906028558,17.0266256981788,52763.5190888651,208360.264481058,17.0266256981788,3
120720.221946948,-88.3011058591663,61404.2106099067,88.5182551368443,61664.5117929264,87.9579790212041,23519.2245914262,21.395638041182,11691.6757142593,-158.070775140049,11691.5941806378,-158.070346694247,5734.11325019363,-101.400677217994,116.94200135284,21.6649875408508,5679.05849261607,79.4624985085099,2843.18024935656,-144.395156389294,1.48295666091341,156.415051622519,2843.95179374512,35.5791251848395,20287.4472144904,-176.829305767715,1.20984367272473,104.432836853843,20287.684099608,3.16734322752196,1.06148062599272,0.995021911615393,7.09976218970341,5.08807773688974,0.0664587143773272,2.01168445281368,382801.776519992,406336.669371567,2575.90217079815,5615653.43847922,1556321.05613889,2575.90217079815,1466179.42714064,5960907.32723509,2575.90217079815,64773.2793549365,64450.8322453467,85.7552733684102,950215.780704787,246854.873974924,85.7552733684102,248089.887361537,945485.52256399,85.7552733684102,3673.2949038317,26079.5202698546,4.95165943135157,53886.7696612515,99887.8752260989,4.95165943135157,14069.186059635,382583.24976621,4.95165943135157,64773.2793549365,64450.8322453467,85.7552733684102,950215.780704787,46425.3586043038,85.7552733684102,248089.887361537,945485.52256399,85.7552733684102,3
8.75710069426336e+53,3.98637776348853,4.3249575792707e+53,-176.013622236511,4.32230036656782e+53,-176.013622236511,8.94425072736325e+51,-176.013622236511,4.4659199498986e+51,3.98637776348853,4.46591973511876e+51,3.98637776348853,2.96876715032322e+52,3.98637776348853,1.8308638193994e+49,-176.013622236511,2.96732888545445e+52,-176.013622236511,1.50783313446932e+51,3.98637776348853,8.73797849666582e+45,3.98637776331025,1.50783963396295e+51,-176.013622236511,8.98903606795063e+77,-176.013622236511,3.37088036498663e+70,-176.013622236405,8.98903628214142e+77,3.98637776348853,1.00040445488204,1.00000003160028,0.207632046203603,0.207028260151213,0.00040442328176038,0.000603786052389643,2.37385445164699e+54,2.37481456866921e+54,3.66142494749468e+51,3.48241432812274e+55,9.09584144438998e+54,3.66142494749468e+51,9.09216407424185e+54,3.48382280759903e+55,3.66142494749468e+51,2.4558421731656e+52,2.45584225077089e+52,4.13701411529524e+48,3.60268927419134e+53,9.40618775888829e+52,4.13701411529524e+48,9.40618746165014e+52,3.60268938803732e+53,4.13701411529524e+48,1.35228610444531e+53,2.8077793091868e+52,1.30866316875931e+48,1.98378653862893e+54,1.0754151395287e+53,1.30866316875931e+48,5.17942754594903e+53,4.11897658246687e+53,1.30866316875931e+48,2.4558421731656e+52,2.45584225077089e+52,4.13701411529524e+48,3.60268927419134e+53,5.44804417091655e+51,4.13701411529524e+48,9.40618746165014e+52,3.60268938803732e+53,4.13701411529524e+48,3
16647.2416760085,-17.3744037938134,8405.72191053483,158.803447756244,8361.83836401454,160.129546421874,3321.89476201701,82.0227150816166,1648.29996754221,-97.5724216947292,1648.2998457479,-97.571999311558,1728.72674363118,-74.0693504034789,7.61873003944961,82.2013366790175,1722.74257045052,106.018164555214,416.361765505163,-91.5909737939547,0.14724982103729,175.630213677518,416.35460044594,88.3887873355445,2890.53560409407,-98.206144029382,1.20831012795662,104.365241772347,2889.41988278782,81.7846592270774,0.878923625118018,1.07112443129467,1.27266930814023,1.01314517079326,0.192200806176647,0.259524137346973,549625.514891675,483078.850005948,309.866764919543,8062936.49062036,1850253.35567764,309.866764919543,2105135.53487563,7086705.3694324,309.866764919543,9029.49161416729,9671.70907010488,11.4723386888904,132461.495063541,37043.8742285635,11.4723386888904,34584.0997985535,141882.743568377,11.4723386888904,19148.7104212554,24369.9760435967,0.359912402348957,280909.149631257,93340.1036950662,0.359912402348957,73341.9931619671,357504.453111472,0.359912402348957,9029.49161416729,9671.70907010488,11.4723386888904,132461.495063541,47661.5858833077,11.4723386888904,34584.0997985535,141882.743568377,11.4723386888904,3
5693.43110035022,-13.0137416304472,2825.2479720094,168.275305701439,2831.68549429142,167.483912012652,1099.81755420359,87.0713981576387,545.692537477124,-92.5108479477305,545.697747313648,-92.510038204721,1250.0377127985,-81.7782435346869,2.44975386570682,87.2814168821695,1246.82106321121,98.2503353497145,136.177414111212,-83.1175892960179,0.111285614461823,144.462633290028,136.10189775641,96.8478596180865,957.347076474327,-92.8122935829265,1.20859160641681,104.336577854384,956.192260131092,87.1663530572983,0.957352093921447,1.20544793434799,1.22429282149098,1.00208244992053,0.248095840426544,0.22221037157045,535753.451281271,512904.688409766,31.8007041312075,7859435.07947029,1964490.10521011,31.8007041312075,2052003.76923321,7524246.63037056,31.8007041312075,2997.59626351395,3613.44622386215,3.85971572836223,43974.3564343031,13839.9580134368,3.85971572836223,11481.174440705,53008.7971280129,3.85971572836223,20178.8904377737,24704.8707086194,0.275538873720618,296021.759621226,94622.7928000625,0.275538873720618,77287.7134775877,362417.315309396,0.275538873720618,2997.59626351395,3613.44622386215,3.85971572836223,43974.3564343031,48544.3455972902,3.85971572836223,11481.174440705,53008.7971280129,3.85971572836223,3
1.38907634416354e+18,11.1692814318948,7.0589229111411e+17,-168.830718568105,6.9850566533201e+17,-168.830718568105,4.69862371612294e+16,-168.8307185681,2.34305627549075e+16,11.1692814318997,2.3430590410323e+16,11.1692814318997,5.06987123415808e+16,11.169281431894,130712356094187.0,11.1692814319004,5.08408357787445e+16,-168.830718568106,7317601659029830.0,11.1692814318985,374665982739.678,-168.830718567065,7317218056218930.0,-168.830718568102,1.45557768199254e+24,-168.830718568105,6.79761196862855e+16,11.1692814313592,1.45557759887541e+24,11.1692814318946,1.0069254561232,0.999999224337602,0.204584839503375,0.207082830158851,0.00692623178559382,0.0024979906554764,3.8538567264889e+18,3.88054644215329e+18,5107204094194790.0,5.65355886648645e+19,1.48629857762737e+19,5107204094194790.0,1.47607607751802e+19,5.69271234035621e+19,5107204094194790.0,1.28826526501997e+17,1.28826426576104e+17,41694665332979.3,1.88986878037775e+18,4.93421577180333e+17,41694665332979.3,4.93421959909194e+17,1.8898673144776e+18,41694665332979.3,2.31543081952563e+17,4.7370204259382e+16,3803693689837.62,3.39670760189139e+18,1.81433899225722e+17,3803693689837.62,8.86839414231029e+17,6.94914879572844e+17,3803693689837.62,1.28826526501997e+17,1.28826426576104e+17,41694665332979.3,1.88986878037775e+18,2.64454557225984e+16,41694665332979.3,4.93421959909194e+17,1.8898673144776e+18,41694665332979.3,3
7363.13231784303,-16.924712914498,3572.81346135565,173.343991620758,3573.95796271698,173.021870881967,1412.5809203563,86.2922596953513,700.877178826558,-93.2921129409175,700.88449692353,-93.2915955720771,1328.02370181788,-80.2762444831862,0.181187669871144,86.626498837652,1328.9968999398,99.7138934536529,172.858133000992,-80.5449010996437,0.117368967613302,127.421416428404,172.754181835017,99.436866762455,1229.17045119424,-93.5907502547651,1.20885211561448,104.309249348321,1228.0201559517,86.3919143842771,0.945632308791895,1.148682863739,1.23476260131871,1.00373861687503,0.203050554947108,0.231023984443684,540081.131799469,510718.167598471,431.954585170482,7922921.60297495,1956115.45277334,431.954585170482,2068579.33531522,7492170.64779838,431.954585170482,3885.59817508087,4463.32003909094,4.94533560718104,57001.2316839441,17095.0826758191,4.94533560718104,14882.334555052,65476.3380473633,4.94533560718104,19967.2868682832,24654.8590747582,0.393629862803051,292917.562134457,94431.2418899506,0.393629862803051,76477.2449287816,361683.650993077,0.393629862803051,3885.59817508087,4463.32003909094,4.94533560718104,57001.2316839441,48432.6946596939,4.94533560718104,14882.334555052,65476.3380473633,4.94533560718104,3
37483.6478741453,-29.4977383017808,18906.7983667541,147.481482565911,19017.2365467963,146.275021273541,7903.76685455609,72.0989799676877,3922.58292057489,-107.51995305316,3922.58453474426,-107.519814441887,2678.86129334859,-72.200221802011,2.28090636410308,72.372167504325,2675.40888696421,107.852415433399,949.69381658615,-88.9325754254119,0.115990190226328,154.255138194532,949.640835928827,91.0611924154425,6871.10932572601,-109.816833648269,1.20914228861846,104.258169164491,6870.10778710824,70.1775164641069,0.752957222601896,1.01414408921972,1.41263361459369,1.09901431113797,0.261186866617824,0.313619303455716,562966.050805104,423889.354033369,808.593091182878,8258640.45796987,1623550.06791668,808.593091182878,2156231.48192455,6218402.98170064,808.593091182878,21787.1980876026,22095.3581612013,26.1784968406747,319615.428558711,84628.0282859802,26.1784968406747,83447.7360619366,324136.097696245,26.1784968406747,16957.7373163378,23955.0697605085,0.652656874482439,248767.852477158,91750.9599298897,0.652656874482439,64950.2878750904,351417.830639518,0.652656874482439,21787.1980876026,22095.3581612013,26.1784968406747,319615.428558711,46470.3271332017,26.1784968406747,83447.7360619366,324136.097696245,26.1784968406747,3
1833934916939.54,18.2498336000511,869838946663.13,-161.750166590932,870876835619.228,-161.750166586397,102454892661.486,-161.75016277931,51032379222.7272,18.2498372060008,51032411305.0504,18.2498372059935,69006500534.5777,18.249833139071,85261583.7325939,-161.750162786643,60645776589.1543,-161.750167422637,14654357138.507,18.2498369465267,418566.133964801,-161.750173692648,14653839121.2805,-161.750163053171,2099413908854590.0,-161.750166690925,34183829.5388051,18.2498353503931,2099413763100560.0,18.2498333090746,0.999211626468759,0.999999587911834,0.200399579115144,0.207060770259019,0.00078796144307447,0.00666119114387506,4757770916450.17,4754020015791.93,31073044885.8336,69795895017390.1,18208500510981.6,31073044885.8336,18222866936938.0,69740869781169.1,31073044885.8336,280548197301.309,280548081690.717,130034044.590725,4115606419480.56,1074534787790.41,130034044.590725,1074535230593.66,4115604723487.86,130034044.590725,273661982268.558,54841746066.435,2758487453.89693,4014586519629.71,210050853373.923,2758487453.89693,1048160152338.61,804521448855.125,2758487453.89693,280548197301.309,280548081690.717,130034044.590725,4115606419480.56,52955135920.0026,130034044.590725,1074535230593.66,4115604723487.86,130034044.590725,3
110656734.713581,35.2165301324897,54644837.2277655,-144.784055479311,56559113.8681173,-144.78229437534,12990921.6019239,-144.731974771542,6453977.28849175,35.2679570301778,6453974.17331164,35.2679569294587,3023519.80991731,35.1880902874948,19089.8747442791,-144.732024689805,3004871.17593023,-144.812405489791,1791849.15566201,35.2648675131943,41.1340750297202,35.4591274433446,1791892.12620485,-144.735128024261,1130903211.17111,-144.790894496467,16.0703466415109,-148.818843464325,1130903235.96552,35.2091054463426,0.975609090848957,1.00000273543331,0.211549768819883,0.206860604692058,0.0243936445843569,0.00468916412782572,309975016.701638,302414444.230176,182405.441703106,4547294122.3205,1158285733.75833,182405.441703106,1187243686.6598,4436381484.49991,182405.441703106,35468730.1017502,35468827.1240961,27656.7306398061,520321765.392806,135850113.097481,27656.7306398061,135849741.489572,520323188.698297,27656.7306398061,13730500.2641957,2904684.15667196,147.074172842261,201424694.842407,11125309.2699045,147.074172842261,52589560.0452144,42611347.6285267,147.074172842261,35468730.1017502,35468827.1240961,27656.7306398061,520321765.392806,6479611.37176604,27656.7306398061,135849741.489572,520323188.698297,27656.7306398061,3
74720.479016434,-56.6200557473707,36850.0298536713,124.841506875159,36281.8758407066,127.408686703215,16239.1898902743,55.0454719770557,8065.28223518229,-124.58792873552,8065.26211391414,-124.587753732505,5081.64325601914,-89.4358522769723,24.4112192414162,-124.759076666825,5101.91050459979,90.4030154957831,2165.06711147663,-114.059623339562,0.384432033881873,-175.407392533703,2165.26112585965,65.9314014748625,14010.6485744079,-133.740144642189,1.20832272589603,104.301518913957,14010.009508604,46.2556627445004,0.604663570398496,1.00430455001756,2.95942964009573,1.43047789582647,0.399640979619065,1.52895174426925,550369.35109919,332788.29687354,1292.13044500257,8073848.47330333,1274621.44743645,1292.13044500257,2107984.52203168,4881962.04472404,1292.13044500257,44653.7496995285,44845.9639985818,50.0118320002831,655064.836220924,171765.73840058,50.0118320002831,171029.533220353,657884.595573183,50.0118320002831,8270.28969772421,24475.3404636234,0.134764783977967,121324.09938233,93743.6628070434,0.134764783977967,31676.2600255673,359050.135769989,0.134764783977967,44653.7496995285,44845.9639985818,50.0118320002831,655064.836220924,48439.8761628625,50.0118320002831,171029.533220353,657884.595573183,50.0118320002831,3
11270.9728295521,-12.9802886514159,5887.24315738121,155.560035240661,5906.35271184998,155.028387984592,2229.87249103139,84.3403715206732,1106.40070475113,-95.248959606426,1106.40439640352,-95.2484654130803,1383.37089983346,-75.4024656041036,3.63972050288488,84.6029863249315,1378.79762121696,104.666709906261,287.886760314785,-78.9918703690612,0.122825550522687,154.798552336616,287.812043262486,100.988528419845,1940.38025657368,-95.6127662613007,1.20837996446633,104.276152641225,1939.24388701894,84.3750879666561,0.916940563705601,1.0897712062803,1.2183527345762,1.00904106666679,0.172830642574698,0.209311667909412,539904.315171213,495060.167100178,804.364063343688,7920327.72549749,1896143.32200253,804.364063343688,2067902.10516995,7262469.76935077,804.364063343688,6168.04022992564,6721.75264175148,7.76498752910786,90484.3667151871,25745.166407684,7.76498752910786,23624.3775384373,98607.2574647183,7.76498752910786,20130.3847784241,24525.9093428641,0.409351091105407,295310.187759703,93937.3480377401,0.409351091105407,77101.930641142,359791.974805246,0.409351091105407,6168.04022992564,6721.75264175148,7.76498752910786,90484.3667151871,51324.5904159126,7.76498752910786,23624.3775384373,98607.2574647183,7.76498752910786,3
6.7555714145128e+18,10.7083619452477,3.30621173466802e+18,-169.291638054752,3.35180128731305e+18,-169.291638054752,2.17234353267411e+17,-169.291638054751,1.08336097804805e+17,10.7083619452488,1.08336183876671e+17,10.7083619452488,2.3349321338784e+17,10.7083619452475,311683697458036.0,-169.291638054752,2.38370759296817e+17,-169.291638054752,3.88067893962183e+16,10.7083619452484,1391704957519.01,-169.291638054875,3.88057067300757e+16,-169.291638054752,1.55902346047899e+25,-169.291638054752,1.37395105032381e+18,10.7083619460049,1.55902344422445e+25,10.7083619452477,0.991027671203967,0.999999477893038,0.209543545304321,0.207068680794657,0.00897180668907094,0.00247486450966433,1.83593795411379e+19,1.81946531514036e+19,3.25194641772426e+16,2.69329765879891e+20,6.96878326351089e+19,3.25194641772426e+16,7.03187556311596e+19,2.66913250665858e+20,3.25194641772426e+16,5.95661572928273e+17,5.95661261929219e+17,187357195311707.0,8.73827961456678e+18,2.28145829344039e+18,187357195311707.0,2.28145948460627e+18,8.73827505225015e+18,187357195311707.0,1.08818977868352e+18,2.2802314418927e+17,1729743202144940.0,1.59636058325944e+19,8.73357605498912e+17,1729743202144940.0,4.16790507305071e+18,3.34507056200257e+18,1729743202144940.0,5.95661572928273e+17,5.95661261929219e+17,187357195311707.0,8.73827961456678e+18,1.40239350825705e+17,187357195311707.0,2.28145948460627e+18,8.73827505225015e+18,187357195311707.0,3
1.69929755291388e+25,7.83716123041705,8.49543980057098e+24,-172.162838769583,8.55311677742835e+24,-172.162838769583,3.89946922921065e+23,-172.162838769583,1.94567555007442e+23,7.83716123041706,1.94567651977937e+23,7.83716123041705,5.80346142355174e+23,7.83716123041705,5.22411040021783e+20,7.83716123041661,5.8083955315196e+23,-172.162838769583,4.30331301276795e+22,7.83716123041702,1.970376833211e+18,-172.162838769671,4.30310834876316e+22,-172.162838769583,6.43207528542418e+34,-172.162838769583,7.20925629191731e+27,7.83716123054261,6.43207449554398e+34,7.83716123041705,0.995566520994789,0.999999672497973,0.206169977153956,0.207077616633984,0.00443315150318324,0.000907639480028338,4.70062582352848e+25,4.67978569762852e+25,1.85270162868383e+22,6.89575837627371e+26,1.79241736432526e+26,1.85270162868383e+22,1.80039939725398e+26,6.86518617628749e+26,1.85270162868383e+22,1.06985142242049e+24,1.06985107204198e+24,2.70571978561705e+20,1.5694584475534e+25,4.09766549725085e+24,2.70571978561705e+20,4.09766683924505e+24,1.56945793355257e+25,2.70571978561705e+20,2.6461651413769e+24,5.4555980674327e+23,9.66674774522354e+18,3.88189065109549e+25,2.08956335624537e+24,9.66674774522354e+18,1.01351486045177e+25,8.00329306850512e+24,9.66674774522354e+18,1.06985142242049e+24,1.06985107204198e+24,2.70571978561705e+20,1.5694584475534e+25,1.5551629503121e+23,2.70571978561705e+20,4.09766683924505e+24,1.56945793355257e+25,2.70571978561705e+20,3
1.1748825999141e+27,7.30480127748242,5.86239726561843e+26,-172.695198722518,5.8675759248274e+26,-172.695198722518,2.48075253928822e+25,-172.695198722518,1.23790976382944e+25,7.30480127748242,1.23790915059758e+25,7.30480127748242,4.35872491011449e+25,7.30480127748241,4.95266822373893e+22,-172.695198722517,4.35333590467674e+25,-172.695198722518,2.85541952402977e+24,7.3048012774824,1.1978992016056e+20,7.30480127824258,2.85552240007657e+24,-172.695198722518,3.7185020472974e+37,-172.695198722518,3.74629968058219e+30,-172.695198722024,3.71850228299495e+37,7.30480127748242,0.999419978467878,1.00000032551873,0.208116739497507,0.206993396800808,0.000580347050848529,0.00112334269669914,3.22604978958693e+27,3.22417861124527e+27,6.28426956504633e+23,4.7325740643873e+28,1.23490136127615e+28,6.28426956504633e+23,1.23561804634851e+28,4.72982906952759e+28,6.28426956504633e+23,6.80685636517429e+25,6.8068585809335e+25,1.6445416203998e+22,9.98557182775477e+26,2.60711329648158e+26,1.6445416203998e+22,2.60711244781765e+26,9.98557507824539e+26,1.6445416203998e+22,1.98410430679461e+26,4.12925319153055e+25,1.45445738004072e+21,2.91065581618863e+27,1.58155642168519e+26,1.45445738004072e+21,7.59937151381392e+26,6.05756198264633e+26,1.45445738004072e+21,6.80685636517429e+25,6.8068585809335e+25,1.6445416203998e+22,9.98557182775477e+26,1.03156002470111e+25,1.6445416203998e+22,2.60711244781765e+26,9.98557507824539e+26,1.6445416203998e+22,3
19750.1806206226,-21.3338347908315,9702.18414051594,163.259650183806,9648.12953028436,166.284443272562,3941.98709624208,80.6123434609281,1956.03896642294,-98.9870629942165,1956.05045340115,-98.9870199008033,1740.69712269873,-71.1523293740116,12.7574240133699,-99.1891156659623,1753.18667458306,108.630525217492,385.580301447905,-86.7386400969753,0.142120544514954,88.205422126172,385.438494339143,93.2632295999832,3424.55134701167,-99.7492579620032,1.210493061556,104.328774359294,3423.44620204565,80.2424766969711,0.85766912966188,1.04034149502055,1.25428150585796,1.02241816602914,0.182672365358675,0.231863339828824,559346.557848511,479734.275449301,706.52634039384,8205542.95604074,1837443.21030143,706.52634039384,2142368.36415671,7037640.88551063,706.52634039384,10796.5451481736,11232.0939205079,13.5181862312963,158383.945958179,43020.3464040089,13.5181862312963,41352.1392830332,164773.391125387,13.5181862312963,19395.3098247212,24327.1784135331,0.459477998451564,284526.73155731,93176.1833358138,0.459477998451564,74286.5002000317,356876.617314548,0.459477998451564,10796.5451481736,11232.0939205079,13.5181862312963,158383.945958179,38054.3064256789,13.5181862312963,41352.1392830332,164773.391125387,13.5181862312963,3
1.23799064561954e+17,11.9673538612767,6.32432803613314e+16,-168.032646138722,6.1797216874336e+16,-168.032646138723,4527388818990370.0,-168.032646138668,2257374980783070.0,11.9673538613319,2257378425925860.0,11.9673538613319,4265735737679940.0,11.967353861264,23839664906253.1,11.967353861332,4288707187364830.0,-168.032646138736,560540540659793.0,11.967353861318,39016638903.3622,-168.032646139401,560502642187928.0,-168.032646138682,3.86260500392443e+22,-168.032646138725,1242794512164180.0,-168.032646138331,3.86260518047039e+22,11.967353861275,1.01529282294935,0.999998997035715,0.201695483301984,0.20710063405312,0.0152938259136313,0.00540515075113543,3.41662684815753e+17,3.46887671763039e+17,413810891237788.0,5.01214818862112e+18,1.32862384415063e+18,413810891237788.0,1.30861148047031e+18,5.08879808346559e+18,413810891237788.0,1.2411366288434e+16,1.24113538402769e+16,4211804093814.01,1.82073166972958e+17,4.75370616850483e+16,4211804093814.01,4.75371093630712e+16,1.82072984360074e+17,4211804093814.01,1.95192483364522e+16,3936944226912180.0,289405073786.776,2.86344893781868e+17,1.50789964554861e+16,289405073786.776,7.47612004424977e+16,5.77544717423893e+16,289405073786.776,1.2411366288434e+16,1.24113538402769e+16,4211804093814.01,1.82073166972958e+17,2025917780972930.0,4211804093814.01,4.75371093630712e+16,1.82072984360074e+17,4211804093814.01,3
19633007930789.8,16.3618885648805,9526324329426.48,-163.638111445094,9452419351892.02,-163.638111447843,986619284079.17,-163.638111092143,491579792250.678,16.361888906387,491579540947.509,16.3618889063859,585619182586.943,16.361888420598,30962122.1330601,16.3618889086927,656295117219.716,-163.638111527062,125089410794.105,16.3618888029457,4090013.5666381,16.3618905095313,125093225338.616,-163.638111196999,7.45486618780082e+16,-163.638111456791,4347202509.59679,-163.638111478959,7.45486650847522e+16,16.3618885432087,1.00515116928365,1.00000033615086,0.213184491529517,0.20700245943303,0.00515083313279141,0.00618203209648682,51839938988942.6,52106975290328.6,218088083157.143,760485320314610.0,199576333933799.0,218088083157.143,198553550980827.0,764402708937281.0,218088083157.143,2702534394842.39,2702535303301.65,1153316960.34696,39645836299331.8,10351053484766.7,1153316960.34696,10351050005252.4,39645849626313.7,1153316960.34696,3014009426562.76,642540067066.951,23548324170.2134,44215135451446.8,2461010071613.21,23548324170.2134,11544038939964.2,9425981169125.39,23548324170.2134,2702534394842.39,2702535303301.65,1153316960.34696,39645836299331.8,451921178835.786,1153316960.34696,10351050005252.4,39645849626313.7,1153316960.34696,3
3.35688502617401e+44,4.64844725288665,1.68116950427823e+44,-175.351552747113,1.68174716316204e+44,-175.351552747113,4.17826680305843e+42,-175.351552747113,2.08598301882741e+42,4.64844725288664,2.08598317942575e+42,4.64844725288665,1.1027146430412e+43,4.64844725288664,2.99567040733489e+39,4.64844725288573,1.10305077811547e+43,-175.351552747113,5.04328410435177e+41,4.64844725288665,2.31537231743676e+36,-175.35155274755,5.04325831908106e+41,-175.351552747113,6.32993251866413e+63,-175.351552747113,3.0921572461708e+55,4.64844727291836,6.32993246590583e+63,4.64844725288664,0.999774380254674,0.999999949412302,0.206775862407033,0.207038256881677,0.000225569157628724,0.000262394474644906,9.25107499514169e+44,9.24898776995729e+44,2.01054708875333e+41,1.35712095117154e+46,3.54247979553943e+45,2.01054708875333e+41,3.54327922929677e+45,1.35681475788815e+46,2.01054708875333e+41,1.14708071337353e+43,1.14708065534536e+43,2.10020160175625e+39,1.68275283642338e+44,4.39346461092122e+43,2.10020160175625e+39,4.3934648331765e+43,1.68275275129679e+44,2.10020160175625e+39,5.02591759459169e+43,1.03923844500838e+43,1.21893445110774e+38,7.37295727260242e+44,3.98041524732927e+43,1.21893445110774e+38,1.92499027739221e+44,1.52454959853257e+44,1.21893445110774e+38,1.14708071337353e+43,1.14708065534536e+43,2.10020160175625e+39,1.68275283642338e+44,1.82229470629299e+42,2.10020160175625e+39,4.3934648331765e+43,1.68275275129679e+44,2.10020160175625e+39,3
8748.90610488836,-12.9980652806816,4382.78375756613,165.12840295351,4417.13592584719,162.985594585829,1711.25725351022,85.6650291179233,849.08701143068,-93.9212343556687,849.089067699333,-93.9206515456985,1386.74797137602,-78.8242754594237,9.30262325738267,85.859580663102,1354.57214615273,101.548831288666,183.608980144646,-84.6426124596211,0.106526976278885,164.881938100429,183.571715761996,95.32624073942,1487.81769945201,-94.275331211364,1.20957483762446,104.348711073095,1486.67151346561,85.7097814599813,0.935490591390302,1.11727681523269,1.23051185569695,1.0044813617807,0.181786223842385,0.226030493916248,539906.162307636,505077.135072438,151.525689108424,7920354.82275419,1934509.58168076,151.525689108424,2067909.17993707,7409417.41715935,151.525689108424,4653.49612349024,5199.24332855083,5.97809308612744,68266.1970495397,19913.7623506335,5.97809308612744,17823.4812350296,76272.2392275568,5.97809308612744,20014.0348057834,24627.5071088479,8.02936383338381,293603.348439713,94326.4803862966,8.02936383338381,76656.2954672802,361282.401127389,8.02936383338381,4653.49612349024,5199.24332855083,5.97809308612744,68266.1970495397,41899.69958094,5.97809308612744,17823.4812350296,76272.2392275568,5.97809308612744,3
5286.98417909078,-15.8084245727371,2567.78323071435,174.019213004493,2570.01353371054,173.274470485473,1009.10587820137,87.2656065022537,500.68507824545,-92.3164485253473,500.696587865723,-92.316252253931,1317.27153544426,-82.9935993530159,2.02738175645882,-92.523096447942,1249.13608656295,97.5313221369091,107.08260132335,-79.4816995269123,0.142495827790358,96.051540014159,106.939817214988,100.524335887545,877.553460803262,-92.6052958353775,1.20995928971461,104.322454607503,876.395961267361,87.3716720873935,0.960753839932546,1.18073902995577,1.22627591658518,1.00212793930079,0.219985190023223,0.224147977284389,536601.881786256,515542.318441175,290.547170363505,7871881.4472117,1974592.56325933,290.547170363505,2055253.36583403,7562940.3279024,290.547170363505,2780.94641813804,3283.57197611128,3.53840229165849,40796.1307212683,12576.4977442795,3.53840229165849,10651.3780142854,48169.5838137791,3.53840229165849,20181.8958050021,24748.5727767056,23.722966596279,296065.847976728,94790.1772718223,23.722966596279,77299.2244158111,363058.419097231,23.722966596279,2780.94641813804,3283.57197611128,3.53840229165849,40796.1307212683,42152.0782958417,3.53840229165849,10651.3780142854,48169.5838137791,3.53840229165849,3
5670.24400111985,-13.8648513497285,2827.94987161542,165.788345359844,2810.63047175097,167.678636175803,1092.74978559343,87.026176495361,542.189024859898,-92.5567988191781,542.192850146976,-92.5560523936155,1197.92990198632,-81.3921294283961,2.32085741032735,-92.7541203985831,1200.33928756593,98.5847629757682,114.746769232266,-75.9610501694069,0.0974900146692123,148.656995103531,114.676912822916,104.004810674796,950.07495408695,-92.828506488007,1.21006821251776,104.299976211643,948.918599213873,87.149975030864,0.957111809019699,1.1518159038425,1.21244703466925,1.00280247705888,0.194704094822803,0.209644557610371,536224.592005177,513226.889294925,22.2745153259347,7866346.65404621,1965724.17552588,22.2745153259347,2053808.29804956,7528973.27643023,22.2745153259347,3044.91849167542,3507.18554461587,3.82936970308824,44668.5675106134,13432.9661148066,3.82936970308824,11662.4245853818,51449.966460587,3.82936970308824,20406.61557825,24741.9405454845,0.045528272960647,299362.458506611,94764.7749838266,0.045528272960647,78159.9296910139,362961.125107636,0.045528272960647,3044.91849167542,3507.18554461587,3.82936970308824,44668.5675106134,42134.5194777202,3.82936970308824,11662.4245853818,51449.966460587,3.82936970308824,3
10401.0703696162,-16.4197347885055,5159.25551710298,164.844275954784,5181.68684220859,163.546630269855,2028.6030975568,84.8093998045945,1006.54752805651,-94.7794682505043,1006.54946945215,-94.7790255558731,1471.44511333978,-77.875061502506,1.59230985064423,85.0911336454149,1512.66851829228,101.646226670921,211.084230155839,-74.3292351356445,0.0967462378408153,161.75412959739,211.028367853071,105.64916032965,1762.74933974276,-95.114343406885,1.21020684467296,104.27655274937,1761.60773059859,84.8725880887311,0.924087561865505,1.07263104446055,1.26260948832314,1.00832058499717,0.148543482595049,0.25428890332597,542987.630235145,501768.115347124,42.1090990411682,7965559.56584602,1921835.61582468,42.1090990411682,2079711.59350416,7360874.5180971,42.1090990411682,5636.28535367025,6045.65464578504,7.06308004829514,82683.5902234517,23155.6252058938,7.06308004829514,21587.6888194478,88688.9857411294,7.06308004829514,19470.575828894,24583.7337846767,14.8863599850681,285630.874278319,94158.8229946806,14.8863599850681,74574.7785562202,360640.252021838,14.8863599850681,5636.28535367025,6045.65464578504,7.06308004829514,82683.5902234517,41839.2090216275,7.06308004829514,21587.6888194478,88688.9857411294,7.06308004829514,3
7.51704716547723e+43,4.70569053858679,3.76180933520528e+43,-175.294309461413,3.77711452881721e+43,-175.294309461413,9.49682120308447e+41,-175.294309461413,4.74119867620091e+41,4.70569053858679,4.74119651328751e+41,4.70569053858679,2.52606171722e+42,4.70569053858679,2.36543234457572e+39,-175.294309461413,2.5241391630498e+42,-175.294309461413,1.23432888516634e+41,4.70569053858679,2.1457514283472e+36,4.70569053933165,1.23435454917511e+41,-175.294309461413,6.68610403404465e+62,-175.294309461413,1.81421730058604e+55,4.70569053952211,6.68610401475532e+62,4.70569053858679,0.997337048494889,1.00000029975497,0.207940839665819,0.207017452065901,0.00266325126008293,0.000923387599918363,2.07669835940194e+44,2.07116821238011e+44,7.29223284842215e+40,3.04649011524392e+45,7.93283733096985e+44,7.29223284842215e+40,7.95401849649677e+44,3.03837745980622e+45,7.29223284842215e+40,2.60717741923225e+42,2.60717820074664e+42,4.80867119868209e+38,3.82469615792713e+43,9.98582366982467e+42,4.80867119868209e+38,9.98582067652527e+42,3.82469730439883e+43,4.80867119868209e+38,1.15039330325397e+43,2.39213749424565e+42,1.47626058124115e+38,1.68761236370182e+44,9.16219044968709e+42,1.47626058124115e+38,4.40615247318017e+43,3.50923531938574e+43,1.47626058124115e+38,2.60717741923225e+42,2.60717820074664e+42,4.80867119868209e+38,3.82469615792713e+43,4.45966079770508e+41,4.80867119868209e+38,9.98582067652527e+42,3.82469730439883e+43,4.80867119868209e+38,3
13078.6325039462,-17.5894256317533,6437.19010174062,166.561454602413,6395.57407205272,170.536274256713,2567.58082086132,83.6906887883504,1273.99090604444,-95.9004320303228,1273.99632697745,-95.9001204080485,1278.39106433358,-70.9718369510885,3.33299468221866,-96.119680792539,1280.99986816728,108.973395450249,296.708639960066,-86.7696192541441,0.104615672775279,137.352822585017,296.633748948802,93.2163065320064,2232.98413098684,-96.3695901234082,1.209098270474,104.342717441979,2231.85322964189,83.6194318591699,0.902763444020192,1.08219574642793,1.17879826978431,1.00929665573798,0.179432302407733,0.169501614046331,549536.034728969,496101.043325124,469.353112303467,8061623.82799914,1900130.01015505,469.353112303467,2104792.81448679,7277739.29135974,469.353112303467,6998.04229984261,7573.25161021237,8.91487374586977,102660.391654901,29006.5156133704,8.91487374586977,26803.3908921876,111098.639175558,8.91487374586977,20784.2060387748,24500.3861173483,0.150550157116906,304901.662601376,93839.5908420819,0.150550157116906,79606.149115957,359417.552328861,0.150550157116906,6998.04229984261,7573.25161021237,8.91487374586977,102660.391654901,44792.192447321,8.91487374586977,26803.3908921876,111098.639175558,8.91487374586977,3
22717.2017928493,-20.5910457280021,11490.844119987,155.269301177691,11494.448326237,155.19725959821,4613.66680867448,79.0765094752676,2289.36357934004,-100.526543036106,2289.37408302549,-100.52644845894,1770.62895305634,-68.3200957891272,15.1967378286895,-100.69627953116,1864.15157225418,109.875166497261,520.951478207192,-84.8805968575853,0.142081045365853,98.2297491502945,520.813340730236,95.1184386776333,4010.85258082222,-101.456516120997,1.20984685738094,104.284267549379,4009.763009038,78.5359758748444,0.83997182999672,1.03445615054243,1.26196003017669,1.0327467506685,0.194484320545709,0.229213279508193,555157.95279757,466317.041548608,562.268036682103,8144096.65197554,1786053.50021918,562.268036682103,2126325.4747795,6840811.76843005,562.268036682103,12692.04535907,13129.3643846535,15.7392062186749,186190.693287635,50287.1332709359,15.7392062186749,48612.14585516,192606.107845153,15.7392062186749,19196.392449572,24225.0799949455,31.481288281178,281608.638930142,92785.1334241921,31.481288281178,73524.6213869396,355378.846482299,31.481288281178,12692.04535907,13129.3643846535,15.7392062186749,186190.693287635,44180.6202180723,15.7392062186749,48612.14585516,192606.107845153,15.7392062186749,3
95680.6814565748,-68.8963564190092,48944.6500233501,107.653433331714,49198.4708437884,107.048245674627,20706.5321609968,43.2666767552943,10290.4794039877,-136.340095920174,10290.4088764395,-136.339745573181,4654.69276492026,-82.8881766304588,102.944075568594,43.469420568732,4601.98613253346,98.0129178973545,2460.64118445988,-125.559763261487,1.17863701153884,-176.580945217472,2461.39316978434,54.4188615400773,17631.7870961423,-151.798858192162,1.20883851902502,104.416678545482,17631.4996006581,28.1973266731862,0.679115276036747,0.999907469612839,2.1511850219801,1.94889095131187,0.320792193576092,0.202294070668238,482530.223162436,327693.645699031,2269.33370989485,7078657.08332406,1255108.28632097,2269.33370989485,1848152.045181,4807224.1591111,2269.33370989485,56939.392865912,56934.1242418454,63.1142680636966,835293.660962616,218064.927557365,63.1142680636966,218085.107056755,835216.370916774,63.1142680636966,11312.750095949,24335.8185638094,4.35894373703666,165956.606974247,93209.2762088347,4.35894373703666,43329.2698008088,357003.36722164,4.35894373703666,56939.392865912,56934.1242418454,63.1142680636966,835293.660962616,43300.4276042174,63.1142680636966,218085.107056755,835216.370916774,63.1142680636966,3
5.55405905788492e+52,4.05621974670704,2.74232936739239e+52,-175.943780253293,2.7406064003822e+52,-175.943780253293,5.79964069002945e+50,-175.943780253293,2.89575865471383e+50,4.05621974670704,2.89575850301125e+50,4.05621974670704,1.87230022987361e+51,4.05621974670704,1.18715137192566e+48,-175.943780253293,1.87136764352384e+51,-175.943780253293,9.76871334323157e+49,4.05621974670704,5.81628027355448e+44,4.05621974796183,9.76875699147829e+49,-175.943780253293,1.42460063359671e+76,-175.943780253293,5.34226298619262e+68,-175.943780254091,1.42460066754244e+76,4.05621974670704,1.0004136205999,1.00000003442228,0.207648882036292,0.207028107960783,0.000413586177620662,0.000620774075508562,1.50512528438947e+53,1.50574783521253e+53,2.37077633701119e+50,2.20799967426022e+54,5.7672054673311e+53,2.37077633701119e+50,5.76482101860307e+53,2.20891294841006e+54,2.37077633701119e+50,1.59239640655729e+51,1.59239646137121e+51,2.707844101457e+47,2.33602530197202e+52,6.09908071153395e+51,2.707844101457e+47,6.0990805015897e+51,2.33602538238334e+52,2.707844101457e+47,8.52832411402174e+51,1.77089696791976e+51,8.4855007387704e+46,1.25109431494162e+53,6.78276032455686e+51,8.4855007387704e+46,3.26645646152403e+52,2.59788335819587e+52,8.4855007387704e+46,1.59239640655729e+51,1.59239646137121e+51,2.707844101457e+47,2.33602530197202e+52,3.52959144369507e+50,2.707844101457e+47,6.0990805015897e+51,2.33602538238334e+52,2.707844101457e+47,3
15778.1141778723,-16.905412958281,7965.99556787496,159.280083229767,7924.72447152235,160.603630575355,3141.23744794453,82.4267728459185,1558.65076344181,-97.1673238514102,1558.65105738307,-97.1668904783259,1634.92365453516,-73.6053659865302,7.20438901203241,82.6059129003387,1629.26751777148,106.482343747301,393.705239857098,-91.1686421262851,0.142668193577528,173.969317858609,393.693123964716,88.8106702821895,2733.35877453729,-97.7616388433816,1.20832541517211,104.364818507116,2732.23947201503,82.2288172070473,0.884848884906716,1.07564730039681,1.25229792414062,1.01180146095387,0.190798415490091,0.240496463186752,548636.207902154,485460.13678167,293.03857882307,8048423.48274479,1859373.98649714,293.03857882307,2101346.36344505,7121638.54396375,293.03857882307,8533.72616261881,9179.27950914652,10.8647704552581,125188.678860918,35157.8064622209,10.8647704552581,32685.2551475295,134658.86445699,10.8647704552581,19479.6029087138,24394.266285666,0.340338227499258,285763.300392666,93433.1384075119,0.340338227499258,74609.3534185402,357860.787877308,0.340338227499258,8533.72616261881,9179.27950914652,10.8647704552581,125188.678860918,47729.0525005584,10.8647704552581,32685.2551475295,134658.86445699,10.8647704552581,3
5587.6822933874,-12.9601102462693,2772.78020551727,168.328599757325,2779.09296823128,167.537419527836,1079.09867721472,87.1201876830986,535.412315481865,-92.4619342338955,535.417567177403,-92.4611127931932,1226.49358024011,-81.72627244226,2.403609950505,87.3303706704417,1223.33755434139,98.3023142303096,133.614948181142,-83.0650568717908,0.111223062414746,144.151320404849,133.538963193682,96.8999532310046,939.32761882894,-92.7626572115587,1.20859361269409,104.336543557803,938.17249339466,87.2156404032446,0.958126517163259,1.20911404052436,1.21905056235225,1.00201663223697,0.250987523361101,0.217033930115285,535587.124333233,513160.226074886,31.1998832148498,7856995.08426926,1965468.84692564,31.1998832148498,2051366.71589556,7527995.33545975,31.1998832148498,2941.79738502511,3556.96852261171,3.7874117819663,43155.7939743853,13623.6412439109,3.7874117819663,11267.4576485793,52180.2764244058,3.7874117819663,20270.1882962034,24710.3844414728,0.270348127747397,297361.087607834,94643.9110972395,0.270348127747397,77637.3958719292,362498.201070007,0.270348127747397,2941.79738502511,3556.96852261171,3.7874117819663,43155.7939743853,48552.7285051579,3.7874117819663,11267.4576485793,52180.2764244058,3.7874117819663,3
7189.15771430953,-16.8354991931113,3488.51990489948,173.42882543621,3489.6343503467,173.106862762404,1378.61667461045,86.371553381068,684.02477261845,-93.2126148953336,684.032085257711,-93.2120847866644,1296.10400237663,-80.190664495844,0.176841361806092,86.7086557939572,1297.0537647334,99.7994687533261,168.707303234599,-80.4579031974904,0.117310362182414,127.52494835713,168.603427073867,99.5234144530102,1199.63529642759,-93.5087230709693,1.20885164742681,104.309257906474,1198.48447216473,86.4735931007194,0.946881544131738,1.15222923046668,1.22765394830076,1.00359131781312,0.205347686334941,0.224062630487642,539775.371583376,511103.337329149,421.565051975244,7918436.13944219,1957590.70176568,421.565051975244,2067408.23485025,7497821.03882358,421.565051975244,3793.3459106617,4370.80403953565,4.82743884144564,55647.9026826981,16740.7346462398,4.82743884144564,14528.9966645434,64119.1400851698,4.82743884144564,20089.259178511,24662.6583489363,0.384165304295221,294706.880432708,94461.1141007081,0.384165304295221,76944.4143697458,361798.065354614,0.384165304295221,3793.3459106617,4370.80403953565,4.82743884144564,55647.9026826981,48446.0396068422,4.82743884144564,14528.9966645434,64119.1400851698,4.82743884144564,3
1.21009338646153e+17,11.9756580607847,6.1575233693952e+16,-168.024341939214,6.0881588059875e+16,-168.024341939215,4412719924920820.0,-168.024341939159,2200186580748510.0,11.9756580608411,2200189359887280.0,11.9756580608411,4360632051269670.0,11.9756580607747,12274602005092.6,11.9756580608431,4373978216751850.0,-168.024341939225,682944063186055.0,11.9756580608269,37386468162.5841,-168.024341939616,682905837500416.0,-168.024341939173,3.72457176281488e+22,-168.024341939217,1739341798737960.0,11.975658060416,3.72457155013765e+22,11.9756580607827,1.007459588073,0.999999169894866,0.204360605773231,0.207086220605652,0.00746041817813148,0.00272561483242112,3.3598559711585e+17,3.38491911268795e+17,482494369224797.0,4.92886603316111e+18,1.29646701503722e+18,482494369224797.0,1.28686751348213e+18,4.96563334343548e+18,482494369224797.0,1.20969241961792e+16,1.20969141544603e+16,4114661428341.37,1.77460341419676e+17,4.63327177485808e+16,4114661428341.37,4.63327562096396e+16,1.77460194108935e+17,4114661428341.37,1.99193531752445e+16,4070731081503890.0,357187825696.408,2.92214380946066e+17,1.55914171020344e+16,357187825696.408,7.62936527959575e+16,5.97171079057876e+16,357187825696.408,1.20969241961792e+16,1.20969141544603e+16,4114661428341.37,1.77460341419676e+17,2468160012199600.0,4114661428341.37,4.63327562096396e+16,1.77460194108935e+17,4114661428341.37,3
33467.7005935332,-27.0413513812666,16870.3360132342,149.959539544575,16964.3221416821,148.76062680437,6988.09670045648,73.986624464282,3467.95837914402,-105.628334274397,3467.96046309873,-105.628181386695,2369.16665032937,-69.8342984490711,2.01666188392561,74.2653676399589,2366.13236142666,110.218932764978,838.774438423055,-86.7686755330516,0.114206979490112,152.949889058035,838.716267090052,93.2246009066842,6075.81281587251,-107.465815078215,1.20915296876865,104.257537225784,6074.78431770888,72.5281882707285,0.775545128070312,1.01740774348976,1.32959658194439,1.07749871855694,0.241862615419443,0.252097863387452,561883.662387692,435766.136907079,715.252780137598,8242761.95737025,1669039.65489915,715.252780137598,2152085.79680205,6392633.8778818,715.252780137598,19271.0730790674,19606.5389760002,23.3422081624131,282704.194278987,75095.5346795292,23.3422081624131,73810.6576837602,287625.436376473,23.3422081624131,18044.5204047341,23991.9326529603,0.577025208770936,264710.822341916,91892.1494902647,0.577025208770936,69112.805145665,351958.6045895,0.577025208770936,19271.0730790674,19606.5389760002,23.3422081624131,282704.194278987,46686.2298778698,23.3422081624131,73810.6576837602,287625.436376473,23.3422081624131,3
177914211402.049,20.6166342920995,83779506537.5892,-159.383367926656,83893834272.4721,-159.383367873595,11287841037.2717,-159.38332893449,5620351230.56314,20.6166709294608,5620355145.85438,20.6166709293937,6578715601.5177,20.6166288814084,9391966.86993519,-159.383329002686,5657742029.94838,-159.383377974486,1604920103.74501,20.616668474379,50719.3722211872,-159.383419046909,1604858429.36116,-159.383331522872,63497781356879.3,-159.383369105379,1033946.00597795,20.6166974283593,63497776948452.1,20.6166308946199,0.999096226705579,0.9999995509174,0.199185644450106,0.207063201067732,0.000903324211821155,0.00787755661762563,457895103622.799,457481270256.498,3413623530.77221,6717263008803.92,1752211373860.26,3413623530.77221,1753796408217.86,6711192125884.96,3413623530.77221,30896237502.9205,30896223627.9578,15711553.638563,453243879761.056,118336460900.103,15711553.638563,118336514042.973,453243676217.116,15711553.638563,25485220482.6714,5076290065.79394,303860534.899894,373864947375.552,19442835736.8837,303860534.899894,97611631553.8689,74468530480.3042,303860534.899894,30896237502.9205,30896223627.9578,15711553.638563,453243879761.056,5799619300.61272,15711553.638563,118336514042.973,453243676217.116,15711553.638563,3
11418612.5785618,44.452247196057,5618884.11188497,-135.554417558876,5884208.98471697,-135.534620717722,1801964.04504126,-135.1153453011,893894.725547034,44.8848190270005,893894.181485921,44.8848183489984,252890.555758123,44.0561436655065,2645.98067936616,-135.115401464485,250306.004513982,-135.952411203262,240273.867511229,44.8735909083543,7.06069281704652,45.92323116507,240281.181598992,-135.126378237887,43120402.9636539,-135.647322784027,1.04631528500898,135.614443240253,43120403.3208494,44.3526758260294,0.953570401208201,0.999984245497338,0.201570067736128,0.208334141754559,0.0464138442891364,0.0067640740184311,32666276.7544834,31149594.6307508,28160.9273250181,479210130.753005,119306904.023712,28160.9273250181,125115989.204937,456960596.645178,28160.9273250181,4911301.74994138,4911224.37482488,4725.05936893607,72048172.8433852,18810613.174006,4725.05936893607,18810909.5305303,72047037.7602543,4725.05936893607,1165420.0773945,234913.803941453,20.3854815878787,17096564.5049752,899749.707593948,20.3854815878787,4463706.92682306,3446155.66532292,20.3854815878787,4911301.74994138,4911224.37482488,4725.05936893607,72048172.8433852,883664.231054544,4725.05936893607,18810909.5305303,72047037.7602543,4725.05936893607,3
61222.8583108912,-47.5119590950699,30234.873415422,133.967564757524,29837.8314587256,136.555213456668,13238.7472990852,61.3695339645689,6573.02137842571,-118.264100595232,6573.0059082031,-118.263911316796,4084.11717506038,-81.5456719012948,19.8974398723066,-118.434384407424,4100.31276075303,98.284668657547,1749.95356628772,-107.517719755356,0.322265671190268,-172.858879007619,1750.09590956189,72.4726421820176,11480.6513065168,-124.377274617688,1.20832300390273,104.301797146148,11479.8538965801,55.6181961712881,0.63862253474997,1.00812892591753,2.00122281034479,1.25999322008868,0.36950639116756,0.741229590256116,565702.743953876,361270.520258838,1049.63945193413,8298787.39885055,1383711.98078345,1049.63945193413,2166713.36429617,5299792.64400505,1049.63945193413,36388.4006635948,36684.1992768465,41.765523519007,533813.215719503,140505.142817776,41.765523519007,139372.196557001,538152.543803885,41.765523519007,11993.4881840115,24001.6421294446,0.109846283346953,175942.948259507,91929.338018487,0.109846283346953,45936.5831447066,352101.041376238,0.109846283346953,36388.4006635948,36684.1992768465,41.765523519007,533813.215719503,48473.2784474244,41.765523519007,139372.196557001,538152.543803885,41.765523519007,3
10861.7848035289,-12.7669253596019,5672.68150526396,155.783826009654,5691.04500683272,155.252582555638,2146.56446177329,84.530942623427,1065.06352340841,-95.0578939240255,1065.067336739,-95.0573850894141,1331.76042283863,-75.1887473752234,3.50375828078027,84.7942329873575,1327.35861974947,104.880499416247,277.14784582237,-78.7785052791987,0.122416570187023,154.13380277659,277.071946809845,101.201428746511,1867.91257883134,-95.4096049350408,1.20838441252271,104.276053280224,1866.77475873205,84.5779015457946,0.919816764532526,1.09343153886157,1.20791080815229,1.00847592132204,0.173614774329042,0.199434886830256,539495.103789248,496236.640848565,774.320962907982,7914324.64650165,1900649.36589328,774.320962907982,2066334.77359943,7279728.48980518,774.320962907982,5940.07605019318,6495.06649651747,7.4794930846389,87140.1611542763,24876.9296780079,7.4794930846389,22751.2457742975,95281.8005075653,7.4794930846389,20316.8014281979,24540.8840322042,0.394057328715771,298044.896333443,93994.7029999815,0.394057328715771,77815.9300882177,360011.651595796,0.394057328715771,5940.07605019318,6495.06649651747,7.4794930846389,87140.1611542763,51357.6076843718,7.4794930846389,22751.2457742975,95281.8005075653,7.4794930846389,3
5.81782542427784e+17,11.4434599799675,2.84291388497466e+17,-168.556540020033,2.88507728735431e+17,-168.556540020033,2.0093285207226e+16,-168.556540020021,1.00193968317031e+16,11.4434599799793,1.00194052704285e+16,11.4434599799793,1.97697474098647e+16,11.4434599799646,28826114525424.5,-168.556540020021,2.02208465679373e+16,-168.556540020035,3562515115045580.0,11.4434599799754,134498794492.397,-168.556540020727,3562409197668520.0,-168.556540020025,3.91725537453485e+23,-168.556540020033,3.45224537761481e+16,11.4434599821159,3.91725533369074e+23,11.4434599799671,0.990356697949179,0.999999446505545,0.209769575508694,0.207070494726203,0.00964274855636571,0.00269908078249109,1.57982044017089e+18,1.56458575448026e+18,2994475064962370.0,2.31757651902174e+19,5.99256217165561e+18,2994475064962370.0,6.05091295294407e+18,2.29522742862292e+19,2994475064962370.0,5.50885599914361e+16,5.50885295002237e+16,18161035031493.0,8.08142177784853e+17,2.10996065271499e+17,18161035031493.0,2.10996182056716e+17,8.08141730482639e+17,18161035031493.0,9.23259703305902e+16,1.93671796046762e+16,159975090865988.0,1.35441025760452e+18,7.41787578841892e+16,159975090865988.0,3.53620193511402e+17,2.84114064802321e+17,159975090865988.0,5.50885599914361e+16,5.50885295002237e+16,18161035031493.0,8.08142177784853e+17,1.28742540622637e+16,18161035031493.0,2.10996182056716e+17,8.08141730482639e+17,18161035031493.0,3
68003.3061738907,-49.3258350270098,36196.977161022,122.54881866354,36005.1719620094,123.212155997221,15085.5461728581,57.7485183459039,7654.00618298361,-123.030493626,7654.0026416299,-123.030404160168,4717.02464384192,-86.4525067260109,2.28393982555575,-122.484850642408,4708.24229048463,93.6252349059939,1550.99353526419,-115.203074068535,0.152885266501497,166.029061667747,1551.01860630287,64.7914086378335,13114.7946300942,-130.315665973059,1.21010299195163,104.364005644392,13114.0948242838,49.6800202181777,0.636789836842648,1.00497914428018,2.50208313321171,1.3523799923824,0.368189307437527,1.14970314082931,533641.350833696,339817.388729879,3470.12622153419,7828450.83418109,1301543.7620739,3470.12622153419,2043914.15624227,4985077.92942887,3470.12622153419,42380.1710966531,42591.1880831619,101.273598119937,621711.726904246,163129.660245315,101.273598119937,162321.438383837,624807.319293179,101.273598119937,9726.14168277191,24335.615055691,4.38250212008982,142681.26308223,93208.4967468916,4.38250212008982,37252.35804905,357000.381783391,4.38250212008982,42380.1710966531,42591.1880831619,101.273598119937,621711.726904246,36276.3251530961,101.273598119937,162321.438383837,624807.319293179,101.273598119937,4
9.96054235613139e+16,12.0447142833476,5.11309887342411e+16,-167.955285716651,5.10978665646533e+16,-167.955285716651,3672598731678610.0,-167.955285716584,1847386918403670.0,12.0447142834165,1847386203928420.0,12.0447142834165,2882412207726790.0,12.0447142833154,2595257359911.7,-167.955285716585,2881080875323140.0,-167.955285716685,404036781387866.0,12.0447142834109,9267863824.913,12.0447142902269,404047598364227.0,-167.955285716589,2.79881673500241e+22,-167.955285716654,260370904634766.0,-167.955285713638,2.79881682557918e+22,12.0447142833457,1.00042447662711,1.00000025389191,0.207921329305727,0.207012160836746,0.000424222735200486,0.000909168468981619,2.81943990000939e+17,2.82063668634847e+17,874477245860158.0,4.13608252109204e+18,1.08033967829465e+18,874477245860158.0,1.07988129392532e+18,4.13783819145003e+18,874477245860158.0,1.01680162591756e+16,1.01680188407526e+16,7391463551160.67,1.4916350699164e+17,3.89448036908766e+16,7391463551160.67,3.89447938031086e+16,1.49163544863047e+17,7391463551160.67,1.31308728156167e+16,2730188530767460.0,421308318756.97,1.92628236335784e+17,1.04569688584439e+16,421308318756.97,5.02929107531243e+16,4.0051518960754e+16,421308318756.97,1.01680162591756e+16,1.01680188407526e+16,7391463551160.67,1.4916350699164e+17,1459764671789670.0,7391463551160.67,3.89447938031086e+16,1.49163544863047e+17,7391463551160.67,4
107152.130424132,-77.8117321922115,55083.7029143605,99.9301367005949,54475.5427975894,101.25616692051,22188.3404466786,36.4653719413475,11233.4130903008,-144.450417235881,11233.4146792934,-144.450385909324,6645.42015300719,-104.894015011894,13.586725666985,-143.783676926317,6655.29968506424,75.0374137135233,2326.28212262508,-132.915949650408,0.0741188691231639,124.789108240845,2326.2569669559,47.0823109865981,18956.624146258,-162.116078765354,1.21035212131914,104.370847300407,18956.5495738534,17.8802698448638,0.758473567638548,0.998226170804043,4.74976577265706,2.55600357468827,0.239752603165495,2.19376219796879,456268.475495241,346067.578409876,1287.053347293,6693400.58078519,1325482.78244064,1287.053347293,1747566.21587676,5076767.41814207,1287.053347293,62256.504244042,62146.0718391757,150.971774165975,913295.009506027,238027.348871106,150.971774165975,238450.319008749,911674.980153644,150.971774165975,5518.47356672702,26211.4568645527,0.30000521374049,80955.3062733207,100393.209142237,0.30000521374049,21136.4547111291,384518.742851988,0.30000521374049,62256.504244042,62146.0718391757,150.971774165975,913295.009506027,38099.8472123576,150.971774165975,238450.319008749,911674.980153644,150.971774165975,4
3.4770696291569e+16,12.4400118580042,1.75368029641792e+16,-167.559988141995,1.74632227259685e+16,-167.559988141995,1318489607204650.0,-167.5599881418,663321618065633.0,12.4400118582017,663321669811927.0,12.4400118582017,1148113301843910.0,12.4400118579477,1970411006108.49,12.4400118581991,1150055327988430.0,-167.559988142052,164134562789111.0,12.4400118581532,251270944.239793,-167.559988093843,164134221693724.0,-167.559988141847,5.72114153270498e+21,-167.559988142003,88810533729347.9,-167.559988128828,5.72114160022536e+21,12.4400118579971,1.00276384027463,0.9999999487887,0.205391995399161,0.207035326428655,0.00276389148592571,0.00164333102949429,9.61935819328884e+16,9.64594456287951e+16,76443132859570.6,1.41114762855037e+18,3.69451928933104e+17,76443132859570.6,3.68433637208062e+17,1.4150478151996e+18,76443132859570.6,3650987028706560.0,3650986841734760.0,2717893557635.59,5.35595159666878e+16,1.39837433482577e+16,2717893557635.59,1.39837440643834e+16,5.35595132238354e+16,2717893557635.59,5238501785521420.0,1075946334630310.0,9461620532.30639,7.68481558047485e+16,4121011127177860.0,9461620532.30639,2.00641272273977e+16,1.57839960634829e+16,9461620532.30639,3650987028706560.0,3650986841734760.0,2717893557635.59,5.35595159666878e+16,593062026216175.0,2717893557635.59,1.39837440643834e+16,5.35595132238354e+16,2717893557635.59,4
6.65224460222586e+18,10.7133381246713,3.32526643070389e+18,-169.286661875329,3.31562307838249e+18,-169.286661875329,2.13600935401119e+17,-169.286661875328,1.07394505616734e+17,10.7133381246724,1.07394447794631e+17,10.7133381246724,2.19847364036691e+17,10.713338124671,197576751856868.0,-169.286661875331,2.19613050861101e+17,-169.286661875329,2.88481800525112e+16,10.713338124672,839178603182.011,10.7133381257159,2.88489665866118e+16,-169.286661875328,1.51896312167537e+25,-169.286661875329,5.42495957442512e+17,-169.28666187994,1.51896315548341e+25,10.7133381246713,1.00191016791158,1.00000035347288,0.207885137693605,0.207005945028131,0.00190981443870064,0.000879192665473899,1.82412392040436e+19,1.82760830338387e+19,3785031046493730.0,2.67596662140776e+20,6.99997194279709e+19,3785031046493730.0,6.98662631340301e+19,2.68107816698044e+20,3785031046493730.0,5.91065523421852e+17,5.91065732347487e+17,396006003415390.0,8.67085615209284e+18,2.26385683142314e+18,396006003415390.0,2.26385603121143e+18,8.67085921700536e+18,396006003415390.0,1.00086831371276e+18,2.08065647209343e+17,12245474577939.3,1.46826110329517e+19,7.96917857086037e+17,12245474577939.3,3.83345277073432e+18,3.0522966162868e+18,12245474577939.3,5.91065523421852e+17,5.91065732347487e+17,396006003415390.0,8.67085615209284e+18,1.04223776755561e+17,396006003415390.0,2.26385603121143e+18,8.67085921700536e+18,396006003415390.0,4
2.29147790824707e+27,7.22740445056749,1.15720539996168e+27,-172.772595549433,1.15597157932081e+27,-172.772595549433,4.80126950635331e+25,-172.772595549433,2.41084925624682e+25,7.22740445056749,2.4108480958562e+25,7.22740445056749,6.53230623336316e+25,7.22740445056749,1.13853214085782e+23,-172.772595549434,6.52148267262058e+25,-172.772595549433,6.0265777010277e+24,7.2274044505675,1.87269983665972e+20,7.22740445050072,6.02677652363728e+24,-172.772595549433,1.0262257565225e+38,-172.772595549433,5.47876061596843e+30,-172.772595548527,1.0262258248059e+38,7.22740445056749,1.00070027210777,1.00000031604325,0.2087092605261,0.207004262813271,0.000699956064513341,0.001704997712829,6.36624066632035e+27,6.37069876709029e+27,7.23302367847258e+24,9.33919419418917e+28,2.44005854772468e+28,7.23302367847258e+24,2.43835103850348e+28,9.34573417139236e+28,7.23302367847258e+24,1.32664749038099e+26,1.32664790965898e+26,6.80928191656844e+22,1.94617501745548e+27,5.08123000338151e+26,6.80928191656844e+22,5.08122839749356e+26,1.94617563253096e+27,6.80928191656844e+22,2.97268744831422e+26,6.20427399112881e+25,1.87253555333305e+21,4.36089472792139e+27,2.37631574462187e+26,1.87253555333305e+21,1.13857705145992e+27,9.10159113896642e+26,1.87253555333305e+21,1.32664749038099e+26,1.32664790965898e+26,6.80928191656844e+22,1.94617501745548e+27,2.17729885916283e+25,6.80928191656844e+22,5.08122839749356e+26,1.94617563253096e+27,6.80928191656844e+22,4
36579.5997441725,-29.9478847932622,18608.7845002276,147.908170048597,18656.2710352201,147.37130121037,7623.88369208143,73.1005539955293,3873.34179128695,-107.715037454585,3873.3540219749,-107.71503368602,3254.1470393901,-79.290453153375,1.317005522124,-107.144459735778,3255.26836220344,100.699117773284,850.178520205657,-102.133589075528,0.148572608998596,73.4750961818068,850.032270681751,77.8671665563608,6678.94064363124,-109.185564173612,1.2097077472737,104.366095359451,6677.93261176876,70.8086993979698,0.754921064075241,1.02151838575503,1.69866032736986,1.07555816402336,0.266597321679787,0.623102163346494,563690.416334876,425541.76890854,566.733755410488,8269266.8082835,1629879.02677654,566.733755410488,2159005.89391171,6242643.69803145,566.733755410488,21404.6928799637,21865.2873183226,54.8810031065136,314004.125748048,83746.8277344043,54.8810031065136,81982.6925312804,320760.987654565,54.8810031065136,14195.0188350448,24112.5153413585,0.0162680038605469,208239.123274114,92353.9965031129,0.0162680038605469,54368.7251742144,353727.537312018,0.0162680038605469,21404.6928799637,21865.2873183226,54.8810031065136,314004.125748048,40114.1902345287,54.8810031065136,81982.6925312804,320760.987654565,54.8810031065136,4
1.82548690146585e+26,7.5269705802894,9.14751187590625e+25,-172.473029419711,9.15125247313629e+25,-172.473029419711,3.99707228874634e+24,-172.473029419711,2.007271245302e+24,7.5269705802894,2.00727127157966e+24,7.5269705802894,5.71128983878493e+24,7.5269705802894,2.83710307964581e+20,7.52697058030794,5.71194540234249e+24,-172.473029419711,5.26319859571993e+23,7.52697058028945,3.03349537803469e+17,7.52697052724367,5.26322788308355e+23,-172.473029419711,2.29042976381396e+36,-172.473029419711,1.94488184136547e+28,-172.473029422001,2.29042986545606e+36,7.52697058028941,0.999731527517945,0.999999991404191,0.206990128415756,0.207033630617894,0.000268463886246462,4.35022021374465e-05,5.03429915919484e+26,5.03294758840416e+26,1.4631778128031e+23,7.38525292141351e+27,1.92768285431661e+27,1.4631778128031e+23,1.92820052309694e+27,7.38327018423109e+27,1.4631778128031e+23,1.10458153782769e+25,1.10458152833292e+25,5.82340937844356e+21,1.62040708571758e+26,4.23068755627027e+25,5.82340937844356e+21,4.23068759263646e+25,1.62040707178887e+26,5.82340937844356e+21,2.60270456806382e+25,5.38734152771806e+24,1.23951083200375e+20,3.81813454207673e+26,2.06342023454745e+25,1.23951083200375e+20,9.96868908841346e+25,7.90316159173096e+25,1.23951083200375e+20,1.10458153782769e+25,1.10458152833292e+25,5.82340937844356e+21,1.62040708571758e+26,1.90173316411437e+24,5.82340937844356e+21,4.23068759263646e+25,1.62040707178887e+26,5.82340937844356e+21,4
1.07593868441015e+44,4.69134914618815,5.38027289300591e+43,-175.308650853812,5.39099649718923e+43,-175.308650853812,1.35292670967818e+42,-175.308650853812,6.78672275600858e+41,4.69134914618815,6.78672126984203e+41,4.69134914618815,2.98011346498825e+42,4.69134914618815,1.00043399982707e+39,-175.308650853812,2.97928613321992e+42,-175.308650853812,1.93752934768237e+41,4.69134914618814,2.10779495723175e+36,4.69134914609287,1.93755603899829e+41,-175.308650853812,1.15426631861398e+63,-175.308650853812,1.44459475859325e+55,-175.308650863253,1.15426635921815e+63,4.69134914618815,0.998692935388953,1.00000014380412,0.207358642640605,0.207023648615719,0.00130720841516252,0.000334994024886071,2.96443251959255e+44,2.96055781475435e+44,3.9608486978815e+40,4.34878485233991e+45,1.13393124773719e+45,3.9608486978815e+40,1.1354153089063e+45,4.34310070955836e+45,3.9608486978815e+40,3.73416940291674e+42,3.73416993990567e+42,1.47256430229205e+39,5.47797908306158e+43,1.43023451800798e+43,1.47256430229205e+39,1.4302343123344e+43,5.47797987081751e+43,1.47256430229205e+39,1.35764891576426e+43,2.81520236355366e+42,5.77007438298071e+37,1.99165371471597e+44,1.07825826363805e+43,5.77007438298071e+37,5.1999677944791e+43,4.12986610893622e+43,5.77007438298071e+37,3.73416940291674e+42,3.73416993990567e+42,1.47256430229205e+39,5.47797908306158e+43,7.00051105483607e+41,1.47256430229205e+39,1.4302343123344e+43,5.47797987081751e+43,1.47256430229205e+39,4
28609808855.6976,22.9355148780001,14638314209.6204,-157.064480620058,14556589151.7841,-157.064481853142,2075623340.09764,-157.064261066104,1047960266.49401,22.9357404959139,1047960287.63349,22.9357404955819,901807636.865143,22.9354364702382,3738339.54765727,22.9357390515784,904345806.197535,-157.064562680511,273065187.149621,22.9356826163131,1689.24657399484,-157.066751804285,273064360.042457,-157.064317368449,4286737446938.94,-157.064502555453,161465.432636442,22.9359220103118,4286737382580.66,22.9354974445306,1.00366675808899,1.00000005565084,0.202990638855352,0.207035319042339,0.0036667024381476,0.00404468018698712,80333870066.6211,80628434934.5078,195031501.616218,1178487669955.74,308817147136.068,195031501.616218,307688926276.75,1182808899152.33,195031501.616218,5770546794.69095,5770547115.82674,6765737.92762778,84653188509.4819,22101928422.2915,6765737.92762778,22101927192.3007,84653193220.5031,6765737.92762778,4116854110.34939,835682845.934104,400056.738410051,60393726880.4537,3200771447.462,400056.738410051,15768074161.0101,12259361202.3189,400056.738410051,5770546794.69095,5770547115.82674,6765737.92762778,84653188509.4819,986666350.822117,6765737.92762778,22101927192.3007,84653193220.5031,6765737.92762778,4
31782.6062474312,-27.8814097814414,15944.243499373,153.347095795456,15879.2503537555,154.528868669397,6525.24623357445,75.361415253724,3315.64581669242,-105.464695178053,3315.64854489878,-105.464536678958,3226.16202662292,-80.7203860896585,5.58293211314495,75.1373415050621,3369.632233521,98.1905980216176,773.459518235763,-96.8950185218854,0.113475625171974,152.228250324291,773.415640935663,83.0971626761838,5719.61741976601,-106.375829134037,1.20887007404263,104.350534431333,5718.57812142599,73.6179824022616,0.780602509287081,1.02598137412333,1.82011696302377,1.06099387228436,0.245378864836249,0.759123090739417,566941.674669609,442556.093866517,336.113674973035,8316962.3550827,1695046.05250681,336.113674973035,2171458.62630507,6492241.68402375,336.113674973035,18351.7709976551,18828.5752257708,47.4870158457093,269218.149513428,72115.8347000339,47.4870158457093,70289.6139431914,276212.806976727,47.4870158457093,13309.0398983114,24224.0092804767,54.0474612145757,195241.924808325,92781.0324517758,54.0474612145757,50975.3133104359,355363.139237043,54.0474612145757,18351.7709976551,18828.5752257708,47.4870158457093,269218.149513428,43525.6448298265,47.4870158457093,70289.6139431914,276212.806976727,47.4870158457093,4
68553.1616465265,-50.3014246103816,35408.7744898001,125.806835299065,35154.2294398096,126.882160698013,15147.0992996782,57.6009308212008,7685.20439611843,-123.179115498236,7685.2019302391,-123.179021784858,3201.28918601999,-62.2021301209507,4.1137853288731,57.373058762548,3201.20063823792,117.800650983943,1832.17420021095,-117.944710581821,0.156668070736824,160.858149802151,1832.18352542831,62.0504854047857,13179.5180915793,-130.554044850047,1.20892363301681,104.378140486053,13178.8228499198,49.4416533617984,0.62146310758489,1.00691434209359,1.26679724656176,1.32735723697375,0.385451234508696,0.0605599904119956,545471.907577901,338990.66678362,1514.0782764077,8002003.59891401,1298377.31201039,1514.0782764077,2089226.69127715,4972950.02348658,1514.0782764077,42555.0560418365,42849.2962571215,101.74226232199,624277.266836389,164118.247336203,101.74226232199,162991.269937586,628593.733420545,101.74226232199,18398.0686770804,23306.6227421795,1.31164670988282,269897.330589915,89267.3254846482,1.31164670988282,70466.9399360716,341905.195245673,1.31164670988282,42555.0560418365,42849.2962571215,101.74226232199,624277.266836389,42145.36130211,101.74226232199,162991.269937586,628593.733420545,101.74226232199,4
37738.5575152507,-30.1521931308922,19215.8581422024,147.439244040257,19169.8903954254,147.969401125825,7913.66485639992,72.4188798819593,4020.44677650941,-108.39347983099,4020.45953527737,-108.393449096912,1894.90631596753,-51.7954008242806,12.4144413772214,-107.787065037912,2506.5884466058,111.017779642834,928.554932281932,-96.9677223665154,0.162763941978831,80.848336845436,928.395842128852,83.0326184905591,6933.84903307199,-109.988310289198,1.20960402227001,104.308512659013,6932.84994970917,70.0060568017465,0.746388727502984,1.01756015006922,1.35909674387643,1.0957201493495,0.271171422566237,0.26337659452693,565795.55746999,422303.426166867,521.84094359646,8300148.96134285,1617475.76274513,521.84094359646,2167068.85185195,6195137.62134191,521.84094359646,22300.0980767256,22691.6911455112,56.8195155720522,327139.606251142,86912.0593614601,56.8195155720522,85412.2081682815,332884.226830498,56.8195155720522,17624.4174750799,23953.2884031001,293.695192800737,258547.965724911,91744.1371047492,293.695192800737,67503.7575640681,351391.698352602,293.695192800737,22300.0980767256,22691.6911455112,56.8195155720522,327139.606251142,43241.630809715,56.8195155720522,85412.2081682815,332884.226830498,56.8195155720522,4
1476437.0729616,56.0952470161216,769634.284707473,-123.800153039594,753027.159329906,-123.852046170189,344607.827722551,-121.442499902195,176097.987352718,58.5399423530103,176098.147546095,58.5399395054053,85397.0729812562,56.7472201541096,18.4536986552283,58.5538915593014,85719.5737994845,-123.245988350247,38180.6825901233,58.5910284441956,1.96785936792249,-124.543901618074,38178.6528697907,-121.408809984479,2835760.98462494,-124.929582237256,1.21750240007236,103.85829395682,2835760.15347548,55.0703992572832,0.925610481368353,0.999839545898494,0.181327963093263,0.227044985897171,0.0742290645301409,0.0457170228039078,4683383.38857946,4334988.75273558,15422.9404941658,68704639.4321504,16603557.5485764,15422.9404941658,17937953.2565695,63593734.3770318,15422.9404941658,970773.483648903,970617.719061818,2529.64549129076,14241123.6985278,3717589.1508233,2529.64549129076,3718185.74897689,14238838.6518203,2529.64549129076,415024.899295585,75255.6196222549,101.402179655929,6088362.55665083,288238.58204093,101.402179655929,1589598.08031748,1103990.38097079,101.402179655929,970773.483648903,970617.719061818,2529.64549129076,14241123.6985278,160466.685501848,2529.64549129076,3718185.74897689,14238838.6518203,2529.64549129076,4
18341.3721754608,-20.802670962652,9268.08047442124,158.542427821351,9229.45969121215,159.642589055138,3635.53827161369,81.5204823913859,1847.81218478941,-99.3362474863602,1847.81775944937,-99.3360359219429,2477.21160641773,-80.6928357982234,2.60636246753582,81.3646944034741,2281.53302769636,100.907302995446,416.677313499636,-79.5114813062259,0.103855939013747,133.247870709829,416.589953214795,100.480790794357,3185.77080915529,-99.1471696400407,1.20956403084537,104.269033180453,3184.66089700816,80.8441821890854,0.86710575987462,1.03779663939207,1.43815406992334,1.02627164959832,0.170690879517455,0.411882420325017,552874.800336622,479400.923861415,53.1834045282444,8110603.09537699,1836166.43137787,53.1834045282444,2117580.71085051,7032750.66005831,53.1834045282444,10331.5978076623,10722.0974843425,27.1826281028209,151563.227529988,41066.9952742977,27.1826281028209,39571.3319117647,157291.808186038,27.1826281028209,16937.9966599646,24359.448832876,68.0095317123512,248478.2595556,93299.7831408512,68.0095317123512,64874.6786537442,357350.020267355,68.0095317123512,10331.5978076623,10722.0974843425,27.1826281028209,151563.227529988,44493.0106501168,27.1826281028209,39571.3319117647,157291.808186038,27.1826281028209,4
10237381430117.7,16.8255502057076,5155780519841.47,-163.174449791342,5189215495790.44,-163.174449787169,534272089450.959,-163.174449145101,269200160287.987,16.825550860749,269200291368.803,16.8255508607477,374616082477.74,16.8255500997445,120992216.72283,16.82555085641,374819084495.451,-163.174449899846,74721762550.6636,16.8255507855215,1871039.53447179,-163.17445127293,74719538029.8799,-163.174449214427,2.86125362025052e+16,-163.174449829004,833680074.865241,16.8255502515031,2.86125343361753e+16,16.825550170996,0.995767750134199,0.999999680656361,0.206737589884605,0.20705757010983,0.00423193052216142,0.000319980225224836,28545015492098.3,28424205854112.6,35871528504.3622,418751751511981.0,108868318833243.0,35871528504.3622,109331035091838.0,416979489467840.0,35871528504.3622,1481977599048.36,1481977125788.23,1376120735.18796,21740423138842.0,5676160630906.17,1376120735.18796,5676162443552.54,21740416196176.2,1376120735.18796,1707822968726.49,353071204504.087,27336600.3295255,25053546025384.9,1352307559974.51,27336600.3295255,6541178896055.25,5179509723351.1,27336600.3295255,1481977599048.36,1481977125788.23,1376120735.18796,21740423138842.0,270012462687.275,1376120735.18796,5676162443552.54,21740416196176.2,1376120735.18796,4
116200.225576289,-104.867105593234,58896.7729437819,71.9702861100786,58895.0843140786,75.0783057407265,23683.1604635816,-15.961090161211,12113.4305820465,162.437463934967,12113.4538344861,162.43733850173,5429.20757019369,-130.457174703129,32.5910135158378,163.556948130723,4975.20864649469,78.1357663202033,2967.41252412789,172.847024266846,0.433433101253449,-65.2770704292128,2967.1899025941,-7.14588813156575,20944.8053316409,-169.475862213849,1.20857631909863,104.335875563732,20944.8860144361,10.5208389789955,1.59183307253227,0.988893578116726,5.50433923989182,2.49941179564751,0.602939494415546,3.00492744424431,310614.183857765,494445.93066241,1210.57119229593,4556670.62331456,1893790.71842623,1210.57119229593,1189691.77805409,7253458.99882836,1210.57119229593,67421.5418365677,66672.7297489099,287.567398343284,989065.454930871,255365.023636597,287.567398343284,258233.069045631,978080.476718236,287.567398343284,4462.33911334607,24562.2282832948,879.748046230617,65461.9479912822,94076.4541927824,879.748046230617,17091.3256056201,360324.769048172,879.748046230617,67421.5418365677,66672.7297489099,287.567398343284,989065.454930871,55527.8372879534,287.567398343284,258233.069045631,978080.476718236,287.567398343284,4
395438064.85173,31.4092761994789,194185694.952796,-148.5910364646,191066632.107588,-148.591286527535,40232219.3544682,-148.575726147159,20368727.5429865,31.4243367220733,20368704.7534029,31.4243366859436,11938801.344132,31.4031339640991,19869.2773051273,31.4242850205869,11967371.5065463,-148.596815542786,5449346.12003792,31.4227282116158,256.045813731857,31.4591123236151,5449618.69587122,-148.577270074192,7301868963.4326,-148.592618538244,194.507115141557,31.7477307879264,7301868932.36209,31.4073814526899,1.01008295511309,1.00000253916763,0.205076788858752,0.206869403604099,0.0100804159454544,0.00179261474534659,1050932602.51662,1061529108.77467,3395246.52514032,15417047790.5923,4065791320.89027,3395246.52514032,4025205355.96512,15572497191.4412,3395246.52514032,112195804.064485,112196088.948439,168404.237880962,1645898194.63589,429725271.698816,168404.237880962,429724180.557085,1645902373.84731,168404.237880962,54534241.2458969,11183707.077557,2900.29568366371,800010392.196762,42835018.6494626,2900.29568366371,208873070.852331,164063562.285343,2900.29568366371,112195804.064485,112196088.948439,168404.237880962,1645898194.63589,19685082.029654,168404.237880962,429724180.557085,1645902373.84731,168404.237880962,4
9.14086777461866e+28,6.83699711164584,4.61052225207527e+28,-173.163002888354,4.60807519212099e+28,-173.163002888354,1.79666640920832e+27,-173.163002888354,9.02026690613365e+26,6.83699711164584,9.02026969580175e+26,6.83699711164584,2.79337580801297e+27,6.83699711164584,3.66241268520807e+24,6.83699711164742,2.79726623857801e+27,-173.163002888354,2.9166584487211e+26,6.83699711164585,5.69462580112546e+21,-173.16300288798,2.91660544852983e+26,-173.163002888354,2.62219531042225e+40,-173.163002888354,1.84698928156708e+33,6.83699711103631,2.62219515713856e+40,6.83699711164584,1.00034847926324,0.999999796926762,0.205785127376876,0.207052659267451,0.00034868233648111,0.00126753189057541,2.53726319433558e+29,2.5381473779442e+29,2.59098898591983e+26,3.72213287804667e+30,9.72142685027059e+29,2.59098898591983e+26,9.71804031474154e+29,3.7234299641697e+30,2.59098898591983e+26,4.96361048651553e+27,4.96360947853908e+27,2.46241699507439e+24,7.28155353647287e+28,1.90112547751308e+28,2.46241699507439e+24,1.90112586358087e+28,7.28155205778421e+28,2.46241699507439e+24,1.27427123668012e+28,2.62226068752908e+27,7.60059599433253e+22,1.86933971855383e+29,1.00435915099626e+28,7.60059599433253e+22,4.88062069304393e+28,3.84682312093253e+28,7.60059599433253e+22,4.96361048651553e+27,4.96360947853908e+27,2.46241699507439e+24,7.28155353647287e+28,1.05394196009975e+27,2.46241699507439e+24,1.90112586358087e+28,7.28155205778421e+28,2.46241699507439e+24,4
83193.8790268942,-62.732537382172,41116.3499031686,120.077290359579,41123.275480769,120.051902551915,17923.0687985858,51.122300005957,9087.2301630051,-129.670747239879,9087.23718446115,-129.670714967207,3723.97497339709,-68.4069494656818,12.7917136182261,-129.038214404893,3732.58285185798,111.359108184803,2278.08402672513,-113.059867461578,0.121670319252068,81.0398020136693,2277.97729371645,66.9393058670158,15487.9390720054,-140.29211012919,1.2096566589573,104.21485282232,15487.4190245928,39.7038504497319,0.599492051254906,0.999227433775087,1.42732069230272,1.73999904681876,0.399735382520181,0.312678354516039,533327.072931352,319725.340941391,1382.51488637639,7823840.41727296,1224588.66697373,1382.51488637639,2042710.43195706,4690330.14044201,1382.51488637639,50491.7453627325,50452.7371456283,118.240028605803,740707.49106421,193240.39172005,118.240028605803,193389.798146341,740135.245474073,118.240028605803,16348.5399633824,23334.6093786736,1.56541459004957,239831.004688894,89374.5178572529,1.56541459004957,62616.9846336801,342315.755648209,1.56541459004957,50491.7453627325,50452.7371456283,118.240028605803,740707.49106421,46112.2216542323,118.240028605803,193389.798146341,740135.245474073,118.240028605803,4
2140673253.42195,27.4195793157156,1071315454.34328,-152.58042587182,1057977411.15243,-152.58046228295,187487808.789589,-152.577541803577,94799153.9238957,27.4224741975661,94799061.8673145,27.4224741895334,76224439.934265,27.4190168271193,221289.832838652,27.4224624868194,76425378.8380531,-152.580974113477,26651567.9654292,27.4223313103858,1144.22039697768,27.4305242309418,26652763.0198153,-152.577668337637,89298653444.2459,-152.580715671355,794.375341203825,-152.6655949131,89298655557.6642,27.4192843278898,1.00814890928729,1.00000093945282,0.204178589935366,0.206973764181581,0.00814796983446575,0.00279517424621487,5828176118.15445,5875669396.65162,3793463.15328027,85498603364.6768,22504560110.3696,3793463.15328027,22322654821.1804,86195323727.6854,3793463.15328027,522097889.497448,522098379.983784,703468.923863317,7659109722.61636,1999703111.7114,703468.923863317,1999701233.08643,7659116917.9886,703468.923863317,348044275.693482,71063189.4461711,6783.64289608903,5105765316.21461,272181041.948566,6783.64289608903,1333053784.11481,1042487962.8056,6783.64289608903,522097889.497448,522098379.983784,703468.923863317,7659109722.61636,96284918.5343132,703468.923863317,1999701233.08643,7659116917.9886,703468.923863317,4
5061537.53364408,48.6477558194236,2643621.69786902,-131.314766261565,2624012.68646455,-131.321144020183,910949.76475571,-130.460361208218,463983.303460937,49.5371773455053,463983.378928882,49.5371761412892,216405.802946562,48.6525049461464,698.736788969601,-130.461310793811,241072.796136658,-131.256808943304,122745.107513283,49.5337240451262,0.707499998901306,-140.063178036611,122744.564864691,-130.466220890281,14138894.6751597,-131.599546084809,1.11655672721574,112.077789395751,14138894.3108049,48.4004498596694,0.970769701967094,0.999937829918386,0.201305875904243,0.212151870060014,0.0291681279512915,0.0108459941557711,15040994.0333348,14601341.2950292,68706.0967650418,220649471.97817,55924991.8065958,68706.0967650418,57608917.6385229,214199822.151445,68706.0967650418,2557232.84258591,2557073.85921138,5672.27424062735,37514280.9837758,9793917.67754515,5672.27424062735,9794526.6040635,37511948.7178654,5672.27424062735,1130793.3270945,227635.341177432,8456.12632996606,16588594.4763267,871872.270705253,8456.12632996606,4331082.07492157,3339381.54107723,8456.12632996606,2557232.84258591,2557073.85921138,5672.27424062735,37514280.9837758,464306.851157581,5672.27424062735,9794526.6040635,37511948.7178654,5672.27424062735,4
15275663899.386,23.887172465606,7471458497.75415,-156.112837974142,7451794573.71121,-156.112839099705,1148684750.40166,-156.112411848237,580144676.644408,23.887590950396,580145471.219365,23.8875909500083,441983736.537037,23.8869766143117,938529.267096121,23.8875886340675,443213048.828572,-156.113021688178,171495970.186035,23.8875331868328,10509.0529202847,-156.112668178487,171485557.935227,-156.112466800796,1662460263997.8,-156.112864949549,70739.9232309148,23.8881000539275,1662460200890.33,23.8871350504104,1.00172010374054,0.999999207779601,0.205032521991079,0.207086201450456,0.00172089596094138,0.00205367945937757,40886453058.0253,40956781998.8679,117470276.405993,599799073008.031,156869677341.97,117470276.405993,156600308565.437,600830789637.086,117470276.405993,3194667231.24836,3194664700.36781,3868465.72940563,46865362499.2249,12235971585.2757,3868465.72940563,12235981278.8697,46865325371.5287,3868465.72940563,2018783897.90644,413916353.942737,96927.6748364122,29615303358.5326,1585352210.80984,96927.6748364122,7732198752.73651,6072100337.13079,96927.6748364122,3194667231.24836,3194664700.36781,3868465.72940563,46865362499.2249,619795216.718959,3868465.72940563,12235981278.8697,46865325371.5287,3868465.72940563,4
58470.221534826,-45.7685292845816,28945.9593980269,137.694414218512,28865.5996905271,138.303685934801,12588.4632296682,62.8052715351836,6390.61994341495,-117.97737497724,6390.61422569524,-117.977241631588,4193.27296561835,-83.0542997288393,3.24566012708743,-117.383657776896,4196.39439799912,96.9166039906493,1685.0117358227,-104.118339035739,0.202196524237042,179.308168928554,1685.05496752978,75.8750035667085,11004.4552985967,-122.847707381454,1.20774259737423,104.313009962465,11003.6339543451,57.1476813420518,0.645241664155172,1.00649987673145,2.10961284798441,1.27171108042571,0.361258212576276,0.837901767558704,569516.632907067,367475.859981006,1292.23448348828,8354736.66535778,1407479.22011492,1292.23448348828,2181321.04342295,5390824.18953368,1292.23448348828,35521.5203045301,35752.4058078231,86.4940939113284,521096.190962233,136936.255476014,86.4940939113284,136051.934671574,524483.251968714,86.4940939113284,11429.8241063239,24112.5037849028,0.177799467410045,167674.067835833,92353.95224042,0.177799467410045,43777.6781311594,353727.367780283,0.177799467410045,35521.5203045301,35752.4058078231,86.4940939113284,521096.190962233,48677.8905610798,86.4940939113284,136051.934671574,524483.251968714,86.4940939113284,4
601727451.252855,30.2983845497614,301313539.078184,-149.70162679751,306918190.754628,-149.701444481415,59151362.7108915,-149.691640898601,29936627.5967807,30.3084042214792,29936590.312464,30.308404195413,21937568.8632036,30.2967206755502,167866.76413953,-149.691644258054,21789067.665535,-149.703358621624,9057406.5966503,30.3062620687336,523.4443201864,30.326431784435,9057917.17084923,-149.693736768662,13720341030.981,-149.702754538801,913.996412193805,-149.775573555745,13720341782.4892,30.2972454563485,0.987580639691821,1.00000308929213,0.214218251480401,0.206845510027413,0.0124224496003136,0.00737274145298802,1685448203.09464,1664516014.57964,2168092.4661453,24725311055.5843,6375307760.87017,2168092.4661453,6455480701.66666,24418238508.8532,2168092.4661453,164891312.339571,164891821.737006,240618.306073622,2418934607.70474,631556621.634207,240618.306073622,631554670.57733,2418942080.5004,240618.306073622,99468384.9918361,21307943.5105305,6455.18779607231,1459188573.46318,81612130.1573507,6455.18779607231,380976548.885786,312584824.787464,6455.18779607231,164891312.339571,164891821.737006,240618.306073622,2418934607.70474,32709118.1306124,240618.306073622,631554670.57733,2418942080.5004,240618.306073622,4
67161.2519387385,-48.7255790699974,35731.8325465302,123.141005862756,35543.7777551274,123.805273337583,14891.444511337,58.1627422722342,7555.86231115124,-122.616109063254,7555.8588827962,-122.616019027438,4651.8626285387,-85.9370089736192,2.25457897141835,-122.070623050207,4643.20433728219,94.1409972295705,1530.45017490197,-114.782673255417,0.151521018835497,166.038854565711,1530.47397505513,65.2117774367519,12951.001055124,-129.698225616883,1.21010251240971,104.363744884593,12950.2906484934,50.2974396355276,0.637752010556046,1.00516523316105,2.43730250537414,1.341383383853,0.367413222605001,1.09591912152114,535066.030408392,341239.436673194,3424.9506702234,7849350.70258062,1306990.38632379,3424.9506702234,2049370.85997462,5005939.1921303,3424.9506702234,41836.4371548936,42052.5321074261,100.127914984028,613735.219043133,161066.539438746,100.127914984028,160238.868322398,616905.304548638,100.127914984028,9970.79007059093,24301.8316196109,4.32616925516504,146270.223856561,93079.1018955693,4.32616925516504,38189.3924493714,356504.783067232,4.32616925516504,41836.4371548936,42052.5321074261,100.127914984028,613735.219043133,36276.1489195385,100.127914984028,160238.868322398,616905.304548638,100.127914984028,4
8.5617449487786e+16,12.0996838105114,4.39556813382985e+16,-167.900316189487,4.39270700560155e+16,-167.900316189487,3172413189859200.0,-167.900316189409,1595815447353060.0,12.0996838105916,1595814827598180.0,12.0996838105916,2471870271685050.0,12.0996838104737,2241811428877.63,-167.900316189413,2470720252359050.0,-167.900316189526,348966870755656.0,12.0996838105852,8036932857.39419,12.0996838107837,348976245828746.0,-167.900316189415,2.22998174502778e+22,-167.900316189491,207452895669106.0,-167.900316186268,2.22998181719562e+22,12.0996838105092,1.00042651728551,1.00000025495046,0.207927789061095,0.207012072353725,0.000426262335051053,0.00091571670737059,2.42380977131733e+17,2.4248435680816e+17,755100635509311.0,3.55569814755205e+18,9.28745886676901e+17,755100635509311.0,9.28349929385014e+17,3.55721471427405e+18,755100635509311.0,8783387831481870.0,8783390070810660.0,6405695030676.58,1.28851183831383e+17,3.36414996279448e+16,6405695030676.58,3.36414910510311e+16,1.28851216682052e+17,6405695030676.58,1.12606228082541e+16,2341396403971220.0,363930700961.307,1.65191906284916e+17,8967845628857450.0,363930700961.307,4.31296156677857e+16,3.43479878446102e+16,363930700961.307,8783387831481870.0,8783390070810660.0,6405695030676.58,1.28851183831383e+17,1260799394774920.0,6405695030676.58,3.36414910510311e+16,1.28851216682052e+17,6405695030676.58,4
105513.237534287,-76.6336646446403,54243.8956230768,101.093874507647,53641.194677406,102.427824296204,21981.0168815482,37.6385014535603,11129.3167212909,-143.262882020487,11129.3184502592,-143.262850160531,6559.09058124187,-103.825283773237,13.4600700004379,-142.606486654233,6568.8929301816,76.106052247779,2301.72404331476,-131.865860823698,0.074735693399873,124.554106272964,2301.69720609244,48.1323746628765,18776.0427808462,-160.538173353304,1.21032948823364,104.370382752593,18775.9349674217,19.4581478338324,0.739974842428314,0.998455410303613,4.87628643825279,2.44708272586908,0.258480567875299,2.42920371238371,461967.710392352,341844.48370455,1272.75449420758,6777007.63281514,1309307.7933063,1272.75449420758,1769395.00944337,5014815.15522787,1272.75449420758,61677.0050025281,61581.7393360972,148.468201160347,904793.829240387,235865.883703409,148.468201160347,236230.763306382,903396.294014388,148.468201160347,5347.87889574994,26077.7893327637,0.297208760333711,78452.7041188382,99881.2455171793,0.297208760333711,20483.0554525356,382557.857138949,0.297208760333711,61677.0050025281,61581.7393360972,148.468201160347,904793.829240387,37950.273979619,148.468201160347,236230.763306382,903396.294014388,148.468201160347,4
2.98952364498775e+16,12.498978354363,1.50783444942497e+16,-167.501021645636,1.50147598813929e+16,-167.501021645637,1139372840175600.0,-167.50102164541,573221427232382.0,12.4989783545926,573221472122715.0,12.4989783545926,985679958684795.0,12.4989783542969,1702737168537.36,12.4989783545919,987358166980223.0,-167.501021645703,141777387683803.0,12.4989783545362,219234719.690706,-167.501021657649,141777090826991.0,-167.501021645464,4.55988827701933e+21,-167.501021645645,70784546812521.3,-167.501021648385,4.5598883308351e+21,12.4989783543546,1.00277783844291,0.999999948590915,0.205381239203082,0.207035341198681,0.00277788985199834,0.00165410199559859,8.27071195003233e+16,8.29368665163739e+16,65955975255031.7,1.21330293770057e+18,3.17658733309107e+17,65955975255031.7,3.16778773055415e+17,1.21667329724381e+18,65955975255031.7,3155074740719170.0,3155074578519660.0,2356686393166.99,4.62845456921572e+16,1.20843363899027e+16,2356686393166.99,1.20843370111474e+16,4.62845433127111e+16,2356686393166.99,4497405746049560.0,923682765322720.0,8176291036.51521,6.59763710389165e+16,3537822316375320.0,8176291036.51521,1.72256352630003e+16,1.3550308842095e+16,8176291036.51521,3155074740719170.0,3155074578519660.0,2356686393166.99,4.62845456921572e+16,512279609671774.0,2356686393166.99,1.20843370111474e+16,4.62845433127111e+16,2356686393166.99,4
36314.5864032146,-29.7843217547208,18473.3786020554,148.072678809754,18520.3711768391,147.536027933613,7563.86979480091,73.2256032800547,3842.88094234153,-107.590540633165,3842.89313205792,-107.590536356821,3228.38019530124,-79.1403807290571,1.30663979552253,-107.019603030567,3229.49243374988,100.849181013001,843.454590587683,-102.00467238461,0.148081058517119,73.7535918582682,843.308787209046,77.9960606032711,6626.45687071935,-109.029380149429,1.20970760581774,104.366104105635,6625.44701957106,70.9648617656122,0.756411136162401,1.02175351179352,1.68764829756518,1.07439526097737,0.265342375631116,0.613253036587812,563624.774649227,426332.056161699,562.238114125264,8268303.85309276,1632905.92733758,562.238114125264,2158754.47791794,6254237.11165385,562.238114125264,21235.753095785,21697.7053011984,54.4803492654146,311525.800572696,83104.9673227314,54.4803492654146,81335.6316993269,318302.580749439,54.4803492654146,14286.9039269046,24111.2690897178,0.016139981668976,209587.065900552,92349.2232010318,0.016139981668976,54720.656747183,353709.254958748,0.016139981668976,21235.753095785,21697.7053011984,54.4803492654146,311525.800572696,40128.2823331894,54.4803492654146,81335.6316993269,318302.580749439,54.4803492654146,4
5.70894785374036e+18,10.7561408280592,2.85371240705718e+18,-169.243859171941,2.84540088322194e+18,-169.243859171941,1.84100545948198e+17,-169.24385917194,9.25637087174532e+16,10.7561408280604,9.25636586881156e+16,10.7561408280604,1.88439445938761e+17,10.7561408280588,170289732916565.0,-169.24385917194,1.88237493387296e+17,-169.243859171941,2.48535295373897e+16,10.75614082806,725615512787.309,10.7561408306942,2.48542097790427e+16,-169.24385917194,1.20717947602724e+25,-169.243859171941,4.31144017835866e+17,-169.243859171653,1.20717950289594e+25,10.7561408280591,1.00191842909266,1.00000035483584,0.20788986317898,0.207005843348605,0.00191807425682011,0.000884019830374921,1.56542675592922e+19,1.56842991616022e+19,3278187820414370.0,2.29646116706624e+20,6.00728579917114e+19,3278187820414370.0,5.99578331402822e+19,2.3008667649793e+20,3278187820414370.0,5.09442443800219e+17,5.09442624568656e+17,342273819123452.0,7.47345594171908e+18,1.95122996095104e+18,342273819123452.0,1.95122926858497e+18,7.47345859356909e+18,342273819123452.0,8.5787763454549e+17,1.78344064069969e+17,10554272849468.8,1.25849559320898e+19,6.83080418458778e+17,10554272849468.8,3.28578030700174e+18,2.61628476683564e+18,10554272849468.8,5.09442443800219e+17,5.09442624568656e+17,342273819123452.0,7.47345594171908e+18,8.97917183339933e+16,342273819123452.0,1.95122926858497e+18,7.47345859356909e+18,342273819123452.0,4
1.9572540313646e+27,7.24525614000526,9.88443511611104e+26,-172.754743859995,9.87386698032358e+26,-172.754743859995,4.11246141391681e+25,-172.754743859995,2.06499387456294e+25,7.24525614000527,2.0649928782855e+25,7.24525614000527,5.57183932393191e+25,7.24525614000527,9.7519547798695e+22,-172.754743859994,5.56256853823555e+25,-172.754743859995,5.16161704810353e+24,7.24525614000526,1.60689210033154e+20,7.24525614072166,5.16178763257106e+24,-172.754743859995,8.09791412147346e+37,-172.754743859995,4.3232749699017e+30,-172.754743859596,8.09791466029577e+37,7.24525614000527,1.00070221764247,1.00000031679151,0.208716283382102,0.20700420774495,0.000701900850956561,0.00171207563715226,5.43781587082531e+27,5.4416344010663e+27,6.19205942628626e+24,7.97720681194963e+28,2.08421509466205e+28,6.19205942628626e+24,2.08275254907719e+28,7.9828085473106e+28,6.19205942628626e+24,1.13633035500781e+26,1.13633071498762e+26,5.84177964387908e+22,1.66698219725076e+27,4.35229097390524e+26,5.84177964387908e+22,4.35228959513684e+26,1.66698272533657e+27,5.84177964387908e+22,2.5355895268671e+26,5.29218822230283e+25,1.60389694501836e+21,3.71967762912915e+27,2.02697530994639e+26,1.60389694501836e+21,9.71162995574981e+26,7.76357290131385e+26,1.60389694501836e+21,1.13633035500781e+26,1.13633071498762e+26,5.84177964387908e+22,1.66698219725076e+27,1.86480304288577e+25,5.84177964387908e+22,4.35228959513684e+26,1.66698272533657e+27,5.84177964387908e+22,4
1.55999876735041e+26,7.54655592914364,7.81716007427885e+25,-172.453444070856,7.82036602318176e+25,-172.453444070856,3.42576093348261e+24,-172.453444070856,1.72037984675645e+24,7.54655592914364,1.72037986890747e+24,7.54655592914364,4.87552962959205e+24,7.54655592914364,2.43159221361017e+20,7.54655592912401,4.87609149259557e+24,-172.453444070856,4.51040939385982e+23,7.54655592914369,2.64475991882496e+17,7.54655592490937,4.51043453998854e+23,-172.453444070856,1.80869750705561e+36,-172.453444070856,1.53582564374187e+28,-172.453444068791,1.80869758731991e+36,7.54655592914364,0.999730741834924,0.999999991545748,0.206989953951993,0.207033621071501,0.000269249710823871,4.36671195083449e-05,4.30215015212814e+26,4.3009917630723e+26,1.25128079855136e+23,6.31119962772444e+27,1.6473344759905e+27,1.25128079855136e+23,1.64777815371262e+27,6.30950028569325e+27,1.25128079855136e+23,9.4670888521548e+24,9.46708877211765e+24,4.99959406043784e+21,1.38880990961689e+26,3.62601524966227e+25,4.99959406043784e+21,3.62601528031752e+25,1.38880989787554e+26,4.99959406043784e+21,2.22183939600651e+25,4.59898434268112e+24,1.0623459405428e+20,3.25941017237702e+26,1.76146941905031e+25,1.0623459405428e+20,8.50992710235031e+25,6.74665161490976e+25,1.0623459405428e+20,9.4670888521548e+24,9.46708877211765e+24,4.99959406043784e+21,1.38880990961689e+26,1.62973041009628e+24,4.99959406043784e+21,3.62601528031752e+25,1.38880989787554e+26,4.99959406043784e+21,4
9.11163111538028e+43,4.69777571315602,4.55629379498859e+43,-175.302224286844,4.56539038385178e+43,-175.302224286844,1.14765679238865e+42,-175.302224286844,5.75703645371781e+41,4.69777571315602,5.75703519100573e+41,4.69777571315602,2.52144824024079e+42,4.69777571315602,8.48645476996846e+38,-175.302224286842,2.52074643344398e+42,-175.302224286844,1.64347236680139e+41,4.69777571315602,1.7904513903421e+36,4.69777571309303,1.64349503300611e+41,-175.302224286844,8.99129335398997e+62,-175.302224286844,1.12528484968987e+55,-175.302224295926,8.99129367028093e+62,4.69777571315602,0.998690738846929,1.00000014403537,0.207359481838175,0.207023633748328,0.0013094051884438,0.000335848089847157,2.51044166316976e+44,2.50715483942312e+44,3.35102115336496e+40,3.68278603251061e+45,9.60272149109602e+44,3.35102115336496e+40,9.61531044353446e+44,3.67796430382317e+45,3.35102115336496e+40,3.16761959820224e+42,3.16762005445151e+42,1.2501240279004e+39,4.64685771579995e+43,1.21323871562345e+43,1.2501240279004e+39,1.21323854087419e+43,4.64685838511184e+43,1.2501240279004e+39,1.14869440586194e+43,2.38192676789942e+42,4.89462267287819e+37,1.68512010280693e+44,9.1230820708256e+42,4.89462267287819e+37,4.3996454803766e+43,3.49425631353137e+43,4.89462267287819e+37,3.16761959820224e+42,3.16762005445151e+42,1.2501240279004e+39,4.64685771579995e+43,5.93804981761104e+41,1.2501240279004e+39,1.21323854087419e+43,4.64685838511184e+43,1.2501240279004e+39,4
24784255160.4028,23.143953898584,12683446775.1086,-156.856040862921,12611956741.9666,-156.856042297543,1815658398.67215,-156.855787861273,916769137.244395,23.1442139213548,916769156.973573,23.1442139209746,778547562.667305,23.1438623312711,3270160.05468034,23.1442122713843,780767858.580889,-156.856136673575,238473808.147509,23.144147529628,1492.66290827746,-156.858611962226,238473069.652002,-156.855852452895,3459508834650.75,-156.85606641489,130307.597291115,23.1444593644557,3459508782711.14,23.14393358509,1.00370070670439,1.00000006412092,0.202936304900305,0.207034744392483,0.00370064258347047,0.00409843949217864,69604088217.4616,69861672533.3808,170382785.270152,1021083133113.9,267579079557.196,170382785.270152,266592498909.143,1024861862310.35,170382785.270152,5048189805.19976,5048190128.89432,5959965.09976355,74056303226.6523,19335209409.3345,5959965.09976355,19335208169.5432,74056307975.2105,5959965.09976355,3554247667.14965,721285888.271878,349954.713684787,52140361820.3774,2762616569.03741,349954.713684787,13613220021.891,10581172363.9923,349954.713684787,5048189805.19976,5048190128.89432,5959965.09976355,74056303226.6523,861675995.390001,5959965.09976355,19335208169.5432,74056307975.2105,5959965.09976355,4
31580.4375079582,-27.7605299103526,15843.0095065906,153.467483364749,15778.6068918681,154.648759319423,6480.54211778058,75.4560971777619,3292.94710512717,-105.370465781064,3292.94986133972,-105.370306569705,3203.97121613215,-80.6097194902101,5.54469333826513,75.2319183031331,3346.44160389817,98.3005458845505,768.135214280549,-96.7951547751111,0.113303787852372,152.096822607181,768.090994846676,83.1969961970902,5680.46612709339,-106.261190853084,1.20887212241515,104.350430478054,5679.42559327544,73.7325990178723,0.781821138346363,1.02622152765447,1.80902589619529,1.06020109655451,0.244400389308105,0.748824799640778,566806.95766403,443141.660863531,333.847055785297,8314986.07372246,1697288.84848346,333.847055785297,2170942.64306209,6500831.87749185,333.847055785297,18225.8222443149,18703.7311463196,47.1817848904552,267370.497299802,71637.6660181754,47.1817848904552,69807.2142200236,274381.360188738,47.1817848904552,13389.8168787351,24222.5254789446,53.6772586392771,196426.912850936,92775.3493034369,53.6772586392771,51284.6994056637,355341.372057038,53.6772586392771,18225.8222443149,18703.7311463196,47.1817848904552,267370.497299802,43537.7730350728,47.1817848904552,69807.2142200236,274381.360188738,47.1817848904552,4
67697.2026537297,-49.6953256579842,34958.3554632276,126.40946216207,34709.1976324821,127.485892390283,14951.6115361214,58.0195667905289,7586.36404061526,-122.760286908071,7586.36169086454,-122.760192605882,3159.22276659048,-61.6116175761154,4.06075040578726,57.7917889848021,3159.13581822458,118.391168987964,1808.07320558234,-117.523744516949,0.155325081027308,160.827086893323,1808.08130256383,62.4714232230795,13014.5235392539,-129.929214517999,1.20892300919388,104.377837832719,13013.817552385,50.0664627762978,0.62303243579872,1.00714369136821,1.25461244726471,1.31712525409617,0.384111255569489,0.0625128068314673,546741.741910926,340637.8392156,1493.98190375711,8020631.90728651,1304686.19164694,1493.98190375711,2094090.31806562,4997113.83384165,1493.98190375711,42006.8327896352,42306.9166384404,100.587626418979,616234.901361323,162040.864504179,100.587626418979,160891.505246929,620637.093306968,100.587626418979,18573.601263109,23302.6713352281,1.29473626348124,272472.371330996,89252.1910941208,1.29473626348124,71139.2520365213,341847.228607599,1.29473626348124,42006.8327896352,42306.9166384404,100.587626418979,616234.901361323,42146.3322611548,100.587626418979,160891.505246929,620637.093306968,100.587626418979,4
37456.6565007751,-29.9764701696283,19071.5793951926,147.616091982572,19026.1184920112,148.146015930278,7849.26788875437,72.5524486749037,3987.76450790032,-108.260484852209,3987.77721994702,-108.260453433759,1880.05067203835,-51.6165798032687,12.3134424098691,-107.653642860419,2486.29143723363,111.187810862564,920.929306997274,-96.8240351543577,0.162214510434918,81.1431134318579,920.77072109067,83.1762809275,6877.53769609065,-109.820035110476,1.20960249984616,104.308612453772,6876.53661626974,70.1743103220308,0.747969265933753,1.01778127910301,1.35359110268571,1.09420128150245,0.26981201316926,0.259389821183256,565726.898443225,423146.332947558,517.555748747577,8299141.74214121,1620704.20278029,517.555748747577,2166805.87905845,6207502.95674953,517.555748747577,22118.7902418985,22512.0906246107,56.3921291113943,324479.843343755,86224.1665537465,56.3921291113943,84717.7761313681,330249.510001552,56.3921291113943,17697.289239854,23954.893256722,291.305886917455,259616.985258054,91750.2838979678,291.305886917455,67782.8656792459,351415.241351388,291.305886917455,22118.7902418985,22512.0906246107,56.3921291113943,324479.843343755,43256.1697215004,56.3921291113943,84717.7761313681,330249.510001552,56.3921291113943,4
1247856.0175189,57.2152624133574,651403.827738855,-122.660823985236,636761.787212513,-122.722063300231,303864.479875154,-119.992230089884,155362.616192933,59.985639987486,155362.759911436,59.9856367121029,72997.6823183208,57.9779656311064,16.2738646664262,60.0031510945468,73282.0549127303,-122.014181760543,33372.5760109991,60.0785196211553,1.7657766676516,-123.502397241494,33370.7565306174,-119.921290888438,2306103.58483019,-124.027702113467,1.21612361842802,103.943667048879,2306102.74705005,55.9722754425635,0.916356925628196,0.999793246709437,0.18059900593496,0.232519558987226,0.0834363210812407,0.0519205530522662,4037964.22596423,3700216.48390122,13453.7007051878,59236422.2970314,14172299.1308513,13453.7007051878,15465915.8833068,54281705.8213212,13453.7007051878,856498.953920061,856321.869942974,2287.26901516681,12564730.8624333,3279821.53096256,2287.26901516681,3280499.78508782,12562133.0629825,2287.26901516681,358469.397580943,64739.2168612222,89.4251162426861,5258700.53011592,247959.42368403,89.4251162426861,1372983.32513153,949716.08824858,89.4251162426861,856498.953920061,856321.869942974,2287.26901516681,12564730.8624333,144708.417547927,2287.26901516681,3280499.78508782,12562133.0629825,2287.26901516681,4
18272.4591679838,-20.7647721385217,9233.24319821557,158.580426068122,9194.79256724086,159.680419839985,3621.24170808918,81.5524492130163,1840.54763120983,-99.3044539152221,1840.55320463274,-99.3042415381934,2467.46911018089,-80.6572105109723,2.5961159544879,81.3966910528763,2272.56442283998,100.94324417549,415.040974022282,-79.475072899088,0.103850426643105,133.27589381487,414.953610266988,100.517170899089,3173.24559013463,-99.1115969177317,1.20956472645051,104.269012277451,3172.13537899038,80.8797332142487,0.867568649704514,1.03797964776948,1.43550448195034,1.02609533303762,0.170410998064964,0.409409148912719,552798.868404861,479590.967820189,52.9821281988872,8109489.18358286,1836894.32387915,52.9821281988872,2117289.88190707,7035538.58079435,52.9821281988872,10291.317915247,10682.1785447518,27.0793971228989,150972.326624564,40914.1006652048,27.0793971228989,39417.0548075055,156706.202412703,27.0793971228989,16970.1986193878,24360.7961777187,67.7421014902869,248950.658210081,93304.9436427369,67.7421014902869,64998.0162485933,357369.785645059,67.7421014902869,10291.317915247,10682.1785447518,27.0793971228989,150972.326624564,44497.5077011437,27.0793971228989,39417.0548075055,156706.202412703,27.0793971228989,4
119121.295082546,-103.150713416527,60564.7577057878,73.8065515169978,60344.5456761414,76.7902948544389,23410.8402786611,-10.2244719344137,11947.5081713982,168.195084165631,11947.5290902791,168.194963453777,5677.70174869024,-127.218330674684,32.1947358973493,169.300966705019,5080.51687275576,79.750559074376,2967.44455316443,178.385540166082,0.402417337762325,-60.9451599413052,2967.24547866903,-1.60779533141746,20536.2508135781,-174.242520294749,1.20853635622085,104.336547995436,20536.4314287228,5.75414566656195,1.53322212514796,0.989610161648978,5.00162615424449,3.12919217431383,0.543611963498985,1.87243397993066,317153.202283697,486266.306802892,1231.34289917959,4652597.19304391,1862461.72007726,1231.34289917959,1214737.04920448,7133464.95577623,1231.34289917959,66491.9958095225,65801.1547214248,270.894556086894,975429.132784053,252026.780574809,270.894556086894,254672.789692113,965294.581771549,270.894556086894,4886.0418708097,24438.1548117755,869.049926786756,71677.6136250061,93601.2370371846,869.049926786756,18714.1609849734,358504.626980661,869.049926786756,66491.9958095225,65801.1547214248,270.894556086894,975429.132784053,54729.1287245154,270.894556086894,254672.789692113,965294.581771549,270.894556086894,4
8833941798720.82,16.9367461072466,4449129699258.17,-163.063253889312,4478183581893.52,-163.063253884446,464260333956.953,-163.063253140865,233932660818.964,16.936746865883,233932775550.147,16.9367468658816,322890743525.783,16.9367459835192,105138201.695248,16.9367468608541,323067145524.39,-163.063254016002,64905659731.404,16.9367467790219,1635866.62876501,-163.06325556216,64903716701.2934,-163.063253220919,2.29360756414902e+16,-163.063253933254,668284648.323584,16.9367461718291,2.2936074145424e+16,16.936746066746,0.995738376684185,0.999999678384661,0.20673516795125,0.207057724361424,0.00426130170047623,0.000322556410174035,24633725281910.1,24528745623893.3,31123827476.5734,361373620936386.0,93948211354343.3,31123827476.5734,94350296778950.6,359833582687683.0,31123827476.5734,1287831857538.88,1287831443352.4,1201700803.96365,18892329771080.9,4932558007001.6,1201700803.96365,4932559593388.43,18892323695017.8,1201700803.96365,1472020198970.48,304318343061.794,23754598.9705282,21594349344477.8,1165577908114.61,23754598.9705282,5638024336476.05,4464311438528.58,23754598.9705282,1287831857538.88,1287831443352.4,1201700803.96365,18892329771080.9,234541414367.216,1201700803.96365,4932559593388.43,18892323695017.8,1201700803.96365,4
343599968.499818,31.7920090938326,168678805.304682,-148.208354280274,165931185.317936,-148.208645075152,35440026.9575009,-148.190801518496,17944759.3781627,31.8092682646357,17944739.1113604,31.8092682236675,10315023.061981,31.7848316102469,17503.1027805301,31.8092107099487,10340190.880945,-148.215109053368,4792386.45098578,31.8074527980295,227.865995524184,31.8483045981557,4792628.87846649,-148.192545254334,5934669159.25443,-148.210202647649,158.168527318693,32.2074732109682,5934669133.92209,31.7897973412199,1.01014224115873,1.00000272857928,0.204984111861373,0.206856584213829,0.0101395125794481,0.00187247235245569,912736402.773468,921993595.484747,2996659.91186258,13389727093.8926,3531352581.33935,2996659.91186258,3495896357.41651,13525528935.1285,2996659.91186258,98845412.628183,98845682.3357279,149823.768457092,1450049648.01767,378591518.617871,149823.768457092,378590485.603717,1450053604.59309,149823.768457092,47121784.0800092,9659217.05896409,2554.90615198457,691270587.095509,36996028.2391725,2554.90615198457,180482418.384661,141699487.351663,2554.90615198457,98845412.628183,98845682.3357279,149823.768457092,1450049648.01767,17312041.0915366,149823.768457092,378590485.603717,1450053604.59309,149823.768457092,4
7.79880127577695e+28,6.8527546245955,3.93367481926099e+28,-173.147245375405,3.93158154205829e+28,-173.147245375405,1.53691345279319e+27,-173.147245375405,7.71620902413133e+26,6.85275462459549,7.71621141839552e+26,6.85275462459549,2.38079054826038e+27,6.85275462459549,3.13292150389692e+24,6.85275462459465,2.3841185220825e+27,-173.147245375405,2.49466688894981e+26,6.85275462459549,4.8808992071235e+21,-173.147245375816,2.49462145552402e+26,-173.147245375405,2.06561743440808e+40,-173.147245375405,1.454954321995e+33,6.85275462290289,2.06561731365978e+40,6.85275462459549,1.00034938988383,0.999999796254835,0.205780551117535,0.20705269837585,0.000349593628999112,0.00127214725831434,2.16478249232912e+29,2.16553884543264e+29,2.21516951807788e+26,3.17570841941292e+30,8.29428884241712e+29,2.21516951807788e+26,8.29139191395948e+29,3.17681797980867e+30,2.21516951807788e+26,4.24602558473497e+27,4.24602471962779e+27,2.10953048649693e+24,6.22886560024686e+28,1.62628140016579e+28,2.10953048649693e+24,1.62628173151283e+28,6.22886433114561e+28,2.10953048649693e+24,1.08606419517415e+28,2.2349088863196e+27,6.50174394065113e+22,1.59324237925013e+29,8.55998491032199e+27,6.50174394065113e+22,4.15976381822051e+28,3.27858294865905e+28,6.50174394065113e+22,4.24602558473497e+27,4.24602471962779e+27,2.10953048649693e+24,6.22886560024686e+28,9.01454376264818e+26,2.10953048649693e+24,1.62628173151283e+28,6.22886433114561e+28,2.10953048649693e+24,4
81992.5861836174,-61.9241989846489,40528.7151988115,120.892889023569,40535.4763448341,120.867438038271,17684.4351577354,51.709779202243,8966.84418738322,-129.081040026882,8966.85122556003,-129.081006971716,3669.07724835743,-67.6165934491177,12.6215669343639,-128.45013609599,3677.51766260484,112.148655558714,2244.92370790817,-112.464631470947,0.121956619384865,81.9093743108604,2244.81669053444,67.5345144797202,15292.3244765405,-139.385069221792,1.20966464151308,104.215652934156,15291.787214181,40.6108710181122,0.599153024418716,0.999406361673902,1.4035122050053,1.7094777329094,0.400253337255185,0.305965527904097,535639.1156161,320929.796118353,1365.05571598976,7857757.78978504,1229201.88329009,1365.05571598976,2051565.84911281,4707999.34489944,1365.05571598976,49824.3614548574,49794.7838043245,116.792798650964,730917.053906068,190720.346850332,116.792798650964,190833.633008795,730483.15352967,116.792798650964,16612.0173586839,23315.1691126728,1.54459402329198,243696.184611352,89300.0591691881,1.54459402329198,63626.1365242996,342030.569415258,1.54459402329198,49824.3614548574,49794.7838043245,116.792798650964,730917.053906068,46064.5344698566,116.792798650964,190833.633008795,730483.15352967,116.792798650964,4
1858212674.59717,27.7151166194588,929930950.693572,-152.284889409391,918215641.975459,-152.284931746184,164673186.935656,-152.281575748584,83271376.2080558,27.7184423081551,83271294.5193032,27.718442299017,66013536.5718757,27.7144612029144,194367.276854473,27.7184290865054,66190028.8538012,-152.28552821691,23395151.3846069,27.7182802863381,1015.07741820239,27.7275099245874,23396211.1114475,-152.281719312937,72366115577.2041,-152.285227196987,643.716140389503,-152.389845330442,72366117289.8497,27.7147728020825,1.00823024726277,1.00000097685631,0.204128969547468,0.206971350666773,0.00822927040646171,0.00284238111930482,5058394278.30193,5100026113.96495,3355361.1572669,74206001550.9001,19533747816.3059,3355361.1572669,19374292597.6857,74816735292.0456,3355361.1572669,458614853.728161,458615301.728975,623161.187677134,6727821651.4277,1756554858.4433,623161.187677134,1756553142.54328,6727828223.54273,623161.187677134,301431943.686417,61530992.0533987,5958.3315023425,4421968326.31914,235671515.164809,5958.3315023425,1154522631.87958,902651837.823067,5958.3315023425,458614853.728161,458615301.728975,623161.187677134,6727821651.4277,84520704.3172853,623161.187677134,1756553142.54328,6727828223.54273,623161.187677134,4
4357249.75563563,49.4900721290517,2278048.31037791,-130.466096915007,2260704.70801474,-130.473542602351,805660.406153261,-129.494381104541,410495.64141072,50.5023784862918,410495.70916576,50.5023771260783,186312.691330195,49.4956370501382,618.032651898637,-129.495582242629,208129.963482121,-130.398603373573,108225.319191944,50.5026209880678,0.640146113130452,-140.112231169984,108224.827053529,-129.497316581671,11537649.6993379,-130.804818032979,1.12997805775934,110.51019992531,11537649.263655,49.1951770442507,0.966426102588987,0.999922514794479,0.199774440043584,0.213439262398446,0.0334964122054917,0.0136648223548627,13031450.0987805,12593933.5300473,60509.4085388212,191169717.708364,48236365.0879444,60509.4085388212,49912109.1190755,184751405.217931,60509.4085388212,2262498.10494704,2262322.79481639,5110.29256143846,33190559.8195023,8664983.66194981,5110.29256143846,8665655.12201792,33187988.0421533,5110.29256143846,979776.302295191,195734.262158995,7479.44416238605,14373193.9045405,749687.086023966,7479.44416238605,3752667.68792049,2871396.76391744,7479.44416238605,2262498.10494704,2262322.79481639,5110.29256143846,33190559.8195023,412954.413797963,5110.29256143846,8665655.12201792,33187988.0421533,5110.29256143846,4
13239434145.1989,24.1131967408063,6473864725.88066,-155.88681540852,6456648857.35991,-155.886816718779,1005662173.17325,-155.886324478776,507948347.049337,24.1136787088979,507949048.059275,24.1136787084542,381236221.76026,24.1129677804027,821686.051486928,24.1136760686991,382312489.571058,-155.88703022567,149990698.682526,24.1136126223328,9265.51362700926,-155.886615786536,149981517.919555,-155.886387363521,1342745243735.83,-155.886846852827,57135.6590688578,24.1143471262498,1342745192764.8,24.1131531471224,1.0017356160269,0.999999214746672,0.205000867614252,0.207085838336481,0.00173640128022756,0.00208497072222952,35425339547.7543,35486824334.8317,102973521.087491,519685231477.108,135919044700.585,102973521.087491,135683550156.347,520587205493.802,102973521.087491,2797130268.19887,2797128071.74302,3411740.55408874,41033545746.0055,10713355802.9687,3411740.55408874,10713364215.6736,41033513524.2772,3411740.55408874,1741381160.58187,356984648.766397,84860.5864643296,25545840437.3779,1367296548.58062,84860.5864643296,6669711033.38672,5236919453.59771,84860.5864643296,2797130268.19887,2797128071.74302,3411740.55408874,41033545746.0055,542074258.819573,3411740.55408874,10713364215.6736,41033513524.2772,3411740.55408874,4
57829.3336024069,-45.3376049330083,28632.8924628385,138.124806244002,28554.1598198454,138.733888769974,12441.1910635704,63.1058981305735,6316.03740419037,-117.677262292195,6316.03182500569,-117.677128005059,4142.29312796113,-82.676862182113,3.2077031250155,-117.083228980279,4145.37522655844,97.2939706299906,1664.66043035179,-103.795461652424,0.200558434057024,179.223236098467,1664.70193597997,76.1978428520498,10877.566392082,-122.421073308819,1.20774533281529,104.312293612514,10876.7384655234,57.5742940004499,0.647803606660255,1.00671650237771,2.07353039880806,1.26456549078657,0.358912895717452,0.808964908021483,569913.071764978,369191.743372178,1277.44172880109,8360552.37304811,1414051.27145277,1277.44172880109,2182839.45460399,5415995.98093252,1277.44172880109,35107.7140670467,35343.5151120539,85.5984983816478,515025.706019574,135370.152174362,85.5984983816478,134467.00422079,518484.877398634,85.5984983816478,11620.3730964011,24095.1968608789,0.175720490093235,170469.397316937,92287.6645231014,0.175720490093235,44507.5049664822,353473.477403158,0.175720490093235,35107.7140670467,35343.5151120539,85.5984983816478,515025.706019574,48689.8514386996,85.5984983816478,134467.00422079,518484.877398634,85.5984983816478,4
522580335.837576,30.6567110645088,261673799.564307,-149.343302112242,266606218.161893,-149.343090214768,52055747.5736622,-149.331846118007,26348564.9246312,30.6682042457333,26348531.8190539,30.6682042161025,19009528.8858426,30.654772506601,147732.408624091,-149.331850182571,18878839.2941459,-149.3453200979,7950092.13835739,30.6657716276622,464.208132930575,30.688542640196,7950545.02003278,-149.334227046197,11138795691.9379,-149.344618421153,741.951434559395,-149.43415975465,11138796301.9737,30.6553815728829,0.987363761528666,1.00000336645993,0.21430028489083,0.206828748319154,0.0126396049312681,0.00747153657167585,1464098927.94428,1445598224.74515,1899893.56931856,21478145304.6748,5536824819.10236,1899893.56931856,5607684862.2944,21206742338.6829,1899893.56931856,145130153.179483,145130641.754329,213782.963738709,2129040912.86738,555868792.256774,213782.963738709,555866920.953056,2129048080.19832,213782.963738709,86187901.3795716,18470091.8197849,5680.93778024796,1264365565.74398,70742797.720932,5680.93778024796,330110609.778098,270953900.945089,5680.93778024796,145130153.179483,145130641.754329,213782.963738709,2129040912.86738,28709270.4613313,213782.963738709,555866920.953056,2129048080.19832,213782.963738709,4
60363.7928732015,-43.9135898674976,31989.1536649784,127.910551163739,31830.5599868025,128.580586380044,13299.4393935235,61.4878814377266,6750.41476130064,-119.292439333327,6750.4122668286,-119.292343976335,4127.10246372126,-81.7469398805258,2.01372197403984,-118.746341550809,4119.45533295121,98.3332080153942,1362.84549995516,-111.385579355436,0.140638704519017,165.717039405038,1362.85873935367,68.6085759823069,11597.1194031436,-124.823748307131,1.21010306570851,104.361672260443,11596.3283006647,55.17172665601,0.651193767759477,1.00685865489344,2.00839396957025,1.26169329488085,0.355664887133963,0.746700674689393,545087.537793362,354957.607494395,3055.19439741623,7996364.94299706,1359532.72303626,3055.19439741623,2087754.50618013,5207183.01561005,3055.19439741623,37374.0847736317,37630.4207230522,90.6579838897219,548273.076413211,144129.291144772,90.6579838897219,143147.491898975,552033.492231694,90.6579838897219,11987.2183017554,24075.0569491677,3.86405204350261,175850.969883203,92210.5261030977,3.86405204350261,45912.5686992721,353178.027456505,3.86405204350261,37374.0847736317,37630.4207230522,90.6579838897219,548273.076413211,36324.84828399,90.6579838897219,143147.491898975,552033.492231694,90.6579838897219,4
2.19856971021177e+16,12.6195859360425,1.13000424913884e+16,-167.38041406395,1.12923537027738e+16,-167.38041406395,852489039063350.0,-167.380414063649,428906040885767.0,12.6195859363541,428905867805786.0,12.6195859363541,620766681598490.0,12.6195859358857,602449488615.374,-167.380414063649,620457633133723.0,-167.380414064115,93666510068024.4,12.6195859363292,2238799715.56417,12.619585931021,93669108470738.3,-167.380414063671,2.89666062248244e+21,-167.380414063967,26947456786502.9,-167.38041407661,2.89666071622563e+21,12.6195859360334,1.00044580631026,1.00000026490714,0.207990455447542,0.207011238819725,0.000445541403119032,0.000979216627817553,6.23174318125334e+16,6.23452133168746e+16,202233030681470.0,9.14188809196843e+17,2.38790086025429e+17,202233030681470.0,2.38683679335026e+17,9.1459636033675e+17,202233030681470.0,2360756726086890.0,2360757351468200.0,1774289876067.76,3.46320013109197e+16,9042000516977540.0,1774289876067.76,9041998121687680.0,3.46320104851841e+16,1774289876067.76,2827858481572150.0,588167573523388.0,97800341282.5805,4.14843247331271e+16,2252756515005830.0,97800341282.5805,1.08310571759578e+16,8628343595176840.0,97800341282.5805,2360756726086890.0,2360757351468200.0,1774289876067.76,3.46320013109197e+16,338411166667775.0,1774289876067.76,9041998121687680.0,3.46320104851841e+16,1774289876067.76,4
91673.7825113552,-66.976311298121,47103.4653779119,110.634887878904,46582.3981200805,112.034341430376,19833.6479294056,46.0382207441845,10049.8472785879,-134.782906105332,10049.8499539998,-134.782869465167,5745.23840239698,-95.3531255819668,12.147711827806,-134.184082619944,5754.07898174928,84.5760535206746,2055.02242959346,-124.08662171694,0.0792368120294362,123.52623469436,2054.98385077936,55.9113772657188,17017.8065635817,-148.237719836341,1.21017596603862,104.365156859281,17017.4443692793,31.7583920279727,0.638938262928479,1.00024685736273,4.13404672673868,1.86164352406407,0.361308594434252,2.27240320267462,503117.999430733,321461.340604324,1131.70196870419,7380677.14614283,1231237.76618757,1131.70196870419,1927005.84332573,4715797.03499242,1131.70196870419,55684.0381893938,55697.7842042075,130.320508697857,816877.767311893,213329.588174633,130.320508697857,213276.939191892,817079.419603205,130.320508697857,6070.66932425374,25096.4306490441,0.268232312691259,89055.9478969278,96122.5171074108,0.268232312691259,23251.4346017664,368161.449899905,0.268232312691259,55684.0381893938,55697.7842042075,130.320508697857,816877.767311893,37008.5344729828,130.320508697857,213276.939191892,817079.419603205,130.320508697857,4
7695250829710500.0,13.0576703420848,3882512056959710.0,-166.942329657909,3865360160877250.0,-166.942329657913,307333501127509.0,-166.942329657034,154650914804737.0,13.0576703429746,154650927353916.0,13.0576703429746,250188443459315.0,13.0576703418124,459311441618.165,13.057670342967,250641138261598.0,-166.942329658185,38092072625847.5,13.0576703427587,64456705.5689619,-166.942329744204,38091987230658.8,-166.942329657241,5.94208206163512e+20,-166.942329657949,9224574459248.57,-166.942329652419,5.94208213176858e+20,13.0576703420508,1.00291050940003,0.999999946732905,0.205277694226756,0.207035480595227,0.0029105626671222,0.00175778636847068,2.12932020295083e+16,2.13551760941719e+16,17540462708820.0,3.12368569133315e+17,8.17930369521291e+16,17540462708820.0,8.15556684125888e+16,3.13277720790051e+17,17540462708820.0,851236202284517.0,851236156941637.0,656113677047.899,1.24875269644089e+16,3260342604185660.0,656113677047.899,3260342777854650.0,1.24875262992346e+16,656113677047.899,1141641999182740.0,234353637224656.0,2205546445.32677,1.67477431178745e+16,897604197916845.0,2205546445.32677,4372633867006140.0,3437938090739290.0,2205546445.32677,851236202284517.0,851236156941637.0,656113677047.899,1.24875269644089e+16,137636919770375.0,656113677047.899,3260342777854650.0,1.24875262992346e+16,656113677047.899,4
1.44470549093935e+18,11.1586640160386,7.22095461846105e+17,-168.841335983961,7.19907412634417e+17,-168.841335983961,4.84646273864772e+16,-168.841335983957,2.43710319984016e+16,11.1586640160434,2.4371018353766e+16,11.1586640160434,4.71313617492446e+16,11.1586640160372,44829605566294.1,-168.841335983958,4.70781967386711e+16,-168.841335983963,6517071491595390.0,11.1586640160418,196758769242.356,11.1586640168839,6517256305455290.0,-168.841335983958,1.5318391755139e+24,-168.841335983962,5.47111020108147e+16,-168.841335987364,1.53183920961022e+24,11.1586640160384,1.001996126339,1.0000003675563,0.207934877661104,0.207004890034503,0.00199575878270419,0.000929987626601153,3.96065404973438e+18,3.96856001560274e+18,900872152942495.0,5.81022918315948e+19,1.52000889419743e+19,900872152942495.0,1.51698080884913e+19,5.82182713466763e+19,900872152942495.0,1.34133088139627e+17,1.34133137441088e+17,92474321896779.5,1.96771536556804e+18,5.13746953845916e+17,92474321896779.5,5.13746765015056e+17,1.96771608881421e+18,92474321896779.5,2.14557169222939e+17,4.46139187336846e+16,2778468335752.07,3.14752641968012e+18,1.70876975561884e+17,2778468335752.07,8.21781210944238e+17,6.54480521011281e+17,2778468335752.07,1.34133088139627e+17,1.34133137441088e+17,92474321896779.5,1.96771536556804e+18,2.35450184010317e+16,92474321896779.5,5.13746765015056e+17,1.96771608881421e+18,92474321896779.5,4
4.74348884574994e+26,7.41055174330459,2.39603959644531e+26,-172.589448256695,2.39341212363015e+26,-172.589448256695,1.02243588370982e+25,-172.589448256695,5.13428989986123e+24,7.41055174330459,5.13428736874073e+24,7.41055174330459,1.33308948469487e+25,7.41055174330459,2.42455368516937e+22,-172.589448256695,1.33078456039813e+25,-172.589448256695,1.28243683807692e+24,7.41055174330457,4.06060874180886e+19,7.41055174347694,1.28247990434652e+24,-172.589448256695,9.62838286034778e+36,-172.589448256695,5.14038487215628e+29,-172.589448256442,9.62838350100775e+36,7.41055174330459,1.00072022644152,1.00000032369884,0.208782242435408,0.207003698971991,0.00071990274267808,0.00177854346341641,1.31815663320095e+27,1.31910600446225e+27,1.53209581085056e+24,1.93371903782232e+28,5.05234354851336e+27,1.53209581085056e+24,5.04870733599449e+27,1.93511175340383e+28,1.53209581085056e+24,2.82533223930394e+25,2.82533315386072e+25,1.47394771679297e+22,4.1447265079933e+26,1.08213848500586e+26,1.47394771679297e+22,1.082138134719e+26,4.14472784963647e+26,1.47394771679297e+22,6.06621244336784e+25,1.26651743701591e+25,3.9876462810548e+20,8.89905660204399e+26,4.85092265545073e+25,3.9876462810548e+20,2.32343641818652e+26,1.85796499293436e+26,3.9876462810548e+20,2.82533223930394e+25,2.82533315386072e+25,1.47394771679297e+22,4.1447265079933e+26,4.63321325345703e+24,1.47394771679297e+22,1.082138134719e+26,4.14472784963647e+26,1.47394771679297e+22,4
34085.7847390244,-28.4192127587324,17335.0613310476,149.446023002845,17378.0150308741,148.911279489026,7061.50581984308,74.2765446092998,3587.87417295612,-106.54434812418,3587.88601643424,-106.544339251168,3013.01758072587,-77.879875574225,1.21986793870288,-105.970330996647,3014.05392531271,102.10961010078,787.199746792508,-100.920714418778,0.143970402378424,76.1329637686256,787.057714339466,79.079813050818,6186.98273630922,-107.727264919868,1.20970638766864,104.366175575459,6185.95801104681,72.2667820681976,0.7691284602121,1.02387522577328,1.6011705888474,1.06505542999129,0.254746765561181,0.536115158856112,562936.737680434,432970.666248975,524.64328728669,8258210.43815428,1658332.64720094,524.64328728669,2156119.20893374,6351624.67840509,524.64328728669,19821.4248442058,20294.6658375093,51.1071989589425,290777.784768479,77731.1479642416,51.1071989589425,75918.5748493282,297720.170029681,51.1071989589425,15055.6195737634,24106.6152583853,0.015068302441687,220864.026798538,92331.3984359034,0.015068302441687,57664.9353160851,353640.983844224,0.015068302441687,19821.4248442058,20294.6658375093,51.1071989589425,290777.784768479,40249.631385101,51.1071989589425,75918.5748493282,297720.170029681,51.1071989589425,4
3.79763196017937e+25,7.72814983466537,1.90301459523402e+25,-172.271850165335,1.90381617464512e+25,-172.271850165335,8.56527720905262e+23,-172.271850165335,4.30168546371645e+23,7.72814983466538,4.3016855105178e+23,7.72814983466538,1.17528143590072e+24,7.72814983466538,6.07967745298113e+19,7.72814983469273,1.17542191776364e+24,-172.271850165335,1.12654468224065e+23,7.72814983466537,7.65084119629527e+16,7.72814982892344,1.1265510733125e+23,-172.271850165335,2.1648709386609e+35,-172.271850165335,1.83825419341316e+27,-172.271850160662,2.16487103473074e+35,7.72814983466538,0.999723458127451,0.999999992856321,0.206988318852361,0.20703353257933,0.000276534728869793,4.52137269687514e-05,1.04732990399317e+26,1.04704027342034e+26,3.06626989991974e+22,1.53641966608642e+27,4.01029724112692e+26,3.06626989991974e+22,4.01140656300942e+26,1.53599478171494e+27,3.06626989991974e+22,2.36719681854239e+24,2.36719680163189e+24,1.26979217272098e+21,3.47264766492283e+25,9.06666442903651e+24,1.26979217272098e+21,9.06666449380585e+24,3.47264764011535e+25,1.26979217272098e+21,5.35592531249933e+24,1.10861397633304e+24,2.65616961298272e+19,7.85707440305047e+25,4.24613234430796e+24,2.65616961298272e+19,2.0513874250733e+25,1.62632262178534e+25,2.65616961298272e+19,2.36719681854239e+24,2.36719680163189e+24,1.26979217272098e+21,3.47264766492283e+25,4.07050297952398e+23,1.26979217272098e+21,9.06666449380585e+24,3.47264764011535e+25,1.26979217272098e+21,4
2.04479067560463e+43,4.75660871174022,1.02247699421246e+43,-175.24339128826,1.02454975718983e+43,-175.24339128826,2.61506691011889e+41,-175.24339128826,1.31183711758468e+41,4.75660871174022,1.31183682563229e+41,4.75660871174022,5.61182428890141e+41,4.75660871174022,1.93373954747148e+38,-175.24339128826,5.61022513837171e+41,-175.24339128826,3.74297489615261e+40,4.75660871174022,4.13091184917745e+35,4.75660871097742,3.74302705533771e+40,-175.24339128826,9.51992785958919e+61,-175.24339128826,1.19145214542686e+54,-175.243391282849,9.51992819447628e+61,4.75660871174022,0.998670632624474,1.00000014614862,0.207367234427396,0.207023497806546,0.00132951352414212,0.000343736620849744,5.63381362897462e+43,5.62632422093646e+43,7.45358599222772e+39,8.26473303361226e+44,2.15495364158251e+44,7.45358599222772e+39,2.15782217999078e+44,8.25374616714994e+44,7.45358599222772e+39,7.21797182743106e+41,7.21797288232765e+41,2.86901103269333e+38,1.05886729889412e+43,2.76457529584508e+42,2.86901103269333e+38,2.76457489180629e+42,1.05886745364611e+43,2.86901103269333e+38,2.55656241181165e+42,5.30147276978415e+41,1.11529672590098e+37,3.75044458494748e+43,2.03053140956306e+42,1.11529672590098e+37,9.79195876904068e+42,7.77719321453762e+42,1.11529672590098e+37,7.21797182743106e+41,7.21797288232765e+41,2.86901103269333e+38,1.05886729889412e+43,1.35237803768335e+41,2.86901103269333e+38,2.76457489180629e+42,1.05886745364611e+43,2.86901103269333e+38,4
6843530999.14453,25.2021497513861,3509028752.30741,-154.797829818844,3487382099.71203,-154.797835405655,549708516.029235,-154.796929971939,277746700.012426,25.203075756315,277746709.605023,25.2030757550368,207613849.358806,25.2017792768255,990180.195348576,25.203070393419,208286138.516857,-154.798216555745,71058247.0072392,25.2028503773004,495.765245267745,-154.805591083968,71057979.5982666,-154.797149563097,507214789240.308,-154.797930657108,19106.3087090516,25.2056328333955,507214781623.877,25.2020693427582,1.00402542926184,1.00000021901419,0.202365122886547,0.207024025608257,0.00402521024764768,0.00465890272171038,19252489330.6711,19329988864.5861,50959950.6607865,282431573050.501,74036312625.7162,50959950.6607865,73739479566.9148,283568481369.126,50959950.6607865,1529534693.55416,1529535028.54396,1928297.78215908,22438079674.5912,5858313439.21415,1928297.78215908,5858312156.16065,22438084588.8491,1928297.78215908,948059062.941121,191854088.775784,105963.679042543,13907906031.9059,734825529.110829,105963.679042543,3631186632.50484,2814475113.24118,105963.679042543,1529534693.55416,1529535028.54396,1928297.78215908,22438079674.5912,256747036.388601,1928297.78215908,5858312156.16065,22438084588.8491,1928297.78215908,4
29867.271560386,-26.7422022342668,14985.0311301426,154.481575997475,14925.5071663663,155.658583605486,6103.23319270128,76.2580787758252,3101.35423198342,-104.572367486476,3101.35722491452,-104.572201877012,3016.83906232432,-79.6727925243899,5.22194698022816,76.0330031660688,3150.87961320778,99.2314453900918,723.220301468492,-95.9489633804449,0.111906806986145,150.959059105933,723.173194716597,84.0429168131237,5349.97750914626,-105.29613497098,1.20888971139715,104.349570952782,5348.92674039025,74.6974599011783,0.792241555380337,1.02838580499135,1.72031494783399,1.05373548365181,0.236144249611015,0.666579464182175,565592.795623769,448086.116116888,314.690208542161,8297174.47081339,1716226.7401432,314.690208542161,2166292.24822634,6573366.40801922,314.690208542161,17162.720600929,17649.898241028,44.5945382849905,251774.931225356,67601.3521341887,44.5945382849905,65735.3998918307,258921.765324829,44.5945382849905,14075.4032516178,24214.1266105493,50.5526413857634,206484.377858683,92743.1805706675,50.5526413857634,53910.5822962467,355218.161724494,50.5526413857634,17162.720600929,17649.898241028,44.5945382849905,251774.931225356,43642.0977105821,44.5945382849905,65735.3998918307,258921.765324829,44.5945382849905,4
60792.9026754354,-44.8355552449422,31331.5958398447,131.252585430165,31124.3829810555,132.33487175542,13347.9392943209,61.3780526968069,6775.04156468741,-119.403092424003,6775.04017152523,-119.402992612768,2821.18669183972,-56.8454972176076,3.62560226077228,61.150213417972,2821.11243429617,123.157326926104,1611.04054552098,-114.131484723453,0.144724253241754,160.16433208338,1611.03847573225,65.8634206463419,11650.2203024473,-124.999447153456,1.20892317646304,104.375431062962,11649.4325839747,54.9960400030542,0.640696708492565,1.00923144138983,1.17054081500788,1.2430187846896,0.368534732897267,0.0724779696817117,555475.56889454,355891.368638767,1329.97597477296,8148756.03977484,1363109.14682454,1329.97597477296,2127541.98477415,5220881.17299265,1329.97597477296,37506.9060103673,37853.1488149159,91.0444963688976,550221.547085312,144982.368027292,91.0444963688976,143656.214106483,555300.885048652,91.0444963688976,19909.355940694,23304.713729102,1.15598706152703,292067.722785047,89260.0137220804,1.15598706152703,76255.362117791,341877.190266306,1.15598706152703,37506.9060103673,37853.1488149159,91.0444963688976,550221.547085312,42214.6961668649,91.0444963688976,143656.214106483,555300.885048652,91.0444963688976,4
35090.254119499,-28.5134633154695,17861.044466909,149.088913517764,17819.7074681816,149.616796553858,7311.32177121807,73.6727116405114,3714.72020696174,-107.145161580777,3714.73252540786,-107.145123970795,1755.85690644757,-50.1230483581881,11.4697148662335,-106.534651268023,2316.95687291164,112.611516446428,857.302169161425,-95.6178600087527,0.157638150454427,83.6574159226525,857.147827533635,84.3822309364316,6406.95323827423,-108.42065677565,1.20958936449287,104.309425613637,6405.93589202198,71.5734937079244,0.761449175857838,1.01977732026939,1.31010662439202,1.08206381270309,0.258328144411552,0.228042811688938,564995.220630421,430215.145112652,481.803067456399,8288408.12156431,1647778.6512455,481.803067456399,2164003.46009848,6311201.53333856,481.803067456399,20604.0055864647,21011.4976037805,52.7998603203776,302258.144854855,80476.7046802587,52.7998603203776,78915.9584947423,308236.000989681,52.7998603203776,18298.8798681469,23973.4837342131,271.346042957016,268442.243361717,91821.4877881013,271.346042957016,70087.0341990008,351687.961294841,271.346042957016,20604.0055864647,21011.4976037805,52.7998603203776,302258.144854855,43381.9810947528,52.7998603203776,78915.9584947423,308236.000989681,52.7998603203776,4
189278.309285771,72.3420338384316,102239.262321145,-106.98411059825,97699.1135355943,-107.273352606786,94529.5568934276,-100.736142780165,48681.4945776995,79.0896415056098,48681.5469877605,79.0896292974809,14222.1766132494,75.3587173947268,5.07098936265137,79.2242534281436,14310.6529275363,-104.617403754112,9192.28538544,81.2652825317632,0.653616941021206,-111.976608735416,9191.63134911652,-98.733780225064,339699.120374338,-116.800118853693,1.21062353844386,104.246313172511,339698.203876067,63.1997470595279,0.888129178009656,0.998347839366848,0.30826543971519,0.379151726195874,0.110218661357192,0.0708862864806837,1031102.39338526,915752.121081044,3603.37857844635,15126141.1414471,3507446.94158781,3603.37857844635,3949253.13618024,13433967.2984115,3603.37857844635,268589.743400897,268145.990000381,949.472339397544,3940177.41971143,1027033.2013161,949.472339397544,1028732.83320515,3933667.61369095,949.472339397544,90276.5797705409,27829.1495589493,27.8682930753231,1324345.95839997,106589.177639358,27.8682930753231,345770.767355034,408250.089201203,27.8682930753231,268589.743400897,268145.990000381,949.472339397544,3940177.41971143,72903.0345360904,949.472339397544,1028732.83320515,3933667.61369095,949.472339397544,4
17674.5450107679,-20.436610062922,8930.98860183581,158.90945277873,8894.00413101137,160.00799084251,3497.40332573488,81.8297792384794,1777.62042529555,-99.028629968715,1777.62598798749,-99.0284102777471,2383.08603510395,-80.3482008242662,2.50735930933882,81.6742990086871,2194.88345183345,101.254983750784,400.867654977273,-79.1592337483175,0.103801682143458,133.518742083413,400.780261768803,100.83275539016,3064.75069071751,-98.8036275230888,1.20957077185837,104.268833016813,3063.6379089398,81.1875073255201,0.871595973263277,1.03962488125308,1.41298301513686,1.02459332240244,0.168028907989804,0.388389692734423,552132.603794,481236.554174218,51.2366062333181,8099715.16636973,1843197.12863569,51.2366062333181,2114738.00381926,7059679.12358735,51.2366062333181,9942.4191873144,10336.3863669801,26.1840344779291,145854.026602533,39589.6727021895,26.1840344779291,38080.7283627833,151633.475086942,26.1840344779291,17249.3163173312,24372.9909791122,65.4255857558392,253045.279385682,93351.6512810443,65.4255857558392,66067.0724849458,357548.68183253,65.4255857558392,9942.4191873144,10336.3863669801,26.1840344779291,145854.026602533,44536.6555501451,26.1840344779291,38080.7283627833,151633.475086942,26.1840344779291,4
2352487782100.84,18.0098407592478,1185200442604.04,-161.990159227049,1193459204074.79,-161.990159207679,131957201357.045,-161.990156433752,66515120126.1616,18.0098435904423,66515154984.6188,18.0098435904373,85034584659.3178,18.0098402607213,29886204.091341,18.0098435724033,85084728093.5329,-161.990159737327,18381731989.9956,18.0098432757499,492166.882052706,-161.990164487382,18381152509.756,-161.990156724044,3154540835227810.0,-161.990159402768,91911922.2724897,18.0098413534571,3154540629466220.0,18.009840597232,0.995454395037425,0.999999657003007,0.206711424981297,0.207059184097458,0.00454526196558136,0.000347759116160945,6564958946668.13,6535117236701.06,8723954858.94392,96307113873611.8,25030329100112.9,8723954858.94392,25144626639748.6,95869339778856.7,8723954858.94392,366191010230.696,366190884628.28,357691251.157247,5371975606896.87,1402557601297.8,357691251.157247,1402558082371.0,5371973764325.39,357691251.157247,387677715394.343,80137412982.6583,6752410.04126893,5687182842429.45,306936470691.405,6752410.04126893,1484854892365.9,1175605669487.77,6752410.04126893,366191010230.696,366190884628.28,357691251.157247,5371975606896.87,66424143139.883,357691251.157247,1402558082371.0,5371973764325.39,357691251.157247,4
120938.766613216,-89.7510049681766,62340.7312941692,87.4846012271291,61128.1989121614,90.1676359376087,23309.1197187595,21.9178974106437,11801.401696913,-159.224801134977,11801.4174042236,-159.224871291912,6368.0778120656,-109.436974840393,31.9799887876966,-158.421638088073,5071.1286190001,92.9322803930111,3064.7197494571,-151.957885518106,0.265661184048582,-20.3424307956657,3064.54949140349,28.0458147521073,20241.8761570051,-176.878574271042,1.20851397809952,104.337073998583,20242.1115441733,3.11807033010286,1.03593714074523,0.996134730580733,2.31335379539929,5.01423435880651,0.0398024101644926,2.70088056340722,393540.101781487,407682.807808099,1317.45782471935,5773183.30609485,1561476.93733586,1317.45782471935,1507308.57686266,5980655.00711397,1317.45782471935,65526.5352845752,65273.2575715892,184.219792920873,961265.949514831,250004.867438011,184.219792920873,250974.95324981,957550.397636388,184.219792920873,10117.9862521208,23406.4818981414,863.250849101102,148429.573142903,89649.7987359848,863.250849101102,38753.1725213311,343370.116379632,863.250849101102,65526.5352845752,65273.2575715892,184.219792920873,961265.949514831,49755.9405391444,184.219792920873,250974.95324981,957550.397636388,184.219792920873,4
97147032.8286681,35.6664167970243,47538652.7797162,-144.334988403536,46651292.2477193,-144.336120302156,11442182.6508348,-144.275491141654,5800964.00766604,35.7246649325489,5800956.8445481,35.7246648081415,2743015.29643741,35.6369684497092,5652.7912407671,35.7245300052032,2751143.45411034,-144.36277285937,1521848.60164413,35.7195136362578,81.0626513877418,35.8323834146343,1521934.36689317,-144.280480336496,928638100.085015,-144.342589132159,25.1661546664517,38.221585046694,928638095.729175,35.657410798375,1.00998536676258,1.00000501452509,0.203429118945948,0.206702975400049,0.00998035223749438,0.00327385645410183,256957602.707494,259523418.612962,985697.01579064,3769535393.24119,994007657.672559,985697.01579064,984180256.847447,3807175586.66723,985697.01579064,31958046.1419023,31958206.3963264,53245.9971206446,468820477.62513,122403989.794862,53245.9971206446,122403376.000062,468822828.537176,53245.9971206446,12551827.4604084,2553407.20143244,825.125298402043,184133714.524596,9779873.91251689,825.125298402043,48075093.4929599,37458159.3139832,825.125298402043,31958046.1419023,31958206.3963264,53245.9971206446,468820477.62513,5500251.65996642,53245.9971206446,122403376.000062,468822828.537176,53245.9971206446,4
1.87091515502584e+28,6.99841323402637,9.43838601311468e+27,-173.001586765974,9.43324243033554e+27,-173.001586765974,3.7764762180807e+26,-173.001586765974,1.8961191349529e+26,6.99841323402637,1.8961197411881e+26,6.99841323402638,5.65690688188232e+26,6.99841323402637,7.69820340489295e+23,6.99841323402659,5.6650843669339e+26,-173.001586765974,6.12269618516007e+25,6.9984132340264,1.22100982850567e+21,-173.001586765049,6.12258237860289e+25,-173.001586765974,2.41831580007861e+39,-173.001586765974,1.70338843513386e+32,6.99841323265212,2.41831565871233e+39,6.99841323402637,1.0003578048426,0.999999790061631,0.205737804009414,0.207053059339362,0.000358014780970306,0.00131525532994825,5.19418446621085e+28,5.19604297056622e+28,5.41589643972753e+25,7.61980263596006e+29,1.99015045730464e+29,5.41589643972753e+25,1.98943862653001e+29,7.62252903824287e+29,5.41589643972753e+25,1.04339122239804e+27,1.04339100335019e+27,5.25421935343152e+23,1.53064167021508e+28,3.99632007323191e+27,5.25421935343152e+23,3.996320912213e+27,1.53064134887466e+28,5.25421935343152e+23,2.58065587037564e+27,5.30938471675088e+26,1.5976054889587e+22,3.78578938262835e+28,2.03356178574801e+27,1.5976054889587e+22,9.88423977566592e+27,7.78879994024112e+27,1.5976054889587e+22,1.04339122239804e+27,1.04339100335019e+27,5.25421935343152e+23,1.53064167021508e+28,2.21245540896686e+26,5.25421935343152e+23,3.996320912213e+27,1.53064134887466e+28,5.25421935343152e+23,4
72393.1784409451,-55.4312931547039,35835.4413631275,127.431125360037,35840.8880632583,127.405293976028,15681.6528648037,56.3100054952621,7955.48775620921,-124.469941776234,7955.49485413664,-124.469901663567,3229.93982374072,-61.2458714773799,11.193272030824,-123.846718391462,3237.01063544495,118.513652885752,1972.00390240045,-107.692752521794,0.123244616845124,88.7743228031314,1971.8955677977,72.3061494651512,13629.6594508959,-132.355318245975,1.20970706173741,104.222231403681,13628.993657973,47.6404371796668,0.607786114176463,1.00099732177374,1.24833807654039,1.50206996072189,0.393211207597278,0.253731884181501,551604.745777193,335257.704997216,1217.2211783141,8091971.55631113,1284079.59421168,1217.2211783141,2112716.24056693,4918187.94823681,1217.2211783141,44218.2943667967,44262.3942345664,104.889608381257,648676.761800816,169530.592079999,104.889608381257,169361.683984923,649323.70125948,104.889608381257,18601.0074988062,23220.3459227732,1.36981486362928,272874.417327563,88936.8743075334,1.36981486362928,71244.221400352,340639.525263771,1.36981486362928,44218.2943667967,44262.3942345664,104.889608381257,648676.761800816,45802.4614861866,104.889608381257,169361.683984923,649323.70125948,104.889608381257,4
1030111.59643371,58.5798831772901,545962.30737483,-121.229757611174,540310.53157171,-121.261184321576,262568.703535025,-118.218988267837,134341.81553036,61.7522515280327,134341.839758854,61.7522474666246,44104.2850672649,58.6048058450058,201.649230085128,-118.227920680752,51214.37076659,-120.955105036199,33974.5366149599,61.9323503873041,0.258233433773132,-144.754961221334,33974.3506081731,-118.067454233125,1818357.19714036,-122.992538111138,1.1924820264678,105.153609076252,1818356.41829352,57.0074339013815,0.900633158115939,0.999512663751432,0.189517787812725,0.248212063682357,0.0988795056354923,0.0586942758696319,3500786.95520058,3152924.81135338,18750.6607571573,51356099.9666067,12076102.5085948,18750.6607571573,13408458.7046041,46253006.5014428,18750.6607571573,740696.206537548,740335.238426925,2038.77552076651,10865919.267472,2835577.99975917,2038.77552076651,2836960.55347264,10860623.9111389,2038.77552076651,260548.515404429,49378.5782573372,2440.36670021751,3822213.62639137,189126.226739391,2440.36670021751,997933.908590569,724377.471021346,2440.36670021751,740696.206537548,740335.238426925,2038.77552076651,10865919.267472,157306.030966144,2038.77552076651,2836960.55347264,10860623.9111389,2038.77552076651,4
522167416.486022,30.6750484969034,261238423.533944,-149.324974738405,257553166.017938,-149.325138906264,51786787.9043586,-149.31351410174,26212373.9921374,30.6865368734931,26212345.6947984,30.6865368448348,18111199.8584438,30.6724507499965,61141.7739599967,30.6864993071732,18166718.7261812,-149.327506316479,7315810.22093306,30.6860516576693,350.77430802621,30.7124410655491,7316175.04049587,-149.313947076231,11029305187.3133,-149.32632233307,97.8580544864031,-150.005168569991,11029305448.0798,30.6736776609071,1.00890323101163,1.00000141639052,0.203520503904295,0.206942829266516,0.00890181462110729,0.00342232536222151,1419411015.56796,1432048359.74001,1125276.20752567,20822579306.3246,5484927115.04341,1125276.20752567,5436524481.68262,21007967540.1467,1125276.20752567,144380089.90686,144380294.405451,212643.856037258,2118037579.93023,552994866.602257,212643.856037258,552994083.34668,2118040579.89858,212643.856037258,82738394.0899885,16838959.6574266,1874.30151964303,1213761731.95849,64495354.3544504,1874.30151964303,316898558.706297,247025399.307942,1874.30151964303,144380089.90686,144380294.405451,212643.856037258,2118037579.93023,26433825.2493798,212643.856037258,552994083.34668,2118040579.89858,212643.856037258,4
3671711854.0265,26.3523761492189,1790789634.75927,-153.647671300092,1785534689.40717,-153.647676432293,306914170.09857,-153.645928867433,155131447.529755,26.354081158747,155131677.443355,26.3540811572517,100645655.037221,26.3514391275226,250806.467200855,26.35407278604,100974168.744378,-153.648552304067,45321775.7432723,26.3538628370937,3020.99326307391,-153.646848349375,45318780.6188682,-153.646137115378,198396854901.97,-153.647796405345,8442.27558445912,26.3602234356592,198396847370.545,26.352203594314,1.00186645627007,0.999999378817428,0.204649072130341,0.207076409893384,0.00186707745263925,0.0024273377630433,9794111279.75663,9812391560.16447,31795843.750167,143678368436.571,37582706034.83,31795843.750167,37512690238.9265,143946537828.213,31795843.750167,854339764.643753,854339233.942781,1116318.20326385,12533055830.0078,3272227783.24953,1116318.20326385,3272229815.90167,12533048044.6919,1116318.20326385,459908423.821109,94119832.1999176,25902.4134338272,6746798160.38336,360490912.325327,25902.4134338272,1761507680.30715,1380725983.37315,25902.4134338272,854339764.643753,854339233.942781,1116318.20326385,12533055830.0078,163794736.59537,1116318.20326385,3272229815.90167,12533048044.6919,1116318.20326385,4
52601.6056439804,-41.8506687204803,26075.3987789634,141.602638213094,26009.217256783,142.20934611892,11235.9779132895,65.5562111011306,5705.46045259597,-115.232306586888,5705.45601543201,-115.23216375724,3729.1107298131,-79.5877676233281,2.897053046337,-114.634932856921,3731.87288398758,100.382495075057,1499.03012571496,-101.149073137968,0.187377691510331,178.253918564584,1499.05742453327,78.8438917219886,9835.38680735568,-118.997465960914,1.20777555929822,104.306622550169,9834.50775225685,60.9977079178061,0.670283949117247,1.00868584960005,1.82025200271244,1.21123183548615,0.338401900482806,0.609020167226287,572322.276219293,383618.43547204,1156.00020146458,8395895.09637835,1469307.33465812,1156.00020146458,2192067.01367856,5627633.72157461,1156.00020146458,31719.7976474513,31995.3110391612,78.1861249117162,465325.402473602,122546.105289911,78.1861249117162,121490.854004248,469367.148934572,78.1861249117162,13174.7361228025,23981.3398127392,0.15870562654168,193271.70548073,91851.577566727,0.15870562654168,50460.9127911161,351803.208968948,0.15870562654168,31719.7976474513,31995.3110391612,78.1861249117162,465325.402473602,48819.8549151926,78.1861249117162,121490.854004248,469367.148934572,78.1861249117162,4
147219349.939962,34.274485897333,73694943.1101833,-145.725564404808,75274448.9694496,-145.72474527898,16666801.2868141,-145.68651048799,8445965.8346985,34.3136121149706,8445954.30952624,34.3136120226639,5230914.85716764,34.2667981467003,47308.0221735743,-145.686532085035,5189064.44276609,-145.733578248658,2479794.76377166,34.3061903638715,159.827385110609,34.3726033484999,2479950.96400718,-145.693805366605,1725873567.70842,-145.730910239812,114.600226709976,-146.298718337898,1725873661.86384,34.2690897224855,0.984627246699287,1.00000756173873,0.214884494972886,0.206571839263717,0.0153803150394409,0.00831265570916917,413625673.180943,407267107.748291,583347.021386761,6067836087.27723,1559884753.30502,583347.021386761,1584238866.57021,5974556740.03835,583347.021386761,46527232.9999668,46527584.8267465,75039.5308453576,682548598.270524,178206559.770116,75039.5308453576,178205212.228861,682553759.524694,75039.5308453576,23711131.5412316,5095154.52647321,1819.19792561083,347839287.947495,19515089.0174288,1819.19792561083,90816645.5652892,74745269.7223257,1819.19792561083,46527232.9999668,46527584.8267465,75039.5308453576,682548598.270524,8951358.29359151,75039.5308453576,178205212.228861,682553759.524694,75039.5308453576,4
15434.0062609527,-17.535812656828,7993.84484287019,158.753263968903,7942.55430349221,160.329998999371,3037.65520551984,83.4356912280689,1586.41954623097,-98.8295610951845,1586.42271471526,-98.8293143443855,2325.93131717351,-81.0323073542069,2.08684345066855,-97.3073765142951,2300.86890122772,99.1498880564914,316.645689490835,-89.8183599746476,0.090371601693791,147.240946594313,316.595440090235,90.1679409221005,2685.35666143257,-97.6569652206719,1.21022327727679,104.35245292646,2684.23462102893,82.3333537899434,0.884406525704911,1.0534314158376,1.47228622409724,1.01828702457457,0.169024890132691,0.453999199522667,549204.343105802,485719.90498825,317.073987779649,8056757.95401838,1860368.93172382,317.073987779649,2103522.39343895,7125449.3105588,317.073987779649,8790.26912787034,9259.94565296601,61.1744784072339,128952.131575347,35466.7680391762,61.1744784072339,33667.8472902538,135842.226540695,61.1744784072339,16596.803539124,24435.2452147005,9.4021875416034,243472.999810851,93590.0929108137,9.4021875416034,63567.8656629422,358461.943561146,9.4021875416034,8790.26912787034,9259.94565296601,61.1744784072339,128952.131575347,38257.6920220525,61.1744784072339,33667.8472902538,135842.226540695,61.1744784072339,5
47529118.0476388,38.1927508431388,24464563.3325681,-141.804615752911,24606943.1907772,-141.803967334759,6126727.22411205,-141.692727907712,3184359.58972573,38.3078137478001,3184359.9104695,38.3078136209295,2159553.46316076,38.1997088720013,5055.38205094377,38.3074413788816,2120548.97043729,-141.802272684252,655465.097946754,38.3052498969448,5.98908495210851,-142.508375138237,655455.340300461,-141.694742681571,335612053.830495,-141.825110877845,6.82505914303284,47.5115833389193,335612035.930061,38.1748889331215,0.991674181195728,0.999998680325268,0.2014202481407,0.207161345436607,0.00832449912954014,0.00574109729590697,136244075.132212,135109731.649505,514127.452307853,1998683276.61396,517487433.710097,514127.452307853,521832113.331949,1982042601.80575,514127.452307853,17594326.5940324,17594303.3752442,80663.798769056,258106536.322054,67388416.7366366,80663.798769056,67388505.6675447,258106195.70538,80663.798769056,9664139.56044143,1946553.38833046,14686.6483300187,141771699.823085,7455546.72641905,14686.6483300187,37014882.0450816,28555690.9576945,14686.6483300187,17594326.5940324,17594303.3752442,80663.798769056,258106536.322054,2377419.06742034,80663.798769056,67388505.6675447,258106195.70538,80663.798769056,5
50150.6997348958,-39.6733742799797,25477.8351120433,141.491698609327,25509.3874571105,141.226814591337,10672.1466464444,67.027009436209,5560.18721513017,-115.044612000655,5560.18229953903,-115.044487082214,3421.28043435964,-76.4519818595048,3.48108979964015,66.3817873777716,3418.02545335384,103.589396731201,1106.79949257138,-104.068940562507,0.160926132679545,179.424905187669,1106.84534591686,75.9228867717028,9410.40696508342,-117.659216028017,1.21014911033553,104.341522749188,9409.50809505831,62.335853236471,0.679757964530586,1.00838032140111,1.64249000948927,1.19238421925655,0.328622356870527,0.450105790232719,569029.164857418,386802.106862018,410.846329396404,8347585.5709871,1481501.20046824,410.846329396404,2179453.97887513,5674337.77647908,410.846329396404,30911.3470716979,31170.3940951001,199.338655539806,453465.53521582,119386.568614096,199.338655539806,118394.385610592,457265.722145256,199.338655539806,14573.1896969154,23936.3184835754,0.201582334218544,213786.8417829,91679.1401574687,0.201582334218544,55817.167610034,351142.751788676,0.201582334218544,30911.3470716979,31170.3940951001,199.338655539806,453465.53521582,36652.7831093756,199.338655539806,118394.385610592,457265.722145256,199.338655539806,5
6094830.09612504,47.4875978676039,3243213.30182449,-132.468308547465,3269483.60202163,-132.462563389842,1071927.17886027,-131.751691675859,562031.919958913,48.2441611385995,562033.41653152,48.2441606911261,286130.88237114,47.5574391217973,263.033161754464,-131.753451720965,359593.984645767,-132.30175916554,111260.382740895,48.2072152428157,19.0288944310533,-131.91556920849,111242.142401909,-131.792763474557,18788456.7584864,-132.689011829356,1.83925614984006,80.8139231730573,18788455.9701371,47.310985074673,0.966699501611551,0.999997886385375,0.20919275488698,0.208004660677933,0.0332983847738245,0.00118809420904636,18620540.87029,18000467.5790468,139296.898883702,273160969.406122,68944077.2277402,139296.898883702,71319036.6942426,264064572.984626,139296.898883702,3108234.62879055,3108228.05918038,17379.0955606857,45597407.1997448,11904908.2704389,17379.0955606857,11904933.4328803,45597310.8243981,17379.0955606857,1686420.72417549,352786.997188766,24576.7881393058,24739577.8163117,1351219.00985712,24576.7881393058,6459205.58093487,5175340.43813504,24576.7881393058,3108234.62879055,3108228.05918038,17379.0955606857,45597407.1997448,411601.355632942,17379.0955606857,11904933.4328803,45597310.8243981,17379.0955606857,5
1231227954.29955,28.5574916207337,651669445.406543,-151.442268045236,653886908.831963,-151.442252066712,114775630.64257,-151.437578166922,59165268.9640726,28.562488265872,59165279.4339567,28.5624882592154,34618289.5550295,28.5549235798428,43405.067992423,-151.437557206005,34667142.0951492,-151.445065823305,13483687.3883281,28.5622700949978,170.286011592069,-151.465503751651,13483465.0990732,-151.437729554907,40653527854.4895,-151.442919296389,837.95573136859,28.6372699233655,40653526018.1906,28.5570807019578,0.997594697345413,1.00000022855482,0.208239942138154,0.207018666117264,0.00240553120940334,0.00122127602089028,3619576121.23874,3610869945.18585,24776130.692173,53098721943.9147,13830090538.8704,24776130.692173,13863436299.0021,52971003447.0678,24776130.692173,326593591.530969,326593666.175507,1184972.18428534,4791086504.19332,1250895225.02767,1184972.18428534,1250894939.1296,4791087599.21922,1184972.18428534,158055284.121761,32913423.2201451,30752.5361773829,2318650942.0544,126062591.560699,30752.5361773829,605371814.198182,482835738.011985,30752.5361773829,326593591.530969,326593666.175507,1184972.18428534,4791086504.19332,48724296.0144436,1184972.18428534,1250894939.1296,4791087599.21922,1184972.18428534,5
57190.1901458997,-43.2898875023515,29406.4064006597,135.506480295377,29417.3538678884,135.438057592444,12410.4344879045,63.4048383489374,6460.39719618886,-118.643585788848,6460.41082051469,-118.643575794946,4613.53484450111,-86.4924286107313,8.24158961667828,-117.210941835542,4728.50351596907,92.683315010124,1267.57108331989,-101.367949293355,0.177875203327396,65.8471001206978,1267.40495334728,78.6337360757563,10920.2152307979,-122.635336536388,1.21115250408281,104.265905308505,10919.3880998386,57.3600231069707,0.648969572733713,1.00300954661528,2.60788792724565,1.30697868204291,0.35403997388157,1.30090924520274,562854.524285899,365275.460137057,688.998803082865,8257004.37809912,1399051.40922018,688.998803082865,2155804.32119002,5358544.60331538,688.998803082865,35976.6791894926,36084.9526825765,227.912505000738,527773.313990841,138209.952246065,227.912505000738,137795.251014771,529361.6723816,227.912505000738,9364.08042227171,24420.4722829998,41.6406153936156,137369.870379323,93533.5107059579,41.6406153936156,35865.6174327032,358245.226529538,41.6406153936156,35976.6791894926,36084.9526825765,227.912505000738,527773.313990841,36700.1557425242,227.912505000738,137795.251014771,529361.6723816,227.912505000738,5
1.28230914506888e+25,7.87463505077907,6.50580057147611e+24,-172.125364949221,6.5321226378914e+24,-172.125364949221,2.95353625325953e+23,-172.125364949221,1.4944497600195e+23,7.87463505077907,1.49445008412786e+23,7.87463505077907,3.2109819041584e+23,7.87463505077907,4.89993540184005e+20,7.87463505077847,3.21434506981688e+23,-172.125364949221,3.72532777284304e+22,7.87463505077909,8.33155529742638e+17,-172.125364948929,3.72525104920682e+22,-172.125364949221,4.24821006710967e+34,-172.125364949221,3.45857093498378e+27,7.87463505065628,4.24820977294002e+34,7.87463505077907,0.997356156782292,0.99999985772729,0.205546581932721,0.207055401908105,0.00264370094499833,0.00150881997538424,3.59734534975104e+25,3.58783453264634e+25,7.16105862262489e+22,5.27725993499186e+26,1.37418619829108e+26,7.16105862262489e+22,1.37782896204756e+26,5.26330768710465e+26,7.16105862262489e+22,8.23126302057656e+23,8.23126184949246e+23,1.17878636292771e+21,1.20751582985701e+25,3.15267784095645e+24,1.17878636292771e+21,3.15267828949654e+24,1.20751565806046e+25,1.17878636292771e+21,1.46414282041451e+24,3.00949552197537e+23,5.12256581120471e+19,2.14787892016379e+25,1.15267501120432e+24,5.12256581120471e+19,5.60785297603057e+24,4.41489170445011e+24,5.12256581120471e+19,8.23126302057656e+23,8.23126184949246e+23,1.17878636292771e+21,1.20751582985701e+25,1.34617208160297e+23,1.17878636292771e+21,3.15267828949654e+24,1.20751565806046e+25,1.17878636292771e+21,5
83050.3172092817,-61.9342092062868,42754.4296731163,117.168304227468,42509.6052845908,117.953697647508,18033.5539951349,50.9497314843439,9354.45405931071,-131.136982558804,9354.47025594802,-131.136994444137,5508.06826092693,-92.915547510871,13.9825493030042,-129.707078295352,5525.80278303591,86.9470532929143,2061.37255900236,-120.579281057487,0.199066958050041,42.1070717557127,2061.1769968032,59.4223903866224,15678.3112658516,-141.340004726213,1.20991386192284,104.320059423824,15677.8123764162,38.6559665694063,0.607649929755283,1.0012150709483,3.60952246213563,1.68197896180575,0.393565141193015,1.92754350032988,524776.239849164,318880.245281586,780.456492662368,7698400.78207486,1221351.84325354,780.456492662368,2009959.65513468,4677932.69445581,780.456492662368,52002.4349111791,52065.6215590804,317.433508119124,762869.114853764,199417.943890412,317.433508119124,199175.93100305,763796.054952576,317.433508119124,6883.61785317907,24846.5732618077,2.71437404155125,100981.799556416,95165.5315776794,2.71437404155125,26365.1307273963,364496.073765763,2.71437404155125,52002.4349111791,52065.6215590804,317.433508119124,762869.114853764,39763.8293459461,317.433508119124,199175.93100305,763796.054952576,317.433508119124,5
29718.8155307419,-24.8762780672784,15436.8716885694,150.919865662524,15436.6735128769,150.921893879182,6098.18927244199,76.5408193460987,3182.6225704115,-105.629963175547,3182.62093983741,-105.62977812799,3017.6122420444,-79.6084105026496,10.0230270944855,75.8811451797716,3010.95740290296,100.449337142097,673.991459857735,-90.5301173798473,0.126534239914872,175.305133839493,673.977361244844,89.4592553192464,5389.99260193322,-105.478998913515,1.20986044149157,104.305242464394,5388.94235338376,74.5146114023617,0.791164636055696,1.01941865771984,1.64200619520281,1.07000052715385,0.228254021664149,0.572005668048963,560936.141471499,443792.838217785,837.564205133528,8228861.94588278,1699782.9404621,837.564205133528,2148456.67133995,6510384.56656692,837.564205133528,17744.6313137091,18089.2082355549,119.250922064598,260311.487468169,69283.9652139086,119.250922064598,67964.1918354501,265366.387143857,119.250922064598,14737.2269798883,24198.6180010867,0.902506237984869,216193.247888274,92683.780626539,0.902506237984869,56445.4512396593,354990.652393564,0.902506237984869,17744.6313137091,18089.2082355549,119.250922064598,260311.487468169,40616.0624162255,119.250922064598,67964.1918354501,265366.387143857,119.250922064598,5
38765.461057119,-32.1129223684613,19827.9842016084,147.58873580028,19816.9639582255,147.715687859537,8076.72448518438,72.3074932712527,4212.49279635246,-109.812432981985,4212.49420888022,-109.812324441753,3339.07317322131,-79.4098896079262,0.115055796583237,-108.741639670292,3339.69123890237,100.584237838982,885.642244062299,-91.4677676894169,0.0978372738664186,150.748799076285,885.592433451404,88.526714703746,7133.81806732415,-110.664894784369,1.21020911452007,104.277185729692,7132.82584465244,69.3295373970315,0.738528729929722,1.00998909367424,1.720367933494,1.12554945849775,0.271460363744514,0.594818474996248,567960.998476569,419455.514854517,299.587706642899,8331915.70585739,1606567.90068021,299.587706642899,2175362.76595913,6153359.12412836,299.587706642899,23510.3808264709,23745.2282228635,154.856349594021,344894.300461095,90947.2401868632,154.856349594021,90047.7448286164,348339.481936111,154.856349594021,14011.7817483632,24105.4200110005,0.197151947616952,205551.058487072,92326.8204866008,0.197151947616952,53666.9038576466,353623.449716909,0.197151947616952,23510.3808264709,23745.2282228635,154.856349594021,344894.300461095,40248.1248151764,154.856349594021,90047.7448286164,348339.481936111,154.856349594021,5
61373.8357597454,-45.6553237854235,32111.1038478949,130.280410858143,32021.3956777937,130.716308719786,13431.9579630818,61.3281480250704,6988.50899954894,-120.716590903625,6988.49273524344,-120.716413522121,2768.77816664734,-53.4547195351295,24.4708705841575,60.6728689830726,2758.74618279721,127.014756286219,1648.5039894359,-112.827442545355,0.332713792304484,-172.5333992855,1648.67509331978,67.1625608311766,11816.5158461036,-125.683991802761,1.20895970562861,104.355782670246,11815.7395764404,54.3115147431079,0.636867989833328,1.00709504064797,1.11893196683125,1.2933301104383,0.370227050814645,0.17439814360705,552732.845507473,352017.856233199,1681.37494470623,8108520.63606432,1348273.10230185,1681.37494470623,2117037.00582392,5164057.23801234,1681.37494470623,38846.3733268433,39121.9899246235,244.604558873081,569871.36248032,149842.190644302,244.604558873081,148786.544066281,573914.622961233,244.604558873081,20777.8838081277,23249.0383960196,0.0991983835469719,304808.916280827,89046.7701245542,0.0991983835469719,79581.9341695359,341060.440201808,0.0991983835469719,38846.3733268433,39121.9899246235,244.604558873081,569871.36248032,42345.9633833847,244.604558873081,148786.544066281,573914.622961233,244.604558873081,5
39854.8663545106,-32.3508041264102,20242.1751190008,149.103364114646,20312.1411153142,148.213995462196,8331.62635901544,71.8941016191667,4345.06740167514,-110.22456501459,4345.07261794512,-110.224474978747,3151.59186930645,-76.9712071682956,8.62320781678355,71.1955762853779,3747.4022614791,97.5283755039967,1028.23028942487,-104.713372800862,0.100782597369119,124.695324766712,1028.16066343628,75.282378540965,7365.6119783646,-111.289678109916,1.20894519989568,104.369943548952,7364.62955677107,68.7048388220734,0.732094926580925,1.01919062841244,1.99319700320113,1.10084533507447,0.28709570183151,0.892351668126655,569824.400510192,417165.552655529,329.091851908767,8359251.57700333,1597797.05458955,329.091851908767,2182499.83243523,6119765.66953773,329.091851908767,24110.4333381211,24573.1277051758,159.420527261293,353696.99458898,94118.2003630192,159.420527261293,92346.02216626,360484.662182732,159.420527261293,12165.2790514017,24247.7977483594,229.871933122751,178463.09846343,92872.145305352,229.871933122751,46594.563987502,355712.113039297,229.871933122751,24110.4333381211,24573.1277051758,159.420527261293,353696.99458898,42981.3154780514,159.420527261293,92346.02216626,360484.662182732,159.420527261293,5
69128.1553019171,-51.7965185631621,35592.5594536648,127.020153004798,35684.566777331,126.617912944315,15141.4632319558,57.6651195043565,7870.03235126213,-124.378026501256,7870.01910669358,-124.377891761947,4204.9988766408,-81.0970953455475,15.4132742171545,57.0299437169615,4192.71786098042,99.05352315952,1848.50563371707,-113.807783074787,0.279783126872802,-177.461655323987,1848.62475565556,66.1844714274472,13275.4791472227,-131.058033308974,1.20914477281712,104.331057665047,13274.792146849,48.9376714460283,0.61495686700664,1.00383252503585,1.98563959239861,1.42283319824127,0.388875658029211,0.562806394157337,547233.89435802,336525.241194251,915.69742453525,8027851.7211727,1288934.41884741,915.69742453525,2095975.32445067,4936782.54324623,915.69742453525,43780.0128193828,43947.8008145829,271.652644735216,642247.227170303,168325.659322145,271.652644735216,167683.009988278,644708.655747639,271.652644735216,12102.6918450313,24031.5841020938,0.366366769675509,177544.952095735,92044.0195769306,0.366366769675509,46354.8470373435,352540.286311805,0.366366769675509,43780.0128193828,43947.8008145829,271.652644735216,642247.227170303,42472.8863152483,271.652644735216,167683.009988278,644708.655747639,271.652644735216,5
15176371164.1835,23.8518285561244,7954556830.352,-156.148155125508,7936439342.86197,-156.14815604242,1165573319.97696,-156.147755315004,598448860.62747,23.8522519452739,598449444.56353,23.8522519448922,382269793.862625,23.8515380083529,1380667.23228562,23.8522466099852,383557427.265544,-156.14845961281,159815435.209183,23.8521752892093,7271.10240750841,-156.148128239246,159808503.845878,-156.147824696829,1716839282013.72,-156.1481969548,16555.1747247199,23.8559309637864,1716839292589.05,23.8518030451603,1.00147451500342,0.999999468691774,0.203558124699204,0.207070409495167,0.00147504631164708,0.00351228479596341,43906219361.5012,43970959740.6932,238208334.083289,644098661112.562,168414360950.769,238208334.083289,168166397075.21,645048394252.055,238208334.083289,3301912529.07629,3301910774.743,10441661.1874898,48438637396.1786,12646737672.4135,10441661.1874898,12646744391.7328,48438611660.3321,10441661.1874898,1746410609.85843,355496068.697574,31011.2764228081,25619621819.4298,1361595097.8392,31011.2764228081,6688974462.95115,5215082173.06592,31011.2764228081,3301912529.07629,3301910774.743,10441661.1874898,48438637396.1786,577544663.817117,10441661.1874898,12646744391.7328,48438611660.3321,10441661.1874898,5
96721.8282630853,-70.3761081196508,51768.2919384083,104.176159516636,50884.0359953515,106.133273040276,20759.8591689799,42.5765356833303,10743.858893598,-139.660213526107,10743.8564455188,-139.660165840764,4548.64807883965,-80.4973776268234,7.78473304589981,41.923499605957,4545.2741139687,99.5696431288345,2570.34156833561,-122.572899230073,0.115507630785638,151.328500850032,2570.35078131055,57.4245235921847,17897.9243724352,-154.090394191118,1.2096432046262,104.290606106429,17897.6808516363,25.9058127343145,0.697734732379906,0.996875919756684,1.99177759794624,2.42701072373117,0.299141187376779,0.435233125784931,477342.945762643,333058.752515133,3262.18853351144,7002560.38275148,1275657.32689673,3262.18853351144,1828284.11385741,4885929.59463324,3262.18853351144,59807.7589565108,59620.9147183578,367.238406313866,877372.227174932,228355.676355638,367.238406313866,229071.313520518,874631.245933982,367.238406313866,12011.2586209438,23923.7558443345,0.495373591260265,176203.638312121,91631.0236534833,0.495373591260265,46004.646175339,350958.459466705,0.495373591260265,59807.7589565108,59620.9147183578,367.238406313866,877372.227174932,44165.7487888791,367.238406313866,229071.313520518,874631.245933982,367.238406313866,5
5.54460192897277e+16,12.2608696959508,2.82535501027152e+16,-167.739130304048,2.81845841479729e+16,-167.739130304048,2065499935298310.0,-167.739130303928,1049584385290910.0,12.2608696960755,1049585362757740.0,12.2608696960755,1345057411845350.0,12.2608696958579,1875518508001.85,12.2608696960726,1483453231751890.0,-167.739130304122,296460675192389.0,12.2608696960597,13690024368.4618,-167.739130303433,296447376515812.0,-167.73913030394,1.1567618400548e+22,-167.739130304054,568263416701516.0,12.2608696970837,1.15676179514804e+22,12.2608696959464,1.00160343332635,0.999999389373137,0.211135681143582,0.207078169918708,0.00160404395321001,0.00405751122487474,1.55410978605266e+17,1.55660169747642e+17,330704986986800.0,2.27985931600425e+18,5.96198221920458e+17,330704986986800.0,5.95243788193168e+17,2.28351491841092e+18,330704986986800.0,5783941843965340.0,5783938312135080.0,11223270916778.8,8.48496921809125e+16,2.21532184050878e+16,11223270916778.8,2.21532319324463e+16,8.48496403694111e+16,11223270916778.8,6803276532417000.0,1436414424680010.0,45506767132845.4,9.98032025857048e+16,5501649698336490.0,45506767132845.4,2.60574132640096e+16,2.10720171582437e+16,45506767132845.4,5783941843965340.0,5783938312135080.0,11223270916778.8,8.48496921809125e+16,1071377508281080.0,11223270916778.8,2.21532319324463e+16,8.48496403694111e+16,11223270916778.8,5
23230.1027017543,-21.1874383379577,12077.6028164598,154.240807507147,12150.3349211904,152.990527231004,4678.9764703349,79.7341996498159,2442.90474249116,-102.481917047705,2442.90802222819,-102.481704632458,2806.53267813071,-80.5389458478034,2.80561414699434,79.0080368157096,2803.63034734151,99.4831769281536,617.802703507498,-96.6861035454839,0.116945625179683,147.07873040725,617.752414764299,83.3041574477301,4141.95792580585,-101.805297568393,1.20865758732639,104.35820534271,4140.87320922783,78.1873283527949,0.833369379457911,1.04345222818416,1.60908583891344,1.03491737885064,0.210082848726253,0.574168460062803,554301.871210547,461938.206443093,793.594349324321,8131538.04383247,1769282.00557015,793.594349324321,2123046.57356265,6776574.81362707,793.594349324321,13527.2642792976,14115.0540534691,92.8665445666683,198443.248758767,54062.4499037394,92.8665445666683,51811.1404082388,207066.05008544,92.8665445666683,15077.6600632097,24261.2492916614,0.097407747738308,221187.357979155,92923.6664247992,0.097407747738308,57749.3531902235,355909.445470937,0.097407747738308,13527.2642792976,14115.0540534691,92.8665445666683,198443.248758767,47121.8994920125,92.8665445666683,51811.1404082388,207066.05008544,92.8665445666683,5
141167929.80229,34.3839329898668,71390790.6544005,-145.615871253043,70695642.4007252,-145.61626760218,16025273.9602034,-145.575648924725,8302032.23782044,34.4246878512662,8302040.29534248,34.4246878056149,4854997.56630494,34.3741644601056,23455.2756287952,34.424440225082,5059617.84719399,-145.623802330404,2190692.12278814,34.4210659518034,109.833043166361,-145.61708712067,2190583.11026485,-145.578932133987,1637935583.75226,-145.621396524151,68.7220404050716,35.3252928864356,1637935519.5726,34.3786034361311,1.00476782805709,1.00000274705229,0.203744839713893,0.206855356173539,0.00476508100479456,0.00311051645964572,390310800.209475,392171734.993698,306164.709318287,5725809862.21584,1502067558.25696,306164.709318287,1494939941.65945,5753109539.12645,306164.709318287,45853666.0188904,45853791.9813087,192932.382659627,672667456.213886,175625847.587648,192932.382659627,175625365.135587,672669304.066563,192932.382659627,23113115.9631136,4709178.1071932,60388.3602823634,339066475.375798,18036750.3052775,60388.3602823634,88526169.9418031,69083044.6777966,60388.3602823634,45853666.0188904,45853791.9813087,192932.382659627,672667456.213886,7918395.88822774,192932.382659627,175625365.135587,672669304.066563,192932.382659627,5
10320.9314702589,-13.814320307077,5354.73016194103,161.643227006738,5344.743603999,162.099830390902,2012.3656965178,85.7003231945953,1051.18089302797,-96.5985105772792,1051.18691698763,-96.5981155826735,2550.28355237277,-85.1156619927999,2.19007796239441,-95.0041966233921,2553.324305068,94.8724487847555,256.505038699652,-80.4641885982506,0.114805832114239,133.209539272786,256.409950799815,99.5215614680165,1781.23717367597,-95.1681421160082,1.20906904042655,104.281906066242,1780.09717114695,84.8188993886659,0.921240903483598,1.08432164147552,1.6163367011319,1.0114464084762,0.163080737991918,0.604890292655708,542132.196127488,499434.354168034,295.5857389076,7953010.456143,1912897.01407694,295.5857389076,2076435.17221552,7326638.53803168,295.5857389076,5912.36183333675,6410.9018881209,41.150649615954,86733.5971132225,24554.5685373512,41.150649615954,22645.0968035074,94047.1163928854,41.150649615954,15167.5175470598,24515.8152763748,0.298811711974554,222505.555853635,93898.6864809488,0.298811711974554,58093.5187669701,359643.896131986,0.298811711974554,5912.36183333675,6410.9018881209,41.150649615954,86733.5971132225,48193.1344001671,41.150649615954,22645.0968035074,94047.1163928854,41.150649615954,5
28843.6314485422,-26.2865415934908,14743.354411833,153.543417953398,14776.7171865727,152.984987924607,5863.65292082336,76.9669282428796,3060.52196736861,-105.209541808739,3060.52731807801,-105.209405377648,2574.42488303746,-75.7105206551149,1.84501769995343,76.3618759213231,2657.71520059113,103.340778969608,740.305533311446,-86.2161375245476,0.10829127052887,129.241898175538,740.217655678646,93.7789919593548,5186.53237375487,-104.92554763035,1.20918462050349,104.256407363007,5185.47671396054,75.0679379363889,0.797866607100151,1.0196178371731,1.49525128330298,1.06925977807379,0.221751230072945,0.425991505229184,562303.446112539,448643.142710534,239.904470284667,8248920.13129327,1718360.22274978,239.904470284667,2153693.62178869,6581537.91739509,239.904470284667,17135.8157253564,17471.9833680846,115.069480663189,251380.240118134,66919.9155722601,115.069480663189,65632.3508009594,256311.776737305,115.069480663189,16150.3167377628,24148.7818278894,31.9077081467166,236923.095147155,92492.9017530566,31.9077081467166,61857.7645014567,354259.562062898,31.9077081467166,17135.8157253564,17471.9833680846,115.069480663189,251380.240118134,46939.9998243582,115.069480663189,65632.3508009594,256311.776737305,115.069480663189,5
502951170.865846,30.718341951599,261385140.759526,-149.281288931974,259615802.974616,-149.281367138985,50568669.5901744,-149.269856272455,26116120.4261385,30.7302811588038,26116138.9363795,30.7302811416964,13270740.7838647,30.7110196241498,18558.1108922343,-149.269813343876,9916175.96661163,-149.295464583864,7289063.64945315,30.7298123584704,189.36008830521,-149.298239825745,7288878.61606683,-149.270186912531,10740283721.3342,-149.282846147162,396.628973855593,-149.450293145235,10740284167.6652,30.7171538466542,1.00397952689728,1.00000024011941,0.188367003855207,0.207013638719707,0.00397928677786541,0.0186466348645006,1436090007.70785,1441804966.52043,6016587.65548772,21067258002.4692,5522296158.28611,6016587.65548772,5500407140.12601,21151095722.3419,6016587.65548772,144192792.331334,144192826.954823,554529.45317274,2115289948.2876,552276842.454438,554529.45317274,552276709.842081,2115290456.20978,554529.45317274,44108838.1881962,8308649.69304466,1112002.31919121,647071053.563753,31823183.6800899,1112002.31919121,168942452.917877,121886835.641236,1112002.31919121,144192792.331334,144192826.954823,554529.45317274,2115289948.2876,26344650.1519382,554529.45317274,552276709.842081,2115290456.20978,554529.45317274,5
47687.5164781829,-37.7149971429903,24228.5304558768,143.507526100296,24130.6734670879,144.476536808008,10127.7920220053,68.1095004953729,5278.1231533601,-113.973809827776,5278.1286279825,-113.973723757319,3565.6387790712,-78.9302754245131,10.0785789538714,-112.556172255709,4136.49086069213,95.9563477284391,1414.73215359629,-105.851987034364,0.113136323614357,123.855248948674,1414.66090831327,74.1445087841468,8952.01618104279,-116.204375911229,1.20795103084577,104.338462535972,8951.09836112336,63.7905981181533,0.68825714621976,1.01425261448822,2.19763820305177,1.16105207187042,0.325995468268464,1.03658613118135,571790.373511498,393538.810708954,523.197840154411,8388092.15121671,1507303.63189087,523.197840154411,2190029.758746,5773164.36622478,523.197840154411,29360.9407927754,29779.4109629064,190.553699592541,430721.272034962,114058.926536616,190.553699592541,112456.132631384,436860.176277153,190.553699592541,11034.4025186289,24249.6245227895,218.568291446408,161873.283370371,92879.1420834544,218.568291446408,42263.1632242636,355738.911588152,218.568291446408,29360.9407927754,29779.4109629064,190.553699592541,430721.272034962,48761.5637408098,190.553699592541,112456.132631384,436860.176277153,190.553699592541,5
802538322.818993,29.5464183564681,422418155.82676,-150.453256381832,427193726.123737,-150.453176059821,77543105.0605792,-150.446097110733,40007446.8310401,29.5539970968952,40007523.9877902,29.5539970923593,28798284.9167609,29.5449932357093,71301.8184810295,29.5539287621913,28852772.0952677,-150.454989889825,11513688.5330902,29.553176476899,978.076936956014,-150.448250974319,11512689.0450966,-150.446823403228,21565251158.2451,-150.454266281505,673.107778160523,29.6449681081984,21565250163.0367,29.5457337153976,0.992401696029873,0.999999857057676,0.204460287617046,0.207045892456889,0.00759816102780342,0.00258560483984274,2361267124.86656,2343325499.49715,15691183.4273803,34639488796.1872,8975234309.75339,15691183.4273803,9043953013.84412,34376287430.9439,15691183.4273803,220864718.403487,220864686.832571,823954.701010612,3240057364.98068,845939804.56322,823954.701010612,845939925.483839,3240056901.83935,823954.701010612,131417102.980892,26869578.673272,5604.87977090952,1927872208.2709,102913899.263555,5604.87977090952,503344196.875593,394173306.191978,5604.87977090952,220864718.403487,220864686.832571,823954.701010612,3240057364.98068,41612137.1865081,823954.701010612,845939925.483839,3240056901.83935,823954.701010612,5
50716.0765024217,-39.6331709848748,25910.9477556748,140.370448678226,26236.5909392753,137.993529484787,10848.297259678,66.5550555579333,5651.79860307625,-115.514597692259,5651.78874436009,-115.514431304723,4838.39822070911,-88.4038991614916,0.224321946035195,-114.395238178622,4837.19896241108,91.6029073251231,1485.89038579794,-101.430030605066,0.232453125111017,-174.156387845453,1485.957605271,78.5614264163125,9580.53379085081,-118.242058818382,1.20844310729282,104.276636508059,9579.64304547354,61.7530564865357,0.680608337595066,1.00851429482484,2.75571118333064,1.2149258209997,0.327905957229775,1.54078536233094,563021.751066302,383197.298023099,596.106965773326,8259457.57372665,1467694.32473625,596.106965773326,2156444.82099993,5621455.68869108,596.106965773326,31526.0603754482,31794.4825481504,202.633639691153,462483.301301614,121776.906660321,202.633639691153,120748.815644176,466421.020480462,202.633639691153,8871.79267243744,24448.0982836267,0.518057129565216,130148.071619114,93639.3217973838,0.518057129565216,33980.0928209786,358650.49644971,0.518057129565216,31526.0603754482,31794.4825481504,202.633639691153,462483.301301614,48869.6967738661,202.633639691153,120748.815644176,466421.020480462,202.633639691153,5
10837759.6408038,44.6490869009452,5518961.86527203,-135.34439953773,5524558.81188378,-135.343948696101,1704174.84564342,-134.899008881687,891062.796298076,45.0999868046258,891064.698338959,45.0999864278299,419287.467867291,44.6030069538109,366.81967888471,-134.899867876309,320375.674160352,-135.550511821031,241854.279654878,45.0497009700348,22.1210885930116,-135.083663838446,241832.23235927,-134.950286815306,40598633.623288,-135.453270930244,1.17019332668747,161.4429767759,40598634.2472775,44.5467275969369,0.981405396716379,1.00002496691791,0.177834570111237,0.205720878739735,0.0186195702015357,0.0278863086284983,30973938.1448971,30397990.0529614,68585.0356401074,454383738.309402,116428163.022775,68585.0356401074,118634117.371195,445934652.95701,68585.0356401074,4926341.41182071,4926464.40738236,25983.7279994238,72268802.7728333,18868984.4344737,25983.7279994238,18868513.3458498,72270607.1021,25983.7279994238,1449774.48341772,257820.022016831,32849.9496216899,21268007.5229457,987483.43234578,32849.9496216899,5552820.42028219,3782186.9749656,32849.9496216899,4926341.41182071,4926464.40738236,25983.7279994238,72268802.7728333,878839.450859423,25983.7279994238,18868513.3458498,72270607.1021,25983.7279994238,5
43440004.9430457,38.5401773301222,22364051.8332489,-141.456922462257,22495656.1106838,-141.456208884175,5662473.2814077,-141.335124783777,2943965.79724104,38.6654222402469,2943966.09726846,38.6654221029472,1975070.91532499,38.5478339111473,4672.78300757085,38.6650454025239,1939018.35223651,-141.454345393096,605500.980479761,38.6627383807402,5.57896977162748,-142.211203210937,605491.918249804,-141.337253580386,294696377.684865,-141.479614730566,6.08096983662853,48.9833474565275,294696361.900475,38.5203850547319,0.991233466685628,0.9999982927253,0.201196708691517,0.2071976538223,0.00876482603967166,0.00600094513078336,124601422.853098,123509100.328638,473232.354817122,1827887046.51651,473055542.251488,473232.354817122,477239276.265799,1811862813.82831,473232.354817122,16266651.8200037,16266624.0483606,75152.5805592677,238629716.026873,62303236.2742756,75152.5805592677,62303342.6431962,238629308.620396,75152.5805592677,8838528.69814847,1778282.88374299,13575.1409787012,129660093.341449,6811049.32031089,13575.1409787012,33852687.5742976,26087184.0289344,13575.1409787012,16266651.8200037,16266624.0483606,75152.5805592677,238629716.026873,2197145.00763377,75152.5805592677,62303342.6431962,238629308.620396,75152.5805592677,5
15402.3936089296,-17.518621650107,7977.44047013381,158.770724255065,7926.26903463114,160.347349006872,3031.17892632923,83.4505968330203,1583.0390133791,-98.8148695545386,1583.04218747449,-98.8146224233101,2320.97353252047,-81.0159514621087,2.08239444343866,-97.2925504338953,2295.96473672411,99.1662604617558,315.970404459932,-89.8027220454,0.0903559419924111,147.201656629018,315.920093289452,90.183560445062,2679.63364981749,-97.640728916875,1.21022342659072,104.352448897167,2678.51148090788,82.3495762107455,0.884628518303496,1.05355876540039,1.47074224689547,1.01822364127224,0.168930247096897,0.45251860562323,549167.076050919,485808.856787988,316.403357778796,8056211.25105688,1860709.62841538,316.403357778796,2103379.65588512,7126754.22216241,316.403357778796,8771.48255472011,9241.272331082,61.0480766922706,128676.534933484,35395.2468444953,61.0480766922706,33595.8923288382,135568.291280522,61.0480766922706,16614.6818849337,24435.9145669009,9.3821451087737,243735.272872992,93592.6566147615,9.3821451087737,63636.3419982818,358471.762872905,9.3821451087737,8771.48255472011,9241.272331082,61.0480766922706,128676.534933484,38259.6539125532,61.0480766922706,33595.8923288382,135568.291280522,61.0480766922706,5
49841.170510194,-39.4678763879507,25321.0761982413,141.696831250226,25352.2972682885,141.432022101039,10600.4680317412,67.1740695528297,5523.02138455558,-114.898663657208,5523.01653497464,-114.898538295137,3397.94115741563,-76.2640964430462,3.45774641610784,66.5285322627862,3394.70976727695,103.777326149255,1099.24266765908,-103.913770064305,0.160156067249456,179.363572375757,1099.28769675499,76.07803323351,9347.76266647388,-117.459604772168,1.21015001229757,104.341408512685,9346.86097582614,62.535450687147,0.681217827450341,1.0084930738285,1.63239285253703,1.18971780584895,0.327275246378157,0.442675046688084,569129.265699224,387701.001918033,408.415640240846,8349054.0376217,1484944.08270946,408.415640240846,2179837.37781395,5687524.45277415,408.415640240846,30704.8815398527,30965.660365666,198.139007701621,450436.71208868,118602.412425305,198.139007701621,117603.596398595,454262.304339515,198.139007701621,14661.3246244108,23933.0415256134,0.200230449765214,215079.769974455,91666.5889922386,0.200230449765214,56154.7355771451,351094.679231609,0.200230449765214,30704.8815398527,30965.660365666,198.139007701621,450436.71208868,36661.2971766732,198.139007701621,117603.596398595,454262.304339515,198.139007701621,5
5544029.29191587,47.9976159987525,2952318.36122768,-131.953658131163,2976613.63475305,-131.947320974006,991192.202829229,-131.175345445598,519974.652968114,48.8196234659003,519976.04894942,48.8196229640308,260654.461065519,48.074697510615,243.263093618331,-131.17742662178,328594.964610323,-131.77064713769,102581.382381879,48.7825555528109,17.7425329528809,-131.358122379901,102564.369145,-131.217419826303,16505952.6079979,-132.199886854679,1.7554486408061,82.9070638812671,16505951.8266832,47.8001096408946,0.96429944802377,0.999995253130344,0.208552344764731,0.208374907986146,0.0356958051065737,0.000177436778584839,17000106.3644035,16393193.1835397,128309.890616774,249389401.030612,62788012.1386865,128309.890616774,65112566.710853,240486061.756798,128309.890616774,2875796.42536877,2875782.77433799,16252.5542049154,42187568.2795975,11014613.3045429,16252.5542049154,11014665.5897248,42187368.0207098,16252.5542049154,1543397.10978315,321879.086148385,22729.4530033099,22641439.5598814,1232837.78468291,22729.4530033099,5911406.97110687,4721925.30906221,22729.4530033099,2875796.42536877,2875782.77433799,16252.5542049154,42187568.2795975,380749.839836802,16252.5542049154,11014665.5897248,42187368.0207098,16252.5542049154,5
56794.5612465321,-43.0170423038206,29201.7622595145,135.77933115448,29212.5777039941,135.710912214238,12317.7596943852,63.5955799276861,6412.45903783775,-118.45370266015,6412.47260240375,-118.453692280744,4577.70510869526,-86.258827851218,8.18015716707528,-117.020470142403,4691.76743760328,92.9156098556646,1257.77877528406,-101.158972836775,0.177094969671083,66.1927073748329,1257.61325789078,78.8426996199617,10839.9507418905,-122.365223317467,1.21115154995502,104.266147014157,10839.1194526161,57.6301226211344,0.650504730661083,1.00309913033476,2.57363044815165,1.30179641802276,0.352594399673675,1.27183403012889,563169.08302515,366344.152669924,683.581474949281,8261618.914849,1403144.63736523,683.581474949281,2157009.12111626,5374222.18702836,683.581474949281,35710.5753240647,35821.2470513232,226.409554877785,523869.604085241,137199.92618276,226.409554877785,136776.039409956,525493.144266719,226.409554877785,9482.68829000032,24404.9353134759,41.3302523174334,139109.832733459,93474.0021391924,41.3302523174334,36319.9006315473,358017.301160112,41.3302523174334,35710.5753240647,35821.2470513232,226.409554877785,523869.604085241,36704.3420262622,226.409554877785,136776.039409956,525493.144266719,226.409554877785,5
1124991210.8825,28.7605416314421,595665552.529275,-151.23919382872,597708005.915166,-151.239176248608,105711193.216872,-151.234072728539,54502042.4618199,28.7659988748523,54502052.2096438,28.7659988676193,31498856.9442658,28.757702048703,39979.3844123753,-151.234050142646,31543853.8748704,-151.24228618495,12415320.1441085,28.7657630025914,158.108439639067,-151.264177527301,12415114.1367064,-151.234236616834,35570190230.6332,-151.239911771065,733.232869390185,28.8516476792454,35570188623.8908,28.7600882270477,0.997560285685908,1.0000002473916,0.208242381377995,0.207017165757392,0.00243996170569494,0.00122521562060293,3308775642.38263,3300703175.08579,22794113.2339316,48539318396.6374,12642112412.3384,22794113.2339316,12673030987.4414,48420896326.7488,22794113.2339316,300858504.960264,300858579.390132,1097633.41897644,4413556053.04404,1152326573.79669,1097633.41897644,1152326288.72084,4413557144.92075,1097633.41897644,143818034.450835,29949009.9791443,28325.4384941366,2109792297.78202,114708512.311091,28325.4384941366,550841339.558425,439348172.303078,28325.4384941366,300858504.960264,300858579.390132,1097633.41897644,4413556053.04404,44864023.3628743,1097633.41897644,1152326288.72084,4413557144.92075,1097633.41897644,5
1.16026405618806e+25,7.88847120025582,5.88671681895916e+24,-172.111528799744,5.91058055319433e+24,-172.111528799744,2.67768168158516e+23,-172.111528799744,1.35488978942523e+23,7.88847120025582,1.35489008397381e+23,7.88847120025582,2.90134631797792e+23,7.88847120025582,4.442309171572e+20,7.88847120025648,2.90439538300763e+23,-172.111528799744,3.37723545640724e+22,7.8884712002558,7.56202658246861e+17,-172.111528798905,3.37716581241037e+22,-172.111528799744,3.65551672568342e+34,-172.111528799744,2.97604528621319e+27,7.88847120165704,3.6555164725551e+34,7.88847120025582,0.997351025935156,0.999999857385088,0.205541588299122,0.207055427326282,0.002648831449932,0.00151383902716049,3.25505661796493e+25,3.24643405740434e+25,6.48856034243093e+22,4.77512671317623e+26,1.24342547984136e+26,6.48856034243093e+22,1.2467280300589e+26,4.76247752635668e+26,6.48856034243093e+22,7.4625945812573e+23,7.46259351698003e+23,1.06993972712935e+21,1.09475314616324e+25,2.85826810606188e+24,1.06993972712935e+21,2.85826851369359e+24,1.09475299003512e+25,1.06993972712935e+21,1.32295834763961e+24,2.71922960027427e+23,4.64414713955733e+19,1.94076309191297e+25,1.04149947626635e+24,4.64414713955733e+19,5.06709851220314e+24,3.98907528424106e+24,4.64414713955733e+19,7.4625945812573e+23,7.46259351698003e+23,1.06993972712935e+21,1.09475314616324e+25,1.22038672150627e+23,1.06993972712935e+21,2.85826851369359e+24,1.09475299003512e+25,1.06993972712935e+21,5
82279.7795669863,-61.3986456644166,42354.7554844125,117.701693336628,42113.4508645912,118.488584352659,17880.0068757237,51.3397044359164,9275.88920572249,-130.742648779342,9275.90536109716,-130.74266020507,5454.31550035885,-92.4599790782218,13.8640097786455,-129.315743827463,5471.8850057425,87.4022380022963,2042.85159886198,-120.193950112103,0.198430121126274,42.7983828547995,2042.65637862146,59.8077025433427,15552.485593137,-140.735777029942,1.20991436939339,104.320105117607,15551.9751089982,39.2601812643176,0.60666167030425,1.0013314152965,3.51888644748893,1.66437031988342,0.39466974499225,1.85451612760552,526428.034971937,319363.710991059,771.942266582419,7722632.40671669,1223203.57833011,771.942266582419,2016286.24026413,4685025.07500448,771.942266582419,51566.1309137897,51634.7868492696,314.93236019987,756468.590630924,197767.792227676,314.93236019987,197504.831274185,757475.764483811,314.93236019987,7048.59785559901,24803.2154678669,2.69136358257916,103402.035236335,94999.4657196259,2.69136358257916,26997.0250922468,363860.020435912,2.69136358257916,51566.1309137897,51634.7868492696,314.93236019987,756468.590630924,39735.6484485381,314.93236019987,197504.831274185,757475.764483811,314.93236019987,5
29604.0712134691,-24.8077194464456,15376.9043558661,150.989380462785,15376.706993075,150.99140860398,6072.81939434427,76.5955275745672,3169.40541370362,-105.575949283867,3169.40381206123,-105.575763744731,3005.02893061288,-79.5445925339659,9.98135239989978,75.9356547277564,2998.40225306143,100.513176374348,671.17455395105,-90.4700577303048,0.126281247474977,175.211410465776,671.160156272359,89.5192936593825,5367.59286098907,-105.413592248432,1.20986106204654,104.305212874255,5366.54192722918,74.5800042007638,0.791870510543694,1.01953580243512,1.63706762349103,1.0694745530336,0.227665291891425,0.567593070457425,560874.245140972,444139.77485059,834.072021240646,8227953.93457595,1701111.75183326,834.072021240646,2148219.60053202,6515474.08290265,834.072021240646,17671.1236271331,18016.3432071193,118.78474924723,259233.139042965,69004.8828997629,118.78474924723,67682.6480589967,264297.466431944,118.78474924723,14781.7214062784,24198.6775336827,0.89875354098067,216845.975471784,92684.0086439437,0.89875354098067,56615.8705443676,354991.525729187,0.89875354098067,17671.1236271331,18016.3432071193,118.78474924723,259233.139042965,40622.2580433274,118.78474924723,67682.6480589967,264297.466431944,118.78474924723,5
38574.8258172064,-31.9931129100464,19730.3847887382,147.708617315398,19719.4459374038,147.835531837276,8033.49612298587,72.3978779664804,4190.01211177496,-109.723032044021,4190.013542001,-109.722923018848,3321.07084049462,-79.3007073818753,0.114437594644376,-108.653415655077,3321.68548314596,100.69341624403,880.850413090965,-91.3661542023412,0.0977886563007811,150.702963207995,880.800425423576,88.6283082305481,7095.74902457785,-110.550429882696,1.21020927430439,104.27717462226,7094.75541997139,69.4439884392079,0.739593918397024,1.01009200882124,1.71239229775196,1.12424972865008,0.270498090424214,0.58814256910188,567917.707175099,420028.482376685,298.062754810694,8331280.62796364,1608762.43906783,298.062754810694,2175196.95477569,6161764.48490085,298.062754810694,23385.4189484499,23621.424802766,154.094010706283,343061.12558305,90473.0573625128,154.094010706283,89569.1249632729,346523.301488658,154.094010706283,14076.2613424788,24104.0815040043,0.19609763281198,206496.96594262,92321.6938347895,0.19609763281198,53913.868893238,353603.81398929,0.19609763281198,23385.4189484499,23621.424802766,154.094010706283,343061.12558305,40256.0239087286,154.094010706283,89569.1249632729,346523.301488658,154.094010706283,5
39653.6930392257,-32.2231671212487,20140.3044655308,149.230492062468,20209.7121667463,148.341428878101,8285.74620575797,71.9900095936217,4321.21359499481,-110.129680852492,4321.21882139301,-110.129590420732,3134.13671706416,-76.8533080128511,8.57576992037783,71.2911452901818,3726.55276386774,97.6424644885384,1022.54432062868,-104.615419843116,0.100794545438902,124.690022674878,1022.47457135651,75.380313912931,7325.19135554517,-111.167426535866,1.20894599492252,104.369885773498,7324.20743210402,68.8270765472431,0.733215681433679,1.01934499536265,1.98101107213905,1.09977554680679,0.286129313928968,0.881235525332258,569776.933525042,417769.382579756,327.451738342026,8358555.24236038,1600109.79989717,327.451738342026,2182318.0278529,6128623.77782832,327.451738342026,23977.7121196874,24441.5608494497,158.614784672075,351749.991172665,93614.2825941081,158.614784672075,91837.683041553,358554.593120711,158.614784672075,12237.9968272642,24243.6072156129,228.607336295764,179529.858998799,92856.095032656,228.607336295764,46873.0823055887,355650.638456183,228.607336295764,23977.7121196874,24441.5608494497,158.614784672075,351749.991172665,42991.9027380785,158.614784672075,91837.683041553,358554.593120711,158.614784672075,5
60922.6675913257,-45.3377081930308,31870.5415011161,130.597276756036,31781.945613133,131.033292393901,13326.4979604057,61.548268260165,6934.04328916498,-120.4970012933,6934.02718622711,-120.496823430736,2747.73305371337,-53.1392164196172,24.2791946887407,60.8928141733698,2737.81718150819,127.330492804612,1635.30983409983,-112.602606251732,0.330416127485098,-172.446403860318,1635.47906658396,67.3873720417543,11725.7371851583,-125.365137512557,1.20895999854678,104.355592521473,11724.9557661474,54.630355438531,0.638227344386068,1.00723074136827,1.11498584887345,1.28815159245153,0.369003396982198,0.173165743578077,553255.474120512,353102.772014989,1667.60479698575,8116187.53143389,1352428.46755093,1667.60479698575,2119038.73979558,5179972.81472637,1667.60479698575,38543.6214796227,38822.3204379382,242.918361670159,565430.031336807,148694.418446602,242.918361670159,147626.966036213,569518.509655254,242.918361670159,20853.87503585,23251.7755591481,0.0984213745140814,305923.697939189,89057.2538070079,0.0984213745140814,79872.9902240361,341100.594037232,0.0984213745140814,38543.6214796227,38822.3204379382,242.918361670159,565430.031336807,42351.3251852763,242.918361670159,147626.966036213,569518.509655254,242.918361670159,5
68567.7418933597,-51.4014177095584,35301.7952900341,127.414332028077,35392.5171155662,127.011829059219,15015.5229610874,57.9384797752898,7805.18270576639,-124.104175352427,7805.16960798359,-124.104040151098,4167.537476665,-80.7452336205,15.2854514357047,57.3034729995255,4155.37331583642,99.4057079107355,1832.57738977394,-113.52829937629,0.277813853128672,-177.35729302118,1832.69491827674,66.4639310326209,13168.7224806841,-130.648687035908,1.20914430731179,104.330869988358,13168.0283869429,49.3470043659365,0.616042139442085,1.00395641512503,1.95885520580413,1.41416703059619,0.387914275682943,0.54468817520794,548067.711459945,337632.805526912,907.243331440274,8040083.7121474,1293176.53092313,907.243331440274,2099168.94986159,4953030.37132475,907.243331440274,43419.6949461822,43591.4812839914,269.671009877517,636961.409737638,166960.910260656,269.671009877517,166302.946766732,639481.493493184,269.671009877517,12259.4137296456,24014.4164044229,0.36332842141331,179844.042236383,91978.2651142286,0.36332842141331,46955.1117620614,352288.438367596,0.36332842141331,43419.6949461822,43591.4812839914,269.671009877517,636961.409737638,42468.7494263846,269.671009877517,166302.946766732,639481.493493184,269.671009877517,5
13848631236.8172,23.9952593964924,7260501851.03914,-156.004722626789,7243859843.34999,-156.004723636636,1070610877.49523,-156.004285070872,549759167.440847,23.9957228197258,549759706.345807,23.9957228193098,347218869.248589,23.9949377582092,1268225.2554106,23.9957170199736,348401637.366706,-156.005059596317,146679710.495167,23.9956392516334,6709.48429094163,-156.004689705838,146673313.081563,-156.004360733153,1497878143014.44,-156.00476873835,14443.8075911706,23.9999606079616,1497878152240.99,23.9952312616045,1.00148243089206,0.99999947463556,0.203517787850608,0.207070046578266,0.00148295625650208,0.00355225872765758,40076009054.7858,40135418968.6392,218576816.92448,587909962422.232,153723752607.547,218576816.92448,153496205091.306,588781498312.277,218576816.92448,3033313348.98635,3033311755.39138,9635998.21414617,44498321541.4375,11617969311.1388,9635998.21414617,11617975414.81,44498298163.6017,9635998.21414617,1586327529.09664,322845869.528269,28485.7123947385,23271223358.2347,1236540687.82765,28485.7123947385,6075835930.05311,4736107898.44532,28485.7123947385,3033313348.98635,3033311755.39138,9635998.21414617,44498321541.4375,530074228.240962,9635998.21414617,11617975414.81,44498298163.6017,9635998.21414617,5
95758.0614151005,-69.6889917657972,51246.7594688348,104.843756052854,50371.6440729012,106.807644015141,20605.4270794802,43.1574735486674,10665.4806430276,-139.065131052874,10665.4782860175,-139.065082978299,4503.12796292989,-79.8449543787595,7.72718376067695,42.5088395776418,4499.7851323861,100.222293368596,2548.40034588223,-122.034660763329,0.115173235675206,151.355186257183,2548.40850021427,57.9627459867805,17771.8968783439,-153.224660632575,1.20963592692366,104.290345271284,17771.635478742,26.7715317208743,0.690056434006616,0.997000145909022,1.94683531541688,2.37562781783623,0.306943711902406,0.428792502419353,480291.416309371,331428.182022432,3234.75094422737,7045814.07116044,1269412.03479638,3234.75094422737,1839577.13056293,4862009.33261861,3234.75094422737,59372.2412833484,59194.1332224441,363.920317333791,870983.238228625,226721.049016963,363.920317333791,227403.225513321,868370.415598252,363.920317333791,12268.3410362452,23884.4395909403,0.491710996655868,179975.004690262,91480.4374090755,0.491710996655868,46989.3044802747,350381.695023321,0.491710996655868,59372.2412833484,59194.1332224441,363.920317333791,870983.238228625,44085.232429563,363.920317333791,227403.225513321,868370.415598252,363.920317333791,5
23159.0053353413,-21.1467136839546,12040.4745933589,154.282235548842,12112.9341280611,153.032125621777,4663.76744553926,79.7680018636101,2434.97276108716,-102.448576443007,2434.97605413888,-102.448363592625,2797.40351849643,-80.5006999418213,2.79649824659187,79.0416938538601,2794.51070445101,99.5214276657598,615.79225408003,-96.6514447632597,0.116876919688034,147.017205162058,615.741815244774,83.3387982775006,4128.50165525874,-101.766585624946,1.2086574420206,104.358210726681,4127.41657882812,78.2260264304127,0.833830725840851,1.0436212000915,1.60567024735801,1.03471794954804,0.209790474250648,0.570952297809968,554248.05521454,462149.05817542,791.01757169941,8130748.5700067,1770089.59448712,791.01757169941,2122840.45146229,6779667.98175815,791.01757169941,13483.1031800162,14071.252321686,92.5785623247647,197795.411041604,53894.6837073613,92.5785623247647,51641.9977886958,206423.48424383,92.5785623247647,15110.0520823083,24261.7610645924,0.097091231440126,221662.544784933,92925.6265801298,0.097091231440126,57873.4187377705,355916.95311483,0.097091231440126,13483.1031800162,14071.252321686,92.5785623247647,197795.411041604,47127.202293026,92.5785623247647,51641.9977886958,206423.48424383,92.5785623247647,5
5.0334083348588e+16,12.2973604333393,2.56497755057401e+16,-167.702639566659,2.55869679087742e+16,-167.702639566659,1881039928724560.0,-167.702639566527,955883870755948.0,12.2973604334765,955884763238227.0,12.2973604334765,1218085703396210.0,12.2973604332364,1708042591167.65,12.2973604334749,1344123365769880.0,-167.702639566741,269955224542296.0,12.2973604334591,12495376584.3498,-167.702639567382,269943085567813.0,-167.702639566541,1.00036918330573e+22,-167.702639566666,491435297345905.0,12.2973604314114,1.00036914447027e+22,12.2973604333344,1.00160849060415,0.999999387813253,0.211156491784464,0.207078273913567,0.00160910279089399,0.00407821787089613,1.41088461346417e+17,1.41315400810846e+17,300886688642065.0,2.06974980704764e+18,5.4125593483544e+17,300886688642065.0,5.40386727861069e+17,2.07307898016521e+18,300886688642065.0,5267608257620140.0,5267605032860180.0,10242901756536.8,7.7275144053364e+16,2.01755963613683e+16,10242901756536.8,2.01756087126085e+16,7.72750967465449e+16,10242901756536.8,6164497107769220.0,1301673582892020.0,41443206594169.6,9.0432389563196e+16,4985575159651990.0,41443206594169.6,2.36108069305346e+16,1.90953861238504e+16,41443206594169.6,5267608257620140.0,5267605032860180.0,10242901756536.8,7.7275144053364e+16,975590020540517.0,10242901756536.8,2.01756087126085e+16,7.72750967465449e+16,10242901756536.8,5
129048226.172258,34.671870045002,65262160.7694985,-145.327914236124,64620408.1708666,-145.328350581084,14793219.841183,-145.28406703433,7665647.21337336,34.7162882549562,7665654.70222756,34.7162882053101,4427521.94121821,34.6610903671682,21653.623144518,34.7160265194515,4616424.88509873,-145.336661697932,2020087.13780658,34.7123968666259,102.004503802041,-145.328878609951,2019985.89080078,-145.2876010477,1436309610.46849,-145.334022396635,60.3223584108213,35.7425148162917,1436309554.13178,34.6659775581551,1.00468108476114,1.00000291401903,0.203631337638782,0.206844235489958,0.00467817074210286,0.00321289785117621,356818889.502474,358489188.968609,278111.20415289,5234487786.25052,1373059128.66017,278111.20415289,1366661669.54524,5258990867.25909,278111.20415289,42339975.6210341,42340099.000529,179360.21909979,621122064.382502,162167957.165766,179360.21909979,162167484.60663,621123874.344019,179360.21909979,21090788.6922025,4294745.51325009,55749.8013372907,309399191.185362,16449420.829694,55749.8013372907,80780399.6203833,63003371.1654327,55749.8013372907,42339975.6210341,42340099.000529,179360.21909979,621122064.382502,7302110.84329537,179360.21909979,162167484.60663,621123874.344019,179360.21909979,5
10306.6323439916,-13.8067838823898,5347.3020543724,161.650919369794,5337.33036785834,162.107508254015,2009.50082917101,85.7070804597971,1049.68477373685,-96.5918523345372,1049.69079810414,-96.591456798728,2546.65263359317,-85.1085296570328,2.18695954701063,-94.9974883710299,2549.68905306112,94.8795806229246,256.140346705139,-80.4567531890897,0.114804169816667,133.213408161027,256.045255598952,99.5289781531567,1778.70261089394,-95.1610144758408,1.20906896471438,104.281907690619,1777.56255837404,84.8260131227189,0.921345428563369,1.08444727067023,1.61493984023105,1.01142235213208,0.163101842106857,0.603517488098969,542113.121851185,499473.446581805,295.169599802596,7952730.63893243,1913046.74298716,295.169599802596,2076362.11531448,7327212.01877623,295.169599802596,5904.0647317869,6402.64688424664,41.0936463888318,86611.879687375,24522.9508239711,41.0936463888318,22613.3178506826,93926.0165345918,41.0936463888318,15180.8579897078,24516.1723764689,0.2983863432247,222701.258452794,93900.0542196675,0.2983863432247,58144.6143568007,359649.134745007,0.2983863432247,5904.0647317869,6402.64688424664,41.0936463888318,86611.879687375,48194.2399981794,41.0936463888318,22613.3178506826,93926.0165345918,41.0936463888318,5
28735.5648778151,-26.2225422275614,14688.0996023005,153.607450739179,14721.294985247,153.049140354375,5840.09656655581,77.0179192466698,3048.24705024769,-105.15920550802,3048.25240174814,-105.159068526057,2564.08797064302,-75.6499519533563,1.83761157378767,76.4127780478329,2647.0365954709,103.401040661472,737.321340467148,-86.1585738951747,0.108301883813008,129.285407726504,737.233437464286,93.8365371060174,5165.71543939904,-104.864966456039,1.20918487319395,104.256395855848,5164.65915641101,75.1285052405732,0.798534988358586,1.01973775603942,1.49178678282942,1.06876042249675,0.221202767680838,0.423026360332671,562231.145692945,448961.24138075,238.98047530526,8247859.49332135,1719578.58106126,238.98047530526,2153416.70199813,6586204.38448262,238.98047530526,17067.5006765723,17404.3748411292,114.634414965903,250378.067029776,66660.9663264587,114.634414965903,65370.6954868125,255319.968234432,114.634414965903,16188.3589020576,24149.5798457885,31.7795821303353,237481.168865285,92495.9582629734,31.7795821303353,62003.4708227803,354271.268884114,31.7795821303353,17067.5006765723,17404.3748411292,114.634414965903,250378.067029776,46946.5600871009,114.634414965903,65370.6954868125,255319.968234432,114.634414965903,5
459658193.830856,30.9518405868825,238945673.787499,-149.047753080892,237314538.717349,-149.047839149078,46615748.894204,-149.035276718585,24079406.221793,30.9648705988622,24079423.3856358,30.964870580277,12062919.0390867,30.9437347053447,17108.54049027,-149.035230728922,8970379.542174,-149.063517131357,6717118.80351301,30.964365703192,175.771655632253,-149.065906340687,6716947.02060397,-149.035633504398,9404955094.77702,-149.049471219944,347.274182742172,-149.240485647503,9404955485.57342,30.9505287730032,1.00397408918294,1.00000026683876,0.18795982463998,0.207011911976621,0.00397382234417321,0.0190520873366404,1312820476.08234,1318037741.73547,5534002.92417698,19258909631.086,5048251966.58023,5534002.92417698,5028269176.43725,19335446255.526,5534002.92417698,132950690.228129,132950725.704527,514359.769212926,1950369738.39327,509218166.706221,514359.769212926,509218030.82711,1950370258.82752,514359.769212926,39884756.3610685,7496731.81143478,1025143.74556243,585104309.69811,28713435.0645899,1025143.74556243,152763682.981657,109976103.446953,1025143.74556243,132950690.228129,132950725.704527,514359.769212926,1950369738.39327,24278098.7552055,514359.769212926,509218030.82711,1950370258.82752,514359.769212926,5
47404.6926624297,-37.5281275484772,24085.2857439391,143.693969245722,23988.4270296541,144.662640593965,10062.2193923447,68.2445653253993,5244.09925753924,-113.839874170369,5244.1047487118,-113.839787604019,3542.18617090971,-78.7614274109536,10.0134122245718,-112.421480453844,4109.16065114495,96.1198711356563,1405.47382426085,-105.712063010308,0.113205917666893,123.868404103548,1405.40233070192,74.284414223576,8894.47806739844,-116.023516777925,1.2079518444441,104.338373594168,8893.55777108321,63.9714434321506,0.689677512120102,1.01441423875611,2.17830573199651,1.15894817252882,0.324736726636004,1.01935755946768,571825.599314623,394375.256701896,520.114435534919,8388608.90927422,1510507.32628831,520.114435534919,2190164.67804631,5785434.92269676,520.114435534919,29171.5399751109,29592.0255171954,189.4429120318,427942.78609731,113341.216478045,189.4429120318,111730.703442241,434111.255590069,189.4429120318,11128.6298273689,24241.5581422249,217.15510648967,163255.586020935,92848.246821309,217.15510648967,42624.065785389,355620.578809852,217.15510648967,29171.5399751109,29592.0255171954,189.4429120318,427942.78609731,48774.0244917469,189.4429120318,111730.703442241,434111.255590069,189.4429120318,5
733277966.930084,29.7635718208882,386096631.790146,-150.236070105584,390496593.680335,-150.235981723817,71440249.6113523,-150.228253984567,36865529.0189952,29.7718473248412,36865600.528221,29.7718473198781,26270965.0011587,29.7619999388049,65693.7876551041,29.7717737985657,26321166.6490782,-150.237981419644,10598782.8703361,29.7709587789158,906.242790203244,-150.23059892870901,10597856.9005058,-150.229041089398,18872058255.6959,-150.237183919465,589.100016573478,29.876083777013,18872057384.7213,29.7628160769994,0.99231749204725,0.999999927326564,0.204420122378372,0.207041554090366,0.00768243527931489,0.00262143171199486,2158534865.21252,2141951903.94423,14438416.5642306,31665432297.8955,8203947860.52864,14438416.5642306,8267462708.53604,31422162362.4397,14438416.5642306,203523817.511148,203523802.720373,763626.095485565,2985668551.51261,779522015.793092,763626.095485565,779522072.443639,2985668334.53382,763626.095485565,119887322.390416,24507381.1146641,5164.04633545987,1758731791.50893,93866382.5702986,5164.04633545987,459183672.713768,359520168.050988,5164.04633545987,203523817.511148,203523802.720373,763626.095485565,2985668551.51261,38305570.7405468,763626.095485565,779522072.443639,2985668334.53382,763626.095485565,5
50398.5207535246,-39.4203464440945,25748.5839775713,140.583211468022,26070.8565653001,138.206766650302,10774.3124357176,66.7069180473771,5613.44464089305,-115.363831423403,5613.43488901779,-115.363664411759,4804.49469054442,-88.2235349057785,0.222790878193336,-114.244919152861,4803.3038812799,91.7832800443438,1475.53941183607,-101.26618344067,0.231257203812162,-174.203208872259,1475.60547625533,78.7252481505199,9515.80698647185,-118.034834080683,1.20844331550289,104.276608657114,9514.91329312449,61.9602674259663,0.682049762161308,1.00864994147336,2.7252793143293,1.21185185767285,0.326600179312056,1.51342745665645,563177.219090592,384114.888335405,591.929718261001,8261738.26989561,1471208.81218372,591.929718261001,2157040.28328034,5634916.62202127,591.929718261001,31312.672594355,31583.5253796707,201.39830952032,459352.929657263,120968.913909492,201.39830952032,119931.513338303,463326.305614417,201.39830952032,8966.16995087765,24435.3174958878,0.514529163376165,131532.574306132,93590.369756942,0.514529163376165,34341.5697851048,358463.003916982,0.514529163376165,31312.672594355,31583.5253796707,201.39830952032,459352.929657263,48879.8673246355,201.39830952032,119931.513338303,463326.305614417,201.39830952032,5
9879387.3753973,45.1090400451968,5031161.23792552,-134.883760514899,5036336.88472641,-134.883263344892,1575726.50460869,-134.399489417196,824268.247320022,45.5991565233119,824270.018745576,45.5991561091353,381624.466572893,45.058136497906,339.21619802428,-134.400501372517,290157.106763092,-135.112562972382,222912.629858638,45.5462662188955,20.6078997595842,-134.601300647121,222892.090211532,-134.453720121233,35658378.6228003,-135.004995902641,1.10700910243212,155.21206232084,35658379.0884656,44.9950024282074,0.97986496843588,1.0000252261296,0.176415366071543,0.205755979458483,0.020160257693717,0.0293406133869401,28282955.2378698,27713477.0414287,62701.7361195459,414907360.869059,106146137.204656,62701.7361195459,108327311.031532,406553188.061775,62701.7361195459,4557260.97341981,4557375.93547573,24270.1049146289,66854439.6216916,17455328.7058514,24270.1049146289,17454888.3865749,66856126.1004496,24270.1049146289,1314614.31271529,231918.165220558,30377.8387157167,19285224.9866402,888276.030790121,30377.8387157167,5035139.79859266,3402210.0257902,30377.8387157167,4557260.97341981,4557375.93547573,24270.1049146289,66854439.6216916,810957.83920226,24270.1049146289,17454888.3865749,66856126.1004496,24270.1049146289,5
19254480.5896387,41.9376403658941,9931171.29186221,-138.055419910156,9996176.84377234,-138.053726500253,2794149.69258969,-137.795088879925,1457156.41029485,42.2051531636398,1457156.57561544,42.2051528851483,881352.468298059,41.9557954710814,2308.12767999662,42.204967315301,863544.379471765,-138.049342925088,297335.21761606,42.2017443780121,2.96385432702281,-139.451470689656,297330.534112888,-137.798239163307,91728628.4227618,-138.112815286148,2.50777127235678,67.2277165837812,91728623.1044799,41.8871840434328,0.985272882634138,0.999990935415305,0.198252147011221,0.207903303599963,0.0147180527811678,0.00965115658874191,55668678.1874481,54848839.0301791,224288.156675793,816652438.03436,210078020.326003,224288.156675793,213218108.43343,804625501.732311,224288.156675793,8054125.54100672,8054052.53370362,40054.1682063834,118152998.660223,30848044.221157,40054.1682063834,30848323.8484012,118151927.65236,40054.1682063834,3947875.90633397,782674.874564579,6705.46279134966,57914838.0909768,2997744.18410133,6705.46279134966,15120866.1762017,11481740.9953434,6705.46279134966,8054125.54100672,8054052.53370362,40054.1682063834,118152998.660223,1086298.80423265,40054.1682063834,30848323.8484012,118151927.65236,40054.1682063834,5
15123.5547747442,-17.3671359781731,7832.7530052055,158.924586784391,7782.62901719096,160.500238018107,2974.10139876578,83.5820640854016,1553.24485570723,-98.6852917619143,1553.2480792604,-98.6850412079467,2277.2800897903,-80.8717052974451,2.04318373913107,-97.1617867596333,2252.74383200342,99.310652022465,310.019056039839,-89.664791421152,0.0902208960533433,146.854488933322,309.968200569853,90.3213255143675,2629.19476692875,-97.4976666526556,1.21022474438911,104.352413565959,2628.07146962322,82.4925135243004,0.886589128156973,1.05470446221211,1.45727430873502,1.01766963026158,0.168115334055134,0.439604678473439,548836.740224224,486592.68701591,310.492931913913,8051365.26643816,1863711.79774959,310.492931913913,2102114.42770998,7138252.91204474,310.492931913913,8605.91253093,9076.69434777896,59.9333964261402,126247.643715009,34764.8922639266,59.9333964261402,32961.7381071961,133153.953169984,59.9333964261402,16772.3799092619,24441.9583381108,9.20550392502244,246048.682859254,93615.8050261688,9.20550392502244,64240.3454620919,358560.424228881,9.20550392502244,8605.91253093,9076.69434777896,59.9333964261402,126247.643715009,38276.977358658,59.9333964261402,32961.7381071961,133153.953169984,59.9333964261402,5
47209.0613565367,-37.73142329096,23987.8033748023,143.429858279265,24016.2942664517,143.165766545978,9991.84992105365,68.4241426717271,5207.31384844708,-113.658684775502,5207.30956218337,-113.658555416982,3200.48620551439,-74.6665653981323,3.25951262895619,67.7757414863217,3197.45429329529,105.375224410366,1035.18397246364,-102.592655569583,0.153663516613396,178.753251335719,1035.22197584317,77.3989329220301,8815.14937460453,-115.777687170423,1.21015828420129,104.340458052248,8814.22435542321,64.2172439355162,0.693982699351706,1.00951283407313,1.55249909975894,1.16807163824261,0.315530134721422,0.384427461516333,569768.962241555,395409.802423215,387.634337977861,8358438.30464412,1514469.76780784,387.634337977861,2182287.49682464,5800611.57702163,387.634337977861,28950.9301953815,29226.3355905929,187.884718401634,424706.468650297,111940.577609617,187.884718401634,110885.739964261,428746.630816352,187.884718401634,15402.150824901,23911.8252900103,0.188750134991001,225947.596236701,91585.3281150154,0.188750134991001,58992.1940239681,350783.439750175,0.188750134991001,28950.9301953815,29226.3355905929,187.884718401634,424706.468650297,36739.371468284,187.884718401634,110885.739964261,428746.630816352,187.884718401634,5
2303056.41147951,53.0714426915417,1236463.91744112,-126.806519399115,1248441.09568386,-126.790993052923,487944.214549547,-125.180624520919,257414.045814787,54.7965478115208,257414.794823365,54.7965463841684,110072.180694963,53.2615708347365,119.96968285776,-125.188967929458,143569.672670512,-126.376790970009,48964.9214683678,54.7910766012714,9.48279884867144,-125.671437774854,48955.7986021121,-125.208833661616,5123995.82123767,-127.484762784434,1.37087909070063,96.4541160519344,5123995.03736149,52.5152265789358,0.933204688503828,0.999937909532426,0.200897520425095,0.216373217889927,0.0667332210285972,0.015475697464832,7431953.53569013,6935533.88424864,60640.3237535169,109025814.369846,26563975.7207111,60640.3237535169,28465326.0404211,101743401.137889,60640.3237535169,1424459.93681075,1424371.49142723,8961.53050065347,20896646.3396478,5455523.73429794,8961.53050065347,5455862.49135105,20895348.8571058,8961.53050065347,689499.232774608,138518.686199424,11208.9525236842,10114866.1653541,530544.162638019,11208.9525236842,2640869.64097615,2032051.53205133,11208.9525236842,1424459.93681075,1424371.49142723,8961.53050065347,20896646.3396478,192609.404992326,8961.53050065347,5455862.49135105,20895348.8571058,8961.53050065347,5
500116175.643238,30.7187275770908,265778776.292986,-149.280645418076,266757753.751945,-149.280603930383,50641435.3733686,-149.269385854018,26152764.3901918,30.7307515097787,26152769.5421877,30.7307514945632,13426866.4894262,30.7116844617023,19162.6897890965,-149.269342681241,13448434.1932032,-149.288285108676,5931573.60060707,30.7302833421772,81.5905123985665,-149.328275304297,5931469.05145146,-149.269715853768,10738770267.318,-149.28237482314,221.660065394482,31.0176656373343,10738769781.9452,30.7176251706669,0.997146430242284,1.00000044121791,0.208204126543173,0.207001619151873,0.00285401097563132,0.00120250739130015,1477568750.07404,1473352404.57389,10806782.2249213,21675745884.3961,5643126853.15242,10806782.2249213,5659275991.97369,21613892631.4645,10806782.2249213,144394532.644299,144394596.353753,554699.136697353,2118249453.05395,553049644.880874,554699.136697353,553049400.86557,2118250387.66356,554699.136697353,61330186.971052,12769198.0090374,13576.7982488837,899706052.771086,48907650.3043816,13576.7982488837,234902406.193376,187322512.86281,13576.7982488837,144394532.644299,144394596.353753,554699.136697353,2118249453.05395,21437172.9312117,554699.136697353,553049400.86557,2118250387.66356,554699.136697353,5
53450.3770247073,-40.7254278237271,27472.8328270357,138.071788391455,27482.5671831993,138.00344311359,11533.1830871369,65.2061808481999,6006.3611248334,-116.851679821401,6006.37417548982,-116.851665956747,4276.1837708262,-84.2806873971335,7.65997590844631,-115.412572299489,4382.59343772257,94.8827456373972,1175.21421601837,-99.3875844926673,0.170444595938197,69.1624854222731,1175.05397491853,80.6139699353323,10158.683503811,-120.107766699924,1.21114165669534,104.268150153695,10157.8181928944,59.8874555902877,0.664248415971074,1.00391064588113,2.30876735358356,1.26059382347055,0.339662229910058,1.04817353011301,565468.361877667,375611.463658998,638.129249223088,8295349.04356351,1438639.61557724,638.129249223088,2165815.65117332,5510172.46211422,638.129249223088,33456.1189827815,33586.9540166802,213.590411524429,490797.015917231,128642.300062584,213.590411524429,128141.185264227,492716.349246,213.590411524429,10519.3647478977,24286.765910384,38.7022384189851,154317.744693287,93021.3983156002,38.7022384189851,40290.5031428206,356283.771026504,38.7022384189851,33456.1189827815,33586.9540166802,213.590411524429,490797.015917231,36750.6223534552,213.590411524429,128141.185264227,492716.349246,213.590411524429,5
4.71971883903748e+24,8.01549851992344,2.39501681732247e+24,-171.984501480077,2.40489923431783e+24,-171.984501480077,1.10883611833901e+23,-171.984501480077,5.61135174292548e+22,8.01549851992344,5.61135298964443e+22,8.01549851992344,1.16517000664001e+23,8.01549851992344,1.83964312149436e+20,8.01549851992433,1.16643268138669e+23,-171.984501480077,1.3979392831163e+22,8.01549851992345,3.16416814979667e+17,-171.984501481433,1.39791011631922e+22,-171.984501480077,9.46370562994951e+33,-171.984501480077,7.70464297829675e+26,8.01549852102899,9.46370497462871e+33,8.01549851992344,0.99730393598378,0.99999985425071,0.205495089645385,0.207055660294471,0.00269591826692994,0.00156057064908596,1.32443553611654e+25,1.32086477312581e+25,2.67324042009373e+22,1.94293010864553e+26,5.0590798558917e+25,2.67324042009373e+22,5.07275633170065e+25,1.93769184469358e+26,2.67324042009373e+22,3.090722144998e+23,3.09072169452744e+23,4.47811830599421e+20,4.5340501286925e+24,1.18378566701785e+24,4.47811830599421e+20,1.1837858395538e+24,4.53404946785791e+24,4.47811830599421e+20,5.31306773448532e+23,1.09180933039006e+23,1.92322791604951e+19,7.79420288047625e+24,4.18176841583832e+23,1.92322791604951e+19,2.03497242832159e+24,1.60167041963778e+24,1.92322791604951e+19,3.090722144998e+23,3.09072169452744e+23,4.47811830599421e+20,4.5340501286925e+24,5.0515522308458e+22,4.47811830599421e+20,1.1837858395538e+24,4.53404946785791e+24,4.47811830599421e+20,5
75855.0976214051,-56.9183706874394,39024.1680356894,122.1660212617,38812.621577948,122.963796502054,16551.1978136197,54.5374842857843,8594.74983680886,-127.517718899004,8594.76557371963,-127.517726394417,5000.30846987658,-88.6351189529716,12.8375512574351,-126.109530258933,5016.44527365255,91.2237197948302,1883.79485974286,-117.00267901839,0.192457099066722,48.4444604318708,1883.60351354136,62.998816678113,14453.873889364,-135.807049873352,1.20991770051593,104.320496426084,14453.271060391,44.1887910235561,0.604684460172988,1.00236893937589,2.83824595517633,1.53263429046972,0.397684479202905,1.30561166470661,539039.575034783,325948.854441785,701.95145298672,7907642.09753442,1248425.51418422,701.95145298672,2064590.04060906,4781628.2929888,701.95145298672,47783.6579146464,47896.8545034047,293.715692317359,700980.192179136,183451.036554875,293.715692317359,183017.479241823,702640.771758111,293.715692317359,8623.14276791013,24474.600081929,2.49211049539853,126500.409102941,93740.8270511115,2.49211049539853,33027.7321033961,359039.274464574,2.49211049539853,47783.6579146464,47896.8545034047,293.715692317359,700980.192179136,39552.5360729751,293.715692317359,183017.479241823,702640.771758111,293.715692317359,5
28608.8173971233,-24.2152703716704,14856.9324841452,151.59020185143,14856.7420949941,151.592229399276,5853.34008749014,77.0698652461517,3055.05026045556,-105.107674853862,3055.04890940318,-105.10748489648,2896.21585662112,-78.9914626384482,9.62080670890178,76.4082603610215,2889.83265218078,101.066489411291,646.814353930656,-89.9492304702027,0.124119602272172,174.375688687522,646.797369536058,90.0399299966494,5173.79135108423,-104.848556787261,1.20986648210351,104.304960059462,5172.73455505167,75.1449148574808,0.798027219206222,1.02059077131901,1.59560630605008,1.06501622979666,0.222563552112791,0.530590076253421,560311.523906965,447143.847312676,803.873515128987,8219698.88554931,1712617.7309371,803.873515128987,2146064.30672953,6559543.4443474,803.873515128987,17035.1245775741,17385.8909321418,114.741657083597,249903.113769848,66590.1706072306,114.741657083597,65246.6909152719,255048.811637392,114.741657083597,15166.9702106245,24200.5133117462,0.866287344753584,222497.526497653,92691.0399071054,0.866287344753584,58091.4223989011,355018.4563602,0.866287344753584,17035.1245775741,17385.8909321418,114.741657083597,249903.113769848,40676.5237404926,114.741657083597,65246.6909152719,255048.811637392,114.741657083597,5
36936.583665865,-30.9689520356506,18891.7171473226,148.733431804259,18881.4626583597,148.860013814379,7663.13409107069,73.1743157148572,3997.36753450158,-108.955213496663,3997.36911650287,-108.955100105618,3167.0313950688,-78.3631165490737,0.109140781545011,-107.896365609203,3167.61675534503,101.630974576962,839.841204937045,-90.4927213545085,0.0973836226630574,150.304519764702,839.789703491128,89.5015620781643,6769.47476573839,-109.572906120952,1.21021067688806,104.277081013149,6768.46952160793,70.4213874524496,0.748850969033642,1.011020472644,1.64719420942204,1.11345501822492,0.26216950361036,0.533739191197125,567470.363617793,424950.731693058,284.993488205126,8324718.15479907,1627615.27916834,284.993488205126,2173483.57213011,6233973.25715323,284.993488205126,22314.5316235976,22560.4483089192,147.534461647468,327351.344550421,86409.3826269888,147.534461647468,85467.4904861349,330958.911088016,147.534461647468,14628.3169435662,24095.6789630326,0.18706416924311,214595.551489065,92289.5110355863,0.18706416924311,56028.3119669103,353480.549780517,0.18706416924311,22314.5316235976,22560.4483089192,147.534461647468,327351.344550421,40325.8350064337,147.534461647468,85467.4904861349,330958.911088016,147.534461647468,5
37926.7514035887,-31.1336354647073,19265.6497954877,150.315539221111,19330.3829235188,149.42917479468,7893.12163974771,72.8129441166715,4117.03609383564,-109.31572765875,4117.04140654562,-109.315633663205,2984.97143388001,-75.8421727414894,8.16978498969427,72.1111091538939,3548.38655931162,98.6212500456888,973.902254138823,-103.774671449703,0.100897705842463,124.645900631493,973.83145505695,76.2209041953624,6979.14131490365,-110.124953708979,1.20895298491426,104.369399735737,6978.14476746307,69.869424718433,0.742947583077725,1.02073758446269,1.88209939601617,1.09089106563353,0.277790001384968,0.791208330382637,569284.871179599,422948.819125597,313.339624802905,8351336.75025395,1619947.69975418,313.339624802905,2180433.36656862,6204605.45406936,313.339624802905,22841.6415839459,23315.3220555596,151.687968663331,335083.980715792,89300.6449598713,151.687968663331,87486.3885872081,342032.813067981,151.687968663331,12864.2496322867,24211.7964631281,217.784612593181,188716.908102523,92734.2558100716,217.784612593181,49271.7100947812,355183.978757798,217.784612593181,22841.6415839459,23315.3220555596,151.687968663331,335083.980715792,43084.9624893261,151.687968663331,87486.3885872081,342032.813067981,151.687968663331,5
57121.9525046441,-42.6776857264915,29846.8640970318,133.25453165181,29767.3853846855,133.691169898119,12433.9699877887,63.399278121836,6472.7258112502,-118.652422939125,6472.7110896631,-118.652240653659,2570.83739804201,-50.4904071297223,22.6565900871881,62.7417247631637,2561.87833272658,129.980882996704,1523.88813899082,-110.707017076805,0.31095134645395,-171.832805787826,1524.04132257466,69.2827331350536,10954.6384097225,-122.712972214113,1.20896421443915,104.354016808839,10953.8151121054,57.2823978915222,0.650964659346879,1.00846029168955,1.08466501305101,1.24711929883396,0.357495632342668,0.162454285782957,557186.055426059,362708.430763256,1551.69698587625,8173848.65992807,1389219.36065722,1551.69698587625,2134093.36545403,5320886.60846302,1551.69698587625,35979.1666245498,36283.5608689403,228.544624144963,527809.80434718,138970.646826836,228.544624144963,137804.778206992,532275.229248559,228.544624144963,21466.8498351516,23284.3409566087,0.0918437140061438,314915.960385545,89181.9834157036,0.0918437140061438,82220.7615647595,341578.324281557,0.0918437140061438,35979.1666245498,36283.5608689403,228.544624144963,527809.80434718,42413.8975069096,228.544624144963,137804.778206992,532275.229248559,228.544624144963,5
63873.2948928116,-48.1000680854898,32867.6692249563,130.709689669649,32947.8566891145,130.305514410308,13946.6883193466,60.2199620535354,7254.21245402533,-121.822134288832,7254.20061407622,-121.82199477627,3854.05162731897,-77.7818387057493,14.2002619799646,59.585268629104,3842.87325986138,102.371785754626,1697.99604732733,-111.1829781546,0.261178787961656,-176.651284665672,1698.09984287997,68.8090304435001,12257.3966951006,-127.269417752055,1.20914271913635,104.329307870787,12256.6454300762,52.7261526211233,0.627426595840938,1.00507722540513,1.76181570377656,1.34678295535791,0.377650629564188,0.415032748418649,554366.770370508,347824.455580903,836.722506147797,8132490.10626568,1332211.84516232,836.722506147797,2123295.14558872,5102540.58308438,836.722506147797,40358.1827670818,40563.0903579316,252.78430019634,592049.414940214,155361.788350896,252.78430019634,154576.9662508,595055.383270838,252.78430019634,13559.963750938,23890.1570790434,0.337533444934947,198922.94585428,91502.3361147395,0.337533444934947,51936.3835380731,350465.569847564,0.337533444934947,40358.1827670818,40563.0903579316,252.78430019634,592049.414940214,42462.1046998604,252.78430019634,154576.9662508,595055.383270838,252.78430019634,5
6087003030.08774,25.3663699054531,3199142463.18455,-154.633587184068,3191363687.14522,-154.633589588862,500250216.838852,-154.632604747865,257179803.778143,25.3674117829276,257180066.81423,25.3674117820255,145809547.081285,25.3655643611065,592786.700860501,25.3673996041293,146362389.833121,-154.63442870677,68029148.0812291,25.3672311334178,3270.9194079655,-154.633446545661,68026023.028345,-154.632768833636,440510263771.372,-154.633698028763,4247.96383759214,25.3823120268458,440510266484.604,25.3663019710825,1.00155098978101,0.99999956612009,0.203102703491546,0.20706420880863,0.00155142366091932,0.00396150531708345,17661513290.0277,17688906116.6576,101167704.42714,259092156618.323,67750757252.5885,101167704.42714,67645839247.1883,259494005905.578,101167704.42714,1419192816.872,1419192201.11275,4703217.37664313,20819378359.1703,5435686394.52559,4703217.37664313,5435688752.96174,20819369326.0602,4703217.37664313,666363377.737017,135340203.526147,13314.6495805199,9775466110.64401,518370170.271923,13314.6495805199,2552256377.4908,1985423594.96179,13314.6495805199,1419192816.872,1419192201.11275,4703217.37664313,20819378359.1703,245842861.660001,4703217.37664313,5435688752.96174,20819369326.0602,4703217.37664313,5
87625.4172400804,-63.8989788909932,46821.2693745189,110.478267999358,46035.4102718773,112.49720753984,19180.1388287431,47.7689642900707,9940.26310070707,-134.360611427775,9940.26147650008,-134.360559701039,4113.83819410389,-74.3385410654671,7.19556763082426,47.1495364338311,4110.80010112383,105.730654063584,2350.58852202217,-117.645157331787,0.112491776872002,151.37994448807,2350.58786153219,62.3520927772716,16616.8032302003,-146.190790251567,1.20958346875934,104.287889864762,16616.3991385648,33.8052786777577,0.64164599971477,0.998039531182746,1.64300831999761,2.01936378044755,0.356393531467976,0.376355460449942,503185.077928205,322866.692368797,2986.99134624508,7381661.1791805,1236620.44195177,2986.99134624508,1927262.76249129,4736413.36687098,2986.99134624508,55344.6131059276,55236.1117177305,336.839606912271,811898.444450852,211561.323910284,336.839606912271,211976.898008809,810306.742867729,336.839606912271,14365.0117305996,23601.8337902383,0.457878215760343,210732.897459588,90398.0212961026,0.457878215760343,55019.8195565036,346235.903823306,0.457878215760343,55344.6131059276,55236.1117177305,336.839606912271,811898.444450852,43505.6687137438,336.839606912271,211976.898008809,810306.742867729,336.839606912271,5
22537.8414456558,-20.7917285444996,11716.1500448151,154.643387414863,11786.2450076899,153.39477361584,4531.12325659121,80.0632638778575,2365.79135112362,-102.157358465199,2365.79476035185,-102.157141702465,2717.79673622055,-80.1666944954256,2.7169934998943,79.3356859890577,2714.98689958785,99.8554751499817,598.259435336258,-96.3486835483325,0.116288520578222,146.475483087829,598.207687382787,83.6413981785361,4011.14100674006,-101.429194036455,1.2086561691027,104.358257256278,4010.05281503573,78.5632932226486,0.837874050650447,1.04514197733119,1.57648568083698,1.03300347624749,0.207267926680745,0.543482204589487,553768.539134379,463988.289007303,768.547905552726,8123714.13001835,1777134.08219035,768.547905552726,2121003.84396766,6806649.26444475,768.547905552726,13097.9435238626,13689.210593502,90.0632523695129,192145.167808394,52431.4153618879,90.0632523695129,50166.7873830629,200818.980617899,90.0632523695129,15392.986131819,24266.8222221348,0.0943307199229503,225813.151353277,92945.0114563799,0.0943307199229503,58957.0920853745,355991.199653113,0.0943307199229503,13097.9435238626,13689.210593502,90.0632523695129,192145.167808394,47173.6942926006,90.0632523695129,50166.7873830629,200818.980617899,90.0632523695129,5
2.10976755326823e+16,12.6364862979307,1.07554839317666e+16,-167.363513702065,1.07283783798188e+16,-167.363513702066,811711015186650.0,-167.363513701751,412617010342030.0,12.6364862982577,412617404690132.0,12.6364862982577,499022783945096.0,12.6364862976724,737129859158.865,12.6364862982498,553416143120688.0,-167.363513702271,116372064465808.0,12.6364862982167,5503669412.94511,-167.363513700429,116366714606829.0,-167.363513701783,2.71080167285942e+21,-167.363513702081,133170049134483.0,12.6364862965524,2.71080156762213e+21,12.6364862979188,1.00165548458456,0.999999373378185,0.211353744625789,0.207079237790175,0.00165611120637121,0.00427450683561331,5.9160380734077e+16,5.92583198323988e+16,128728926301037.0,8.67875270881113e+17,2.26966891886003e+17,128728926301037.0,2.26591772699312e+17,8.69312025013374e+17,128728926301037.0,2273903153725240.0,2273901728847920.0,4507799948503.16,3.33578704364216e+16,8709332450034310.0,4507799948503.16,8709337907495440.0,3.33578495336522e+16,4507799948503.16,2538899480120850.0,536605912352009.0,17885409772144.4,3.72453328850973e+16,2055268803412820.0,17885409772144.4,9724307497138370.0,7871940575099340.0,17885409772144.4,2273903153725240.0,2273901728847920.0,4507799948503.16,3.33578704364216e+16,420558123801771.0,4507799948503.16,8709337907495440.0,3.33578495336522e+16,4507799948503.16,5
57487144.7357516,37.4739628097091,29072980.5792784,-142.52551854921,28759091.0070579,-142.526556065325,7230153.51900047,-142.430576120391,3755664.49844791,37.5699383099871,3755668.39939279,37.5699382042566,1924787.67646479,37.4477117394337,10591.0368267538,37.5695479940377,2017182.2249452,-142.546707786401,976983.249358419,37.5627358730807,52.7720458786089,-142.521138966054,976930.847857591,-142.437259593571,442203651.670518,-142.54069548655,18.9489180437047,40.8220680854772,442203633.978028,37.4593043694348,1.00319904842365,1.00000437464716,0.20212692844729,0.206752031621373,0.00319467377649629,0.00462510317408224,159111466.864303,159620472.15156,114972.469048557,2334145008.7323,611366683.160809,114972.469048557,609417128.257311,2341612051.64306,114972.469048557,20749440.2690879,20749531.0405678,93726.0128847935,304391653.17598,79473339.4684433,93726.0128847935,79472991.8021458,304392984.78206,93726.0128847935,9229678.82741105,1865566.63193958,27267.9036574141,135398216.054263,7145357.16259147,27267.9036574141,35350842.2528412,27367625.5282908,27267.9036574141,20749440.2690879,20749531.0405678,93726.0128847935,304391653.17598,3535041.23615795,93726.0128847935,79472991.8021458,304392984.78206,93726.0128847935,5
10179.6944543498,-13.7399096830079,5281.36177120495,161.719177983988,5271.52194682791,162.175638162383,1984.07808745913,85.7670656526961,1036.40819491642,-96.5327463919778,1036.41422289996,-96.5323459853646,2514.4321812856,-85.0452162696542,2.15928679204074,-94.9379407357835,2517.43014824159,94.9428895938552,252.904076569408,-80.3907462435299,0.114789372552796,133.247741425226,252.808957043992,99.5948165912825,1756.21097269531,-95.0977724505851,1.2090682925065,104.281922065212,1755.07047739452,84.8891299892477,0.922273870985261,1.08557671197053,1.60263670164751,1.01120986527058,0.163302840985268,0.591426836376934,541943.476128825,499820.307584539,291.476796398904,7950241.95773363,1914375.26468554,291.476796398904,2075712.35064963,7332300.42562843,291.476796398904,5830.44160242077,6329.39162409213,40.5876749287588,85531.8377311045,24242.3738727751,40.5876749287588,22331.3319136798,92851.3711729292,40.5876749287588,15299.4112814024,24519.3980331755,0.294611629522579,224440.420183442,93912.4088945732,0.294611629522579,58598.6885225024,359696.454719174,0.294611629522579,5830.44160242077,6329.39162409213,40.5876749287588,85531.8377311045,48204.0590015002,40.5876749287588,22331.3319136798,92851.3711729292,40.5876749287588,5
27797.3187397582,-25.6687065522014,14208.38074154,154.161581678437,14240.1407557642,153.604318851112,5636.05451313483,77.4605295039364,2941.91391614397,-104.722314126299,2941.9192744209,-104.722172184376,2474.58051231288,-75.1244542343036,1.77345906981369,76.8546372147049,2554.57175198965,103.923893932096,711.482173980531,-85.6588726462652,0.108391110170908,129.662767562874,711.394052870924,94.3360720683668,4985.38875917965,-104.34089370862,1.20918708054078,104.256297371594,4984.32713447815,75.6524531526494,0.804366608320597,1.02081737221618,1.46253904748434,1.06451942872274,0.216450763895586,0.398019618761596,561581.486727039,451717.395774267,230.971094371606,8238329.07881049,1730135.00247219,230.971094371606,2150928.42563973,6626636.81935174,230.971094371606,16475.7064074727,16818.6873202816,110.857155553756,241696.520271154,64417.7087282146,110.857155553756,63104.0482670905,246728.006696995,110.857155553756,16517.5239708953,24157.5237751928,30.6697436546586,242309.978614941,92526.3845216214,30.6697436546586,63264.2148466209,354387.805319446,30.6697436546586,16475.7064074727,16818.6873202816,110.857155553756,241696.520271154,47004.0616102678,110.857155553756,63104.0482670905,246728.006696995,110.857155553756,5
204648417.570089,33.2119246026416,106643133.970262,-146.787110979765,105855044.407308,-146.787314678083,22508469.5735445,-146.75983211387,11649125.7833598,33.2404329758429,11649134.5392653,33.2404329367659,5083040.7517415,33.1915623231018,8266.06559646591,-146.75974999334,3588871.48598462,-146.828708455657,3233286.64526081,33.2394725497032,90.5253212189371,-146.820357426284,3233198.04715214,-146.760525774672,2860321393.65378,-146.791288792669,105.349316293012,-147.413078232332,2860321512.23385,33.20871118443,1.00373307412329,1.00000041758932,0.183200192808724,0.207002356206694,0.00373265653396659,0.0238021633979702,586083797.014775,588271691.271489,2616583.68199659,8597774858.47454,2253155299.20599,2616583.68199659,2244775386.2988,8629870989.31657,2616583.68199659,64333031.1342716,64333057.9990584,263263.13829949,943757395.227488,246403783.652082,263263.13829949,246403680.756536,943757789.330498,263263.13829949,15885368.4121094,2910202.55593605,495301.321418368,233036336.86327,11146445.4400271,495301.321418368,60842978.7607532,42692301.8447898,495301.321418368,64333031.1342716,64333057.9990584,263263.13829949,943757395.227488,11691076.4309043,263263.13829949,246403680.756536,943757789.330498,263263.13829949,5
44994.806837095,-35.9461287917528,22864.4801702497,145.272071629271,22775.8597727819,146.237627086187,9504.71776763714,69.3948922705182,4954.71758912364,-112.69967191208,4954.72321964397,-112.699580875277,3343.39019108658,-77.3230958505901,9.45929533980048,-111.274495915083,3877.4783634933,97.5133508013942,1326.83818645309,-104.51915737431,0.113788893446646,123.988158479248,1326.76459992503,75.4771526988162,8404.77111443222,-114.495850670214,1.20795919056785,104.337632263518,8403.83026898247,65.498985093281,0.702048688256758,1.0158748407375,2.02533929478251,1.14177054168361,0.313826152480743,0.883568753098899,571950.217168922,401536.899711609,493.729814925068,8390437.03736795,1537937.32867969,493.729814925068,2190641.9802571,5890495.31598508,493.729814925068,27560.5466267254,27998.0659150631,179.939645818197,404309.718303134,107236.148738848,179.939645818197,105560.394291286,410728.07068982,179.939645818197,11938.8511902091,24180.2244500915,205.138702936814,175141.430500358,92613.3309898983,205.138702936814,45727.3165185114,354720.821336794,205.138702936814,27560.5466267254,27998.0659150631,179.939645818197,404309.718303134,48886.2300407928,179.939645818197,105560.394291286,410728.07068982,179.939645818197,5
47700.0676965272,-37.6237168075057,24369.0208810756,142.379354698084,24663.4837712373,140.007755022873,10146.473947603,67.996678533463,5287.82485961338,-114.084086666223,5287.81601866659,-114.083914030662,4517.80543244684,-86.689798193307,0.209796112922598,-112.96911273611,4516.68620596384,93.3170884025338,1387.89823453466,-99.8717839663786,0.221159206629907,-174.691354826181,1387.95446130477,80.1194208898952,8965.74901808992,-116.29063497132,1.20844523770123,104.276377132614,8964.83097890443,63.7043422280477,0.694695398544615,1.00987687829104,2.48007154199907,1.18698487596143,0.315181479746423,1.29308666603764,564270.65115485,391996.224891048,556.676231812884,8277778.77939171,1501395.3322707,556.676231812884,2161228.26697301,5750534.82821369,556.676231812884,29500.9009843859,29792.2777928847,190.84364752231,432774.470268295,114108.208129763,190.84364752231,112992.197942845,437048.931038604,190.84364752231,9812.82350308748,24336.5043166669,0.484586657919148,143952.874376028,93211.9027293824,0.484586657919148,37584.3604310901,357013.427128955,0.484586657919148,29500.9009843859,29792.2777928847,190.84364752231,432774.470268295,48974.5745718358,190.84364752231,112992.197942845,437048.931038604,190.84364752231,5
325859331.201719,31.8616006401412,172155882.103684,-148.137549404742,174270567.941513,-148.137340624,34316917.4074021,-148.120394820134,17740180.797436,31.8797944823619,17740217.1026915,31.8797944711159,11491178.9818078,31.8577986864727,31573.4085609981,31.8796561910554,11515306.6146663,-148.142155515914,5051002.49429158,31.8780019857391,458.986885279827,-148.125470961107,5050534.0262707,-148.121997701748,5706957352.07037,-148.140244989774,178.443954332422,32.229655277631,5706957088.39027,31.8597549986599,0.99137777292366,1.00000078760438,0.20394723080504,0.206987994552673,0.00862301468071836,0.00304076374763371,963868326.073534,955557634.494437,6855703.3905051,14139825913.9828,3659907114.01452,6855703.3905051,3691738118.37755,14017909124.1326,6855703.3905051,97958456.1625315,97958533.3150404,387826.300321179,1437038109.32681,375193625.183926,387826.300321179,375193329.680017,1437039241.14432,387826.300321179,52458046.2094364,10698673.2578574,2481.92465012071,769552874.727941,40977277.5115398,2481.92465012071,200920980.146631,156948177.758821,2481.92465012071,97958456.1625315,97958533.3150404,387826.300321179,1437038109.32681,18255880.3962991,387826.300321179,375193329.680017,1437039241.14432,387826.300321179,5
4227640.16733931,49.6578273081977,2153610.32375017,-130.324141178696,2156166.64394563,-130.322930485623,777437.09532555,-129.300382731355,408574.178170171,50.6907880728774,408575.1154452,50.6907870869639,160578.116037904,49.531516063346,167.595470905624,-129.304318788668,115399.332653885,-130.92446634093,106429.944416084,50.6197189257927,10.9329897376811,-129.75520766918,106419.045346628,-129.380242532163,11079629.4688675,-130.650484918901,1.06094358858221,118.110387736018,11079629.1103518,49.3495099673273,0.959125449209084,1.00001363185906,0.159170458063461,0.207725195582912,0.0408881826499745,0.0485547375194504,12404759.0172087,11897720.0647108,27379.3409892052,181976239.143332,45569779.0834214,27379.3409892052,47511802.6750299,174538042.113728,27379.3409892052,2259947.51370114,2259978.32098713,13237.0270916569,33153142.9698983,8656004.02939121,13237.0270916569,8655886.03357277,33153594.9088706,13237.0270916569,534302.313789845,85045.1440302969,15008.0583290925,7838147.076793,325733.70397857,15008.0583290925,2046445.72831913,1247601.46058192,15008.0583290925,2259947.51370114,2259978.32098713,13237.0270916569,33153142.9698983,396240.162804798,13237.0270916569,8655886.03357277,33153594.9088706,13237.0270916569,5
115504.999276824,-85.6474606963076,63447.672741848,88.0243374899772,63244.5948295079,88.3855769461471,22794.1777984863,26.7461562809117,12050.3499829455,-157.925721478005,12050.3440468675,-157.925663294803,4853.23272426274,-80.0797119938401,3.81069698130432,-154.852208215006,4851.87506375526,99.9792650405286,2504.61626253675,-150.83283591416,0.168916071925083,141.241392899857,2504.68045579667,29.1635821539576,19951.4240414917,-174.098020691459,1.21029712858972,104.393793615083,19951.6028331329,5.89854175579308,1.0753745459567,0.997142672167356,1.97349558657842,4.35315972921041,0.0782318737893412,2.37966414263199,382066.713802678,410864.818880722,5717.62582283396,5604870.16178309,1573664.44391963,5717.62582283396,1463364.04356645,6027334.70537373,5717.62582283396,67159.5112388569,66967.6144981673,772.984265626099,985221.499345298,256494.469682196,772.984265626099,257229.458573554,982406.398533899,772.984265626099,12065.8931688045,23811.9869167624,2.99562144502247,177005.120189616,91202.9344641133,2.99562144502247,46213.9034332668,349318.82349599,2.99562144502247,67159.5112388569,66967.6144981673,772.984265626099,985221.499345298,39715.8681182907,772.984265626099,257229.458573554,982406.398533899,772.984265626099,6
34732.5523893673,-26.8551436019292,18630.3156003173,145.38628105479,18565.2377156509,146.016182757071,7217.69930384973,74.5533626845695,3875.84491955671,-108.980095983127,3875.85160910265,-108.980029166576,3751.58923309068,-83.4521651498236,6.29684925096056,-106.648158416731,3757.08891552825,96.5118995971393,776.848638500556,-100.593695132152,0.101529224476204,103.717192088548,776.7550500227,79.4032300173294,6438.79848456267,-108.567852861379,1.2104780611844,104.345457002418,6437.78227847103,71.4262933300751,0.756769062726409,1.01713700131554,2.00624443614392,1.09314550944329,0.260367938589136,0.913098926700634,560623.344896959,424262.403260216,1766.04410633275,8224273.25986536,1624978.89383982,1766.04410633275,2147258.62072838,6223875.56647417,1766.04410633275,21599.9664105905,21970.1250633845,236.204319688944,316868.76363891,84148.3696143686,236.204319688944,82730.6149570145,322298.944058245,236.204319688944,12088.5843368766,24252.6550667153,0.104763412715856,177337.996743027,92890.7494516266,0.104763412715856,46300.8134891908,355783.369282607,0.104763412715856,21599.9664105905,21970.1250633845,236.204319688944,316868.76363891,37140.3832704147,236.204319688944,82730.6149570145,322298.944058245,236.204319688944,6
43229.9992436674,-32.8520567895873,23093.526029917,140.872163159029,23037.0221197952,141.30006691721,9162.36578837155,70.3727243853052,4914.19352037376,-113.086026768484,4914.19226490257,-113.085918732114,4540.43278367307,-87.043009204208,4.15168082750472,-110.777813444871,4543.30205777526,92.9410791872427,966.643449391737,-98.7555390761663,0.113245139673133,165.28015191555,966.633281310085,81.2377647338807,8163.51099729652,-113.831477963196,1.21050154220995,104.311038726818,8162.55907764408,66.1632741706573,0.709852345335709,1.00840599856657,2.52475724964607,1.16733524733669,0.298553653230859,1.35742200230938,562269.862893258,399128.580886367,1854.98440840516,8248427.46973213,1528713.16167694,1854.98440840516,2153564.99379314,5855165.58472084,1854.98440840516,27455.1004830525,27685.888018358,294.016808062465,402762.836769108,106040.467741967,294.016808062465,105156.522167363,406148.460597655,294.016808062465,9665.78262512723,24403.754756293,0.339136025001033,141795.803373325,93469.4804552287,0.339136025001033,37021.1751915285,357999.982536191,0.339136025001033,27455.1004830525,27685.888018358,294.016808062465,402762.836769108,36919.0912882988,294.016808062465,105156.522167363,406148.460597655,294.016808062465,6
90643.9643432001,-67.0232885774595,48516.5078506518,109.319026148694,48379.2116091543,109.651393075647,19530.910911953,46.6942479961924,10365.8504767361,-136.869323812711,10365.8336083924,-136.869220106106,4093.38676294513,-72.2456258826145,3.78368870239925,45.5245768724061,4089.23767102789,107.865025208174,2125.7393222272,-126.032304415356,0.311034660145913,176.368185192756,2125.91022738568,53.9606008918847,17009.7671580952,-148.695863760094,1.21028091937083,104.34975851291,17009.4144671524,31.300236628358,0.651249695918893,0.999704788975387,1.55934640820725,1.98064244161516,0.348455093056494,0.421296033407907,493937.915507451,321676.917277039,2830.13499645011,7246006.48103264,1232063.45222639,2830.13499645011,1891844.95585519,4718959.51739883,2830.13499645011,57767.4339455841,57750.3803622197,579.541064545787,847440.91842452,221191.292178371,579.541064545787,221256.609568785,847190.744522693,579.541064545787,15058.5483571324,23481.4932935095,1.71356544194689,220906.99167855,89937.1019081111,1.71356544194689,57676.1529283991,344470.524021815,1.71356544194689,57767.4339455841,57750.3803622197,579.541064545787,847440.91842452,37209.995614104,579.541064545787,221256.609568785,847190.744522693,579.541064545787,6
120733.684191845,-98.2440906772437,64590.273067973,77.767370313728,64723.6374586092,77.2889961431079,22728.7016747316,3.48377766148431,12234.8791512692,177.205137354879,12234.8638238197,177.205185089559,5627.14586303215,-111.74401471723,6.98068136334605,1.42176093474619,5228.22743977441,83.1383580806995,2452.34302785528,-155.960587048215,0.220563667642914,143.165478601726,2452.45317253311,24.0348845021936,20297.2607995142,179.76976418708,1.21071494485396,104.280715077894,20297.5643402271,-0.233544385951921,1.5013075738328,0.991032227532398,4.31725871437811,5.25194532960812,0.510275346300406,0.934686615230004,315854.828024958,474195.245545527,4203.12682957751,4633550.2075863,1816228.02220837,4203.12682957751,1209764.11087541,6956384.02038388,4203.12682957751,68421.369929803,67807.7826523508,1039.22649545132,1003732.80606155,259712.420429972,1039.22649545132,262062.537639809,994731.558638517,1039.22649545132,5734.88557946699,24758.9847439152,484.48989747433,84130.0430117955,94830.0564287521,484.48989747433,21965.3402083438,363211.16133368,484.48989747433,68421.369929803,67807.7826523508,1039.22649545132,1003732.80606155,42795.7878026526,1039.22649545132,262062.537639809,994731.558638517,1039.22649545132,6
95959.4162696446,-69.768219848536,53396.8343663318,102.156403931378,53590.4248683889,101.790420849795,20650.077991102,42.7836450313935,10941.3111664153,-140.927931761063,10941.2946561185,-140.927805672354,5028.90831084943,-88.1520055914902,21.8389011887422,41.5192914213501,5011.55256431822,92.0878493131182,2453.53565358642,-135.226019002582,0.363498221065376,166.022918378852,2453.72535851151,44.7667230456842,17927.7625992231,-154.67776056248,1.20951886748518,104.407631280894,17927.5336734595,25.3184437834537,0.748353390596874,1.00046367133423,2.74615774341495,2.05835606602554,0.252110280737353,0.687801677389415,456366.072927834,341523.098028925,6105.14885232711,6694832.32272461,1308076.8453466,6105.14885232711,1747940.02644031,5010100.46818851,6105.14885232711,60949.2863125588,60977.5467494635,617.526306094079,894118.288492582,233551.749352711,617.526306094079,233443.508289756,894532.865512363,617.526306094079,8924.84868490189,24509.0423248501,1.80571057936564,130926.39658285,93872.745216316,1.80571057936564,34183.3040878349,359544.537793411,1.80571057936564,60949.2863125588,60977.5467494635,617.526306094079,894118.288492582,40451.9259230724,617.526306094079,233443.508289756,894532.865512363,617.526306094079,6
641101903051.681,19.2020892914957,332887297593.379,-160.797910452403,332475894422.681,-160.797910464693,38595869702.2353,-160.797900636072,20037349124.6576,19.2020997334485,20037346505.2011,19.2020997334246,16249442588.394,19.2020822471377,10609518.4164636,19.202099486079,16260507758.4509,-160.797917741131,4777208481.20876,19.2020986780329,14952.9435546274,19.2024886394948,4777222891.19734,-160.797901320747,458070504611137.0,-160.797911235958,10735125.1999369,19.2020951865968,458070493527703.0,19.2020887640421,1.00080875346674,1.00000008810235,0.206410596218371,0.207030696799621,0.00080866536439328,0.000620100581249505,1837093111865.36,1838578867288.31,8087096315.53179,26949922605477.8,7041990596020.32,8087096315.53179,7036299964031.38,26971718448813.4,8087096315.53179,110698349743.923,110698359496.707,492941974.556233,1623930729958.27,423988777658.701,492941974.556233,423988740304.297,1623930873030.38,492941974.556233,74083183779.4802,15291554133.6777,151883.880123629,1086790896078.82,58568594648.7102,151883.880123629,283748003841.566,224325156824.327,151883.880123629,110698349743.923,110698359496.707,492941974.556233,1623930729958.27,17261025169.0419,492941974.556233,423988740304.297,1623930873030.38,492941974.556233,6
79524.2126624532,-59.4232807026605,42066.3016160454,118.017735878643,42255.481859447,117.435351630412,17340.5186969464,52.6856257100378,9230.13619539317,-130.737174680027,9230.1420303795,-130.737140429299,5949.73277530356,-95.7852019793593,7.04620606060411,51.5502065782788,5925.57710869552,84.364677435785,2032.09092357052,-120.154029703826,0.0941746130945577,94.2498263394751,2032.00350271189,59.8445099030971,15226.133084774,-139.399257130665,1.2097961361665,104.331561944517,15225.5972184725,40.5966604314789,0.612625493109789,1.00129537701231,4.02626188282546,1.66344568771311,0.388669883902525,2.36281619511234,522388.29799493,320028.388653927,2106.05630222705,7663369.97838704,1225749.37820554,2106.05630222705,2000813.53451916,4694775.81189212,2106.05630222705,51475.1489410332,51541.8286656768,517.474588011748,755133.896647018,197411.750577067,517.474588011748,197156.358762095,756112.079737953,517.474588011748,6253.81885966412,25179.5124967606,7.22406064846475,91742.7283179414,96440.7311371318,7.22406064846475,23952.9205858447,369380.250052939,7.22406064846475,51475.1489410332,51541.8286656768,517.474588011748,755133.896647018,39741.8040958366,517.474588011748,197156.358762095,756112.079737953,517.474588011748,6
80034.6873534583,-59.0852344946812,43110.1219307852,115.910408530004,42779.2447118953,116.875729244721,17570.6077499176,52.0886736877778,9349.99318385523,-131.342834783434,9349.9984626844,-131.342801425579,4555.78731317896,-83.5045810921071,8.03215698943987,-129.037456748185,4559.78504193577,96.4442634332166,2049.74653297702,-117.870916031632,0.0985702565849582,90.8525564970258,2049.65625779951,62.1277809152693,15415.4404582068,-140.291657367368,1.21022244441693,104.281939932069,15414.9207023643,39.7042800666016,0.617698641855998,1.00002357522182,2.21527507633473,1.75703309320815,0.382324933365821,0.458241983126582,519238.341005592,320732.818038716,2934.70803741233,7617160.5094576,1228447.43222514,2934.70803741233,1988748.79914585,4705109.7014911,2934.70803741233,52172.3723018578,52173.6022771076,523.700008170958,765362.074789756,199831.52375605,523.700008170958,199826.812794613,765380.118370441,523.700008170958,10884.9057597058,24113.0604377287,0.775885723361363,159680.184905887,92356.0842914486,0.775885723361363,41690.5716486712,353735.533806533,0.775885723361363,52172.3723018578,52173.6022771076,523.700008170958,765362.074789756,39958.7716195454,523.700008170958,199826.812794613,765380.118370441,523.700008170958,6
90675.5873772907,-66.8784919778105,48197.6792353043,110.246491765121,48198.749834144,110.243544295643,19587.0740485959,46.4432493297829,10395.0120784967,-137.125972384415,10395.0003004987,-137.125901571831,4450.13085112489,-80.008235351651,14.8380167231706,45.3008781585462,4445.95624398415,100.06777614013,2297.01964810061,-120.256986796712,0.215835951653854,176.923554650858,2297.11590145347,59.7382392945147,17061.7871777498,-149.007393871673,1.21014882979396,104.291971908524,17061.4393419056,30.9887136218812,0.641713889127908,0.997570465353125,1.95610121445681,2.2200135696487,0.355856576225217,0.263912355191897,497367.89613508,319167.886956207,2474.98092378759,7296323.86116752,1222453.54740327,2474.98092378759,1904982.21733146,4682152.36128656,2474.98092378759,58013.5787548937,57872.6327553194,581.523621783068,851051.831512044,221659.53437231,581.523621783068,222199.375453489,848984.171601099,581.523621783068,12238.6907984725,23940.1179342533,2.53655337347874,179540.039468277,91693.6925361675,2.53655337347874,46875.7403034638,351198.489247519,2.53655337347874,58013.5787548937,57872.6327553194,581.523621783068,851051.831512044,40720.7435909103,581.523621783068,222199.375453489,848984.171601099,581.523621783068,6
38266.5028709671,-29.6592383916742,20351.3782911071,144.591262634387,20286.9201094021,145.193808892391,8006.1330993838,72.877524773364,4297.40795026737,-110.627411651118,4297.41469004962,-110.627335750041,3303.86780763965,-78.9216130946283,3.86938576108306,-108.327014033224,3303.46642358894,101.082308189505,1017.15772433575,-105.110438958241,0.106451244258969,109.671930212232,1017.06830015207,74.8861463857612,7147.30268528361,-110.680294551673,1.20913241303436,104.363545414827,7146.31269133983,69.3141389770135,0.735945973317727,1.0190312747664,1.69881954675913,1.10461817341192,0.283085301448671,0.594201373347213,563017.267718606,414350.291085856,1486.57160758402,8259391.80358542,1587014.24518621,1486.57160758402,2156427.64920878,6078466.13990213,1486.57160758402,23934.4166983739,24389.9191589341,260.175899327305,351114.852841332,93416.4883599614,260.175899327305,91671.8560785842,357797.016080319,260.175899327305,14166.2379501271,24065.8819337168,1.44335692686314,207816.911348088,92175.3846285203,1.44335692686314,54258.4907292626,353043.431145241,1.44335692686314,23934.4166983739,24389.9191589341,260.175899327305,351114.852841332,43028.4777349247,260.175899327305,91671.8560785842,357797.016080319,260.175899327305,6
49447.0570602953,-38.1673130286074,25799.4642673323,140.542448018657,25943.8197995144,139.452128483319,10553.0326999233,67.4993056408685,5654.61740312063,-115.922521212459,5654.61231871512,-115.922378360741,4785.72530570148,-88.0362658726174,9.79580021397836,66.3470715597593,4774.99912694798,92.0254626118652,1328.31441492599,-107.859743607289,0.182344263636973,174.912798257122,1328.35547780118,72.1325827471218,9402.90662385148,-117.699347470307,1.20911326770512,104.345423470375,9402.00878027483,62.2957178784863,0.678998667819561,1.01076225945266,2.70084013071611,1.19289359839158,0.331763591633099,1.50794653232453,565212.54137784,383778.562630462,943.304708550248,8291596.18932509,1469920.64201405,943.304708550248,2164835.82616494,5629982.76664948,943.304708550248,31542.7091646679,31882.1799845379,334.209085980929,462727.536924757,122112.798980919,334.209085980929,120812.582621599,467707.530733032,334.209085980929,9055.40162339241,24457.19210421,0.700915262242231,132841.591607812,93674.1522853052,0.700915262242231,34683.3384249471,358783.90164258,0.700915262242231,31542.7091646679,31882.1799845379,334.209085980929,462727.536924757,42627.2983357456,334.209085980929,120812.582621599,467707.530733032,334.209085980929,6
38700.2826430363,-31.8391008623852,20045.9657434642,148.388876997142,20127.2370014571,147.43293660136,8044.60050990754,72.689492843821,4317.95588448442,-110.809510036411,4317.96263539624,-110.809427555542,3467.30861288354,-80.4713521163606,0.0919454758632896,-108.737171670483,3464.55947945698,99.5527974511207,988.728216991654,-96.2518420694366,0.11357595706413,110.739187588173,988.629384168155,83.7451408516404,7178.89826292259,-110.836359216818,1.20965582850201,104.287278727975,7177.9090198538,69.1580854112729,0.735405886953488,1.01237453008792,1.78928518866826,1.13057624481557,0.276968643134431,0.658708943852698,568283.392829453,417918.952544681,497.281911555811,8336645.19006401,1600682.67186104,497.281911555811,2176597.57728086,6130817.95021555,497.281911555811,24163.3041025515,24462.3136361921,261.424484298884,354472.601987587,93693.768403328,261.424484298884,92548.523909616,358859.033866225,261.424484298884,13478.8486623649,24117.5042718706,1.06837160333532,197732.997808064,92373.104740663,1.06837160333532,51625.7024456872,353800.724288943,1.06837160333532,24163.3041025515,24462.3136361921,261.424484298884,354472.601987587,43240.3130295764,261.424484298884,92548.523909616,358859.033866225,261.424484298884,6
33786.0256502639,-27.2248574975229,17808.3151616521,148.698326152066,17788.6411231141,148.934363387543,6982.78235406276,74.9964519865533,3750.33835230403,-108.546636170901,3750.34506725637,-108.546540314856,2632.04389600579,-73.1923572038606,0.909291384957773,73.8384976752829,2632.83452970802,106.796466096904,866.625626400113,-97.0849468387999,0.11272453181299,113.835209806679,866.527261873781,82.9112408384897,6235.02447004794,-107.988945548901,1.20943784441644,104.314118119172,6234.00216614704,72.0051142151278,0.762343838330114,1.01836499252708,1.42601285961139,1.0942561593137,0.256021154196964,0.331756700297694,563792.137393108,429803.462040601,1009.00757980455,8270759.04328726,1646201.85278801,1009.00757980455,2159395.49848524,6305162.19496312,1009.00757980455,20955.7810966042,21340.6338598425,229.386260661573,307418.646906455,81737.3383475084,229.386260661573,80263.3033807228,313064.388059577,229.386260661573,16842.8069462426,24018.059297294,0.617350093503648,247081.838546195,91992.2178566413,0.617350093503648,64510.0899592943,352341.879143299,0.617350093503648,20955.7810966042,21340.6338598425,229.386260661573,307418.646906455,43411.1482744431,229.386260661573,80263.3033807228,313064.388059577,229.386260661573,6
45435.936988722,-35.6579923267576,24034.8670223438,140.326698739563,23806.3599368003,142.114561329082,9621.01918469928,69.3385898479709,5158.73579917191,-114.105080155812,5158.73420677285,-114.104969874442,2672.47085388653,-66.2804305368901,2.46779825721254,-111.78935558584,3235.68973667457,104.317357254258,1173.46720552095,-96.2839485652807,0.122310499126941,167.255742745517,1173.45389475243,83.710111336221,8575.83816860642,-115.144195283344,1.20957567251851,104.272065303013,8574.90376319524,64.8506729629415,0.696794799809269,1.00654408709806,1.61337971501141,1.19641355540096,0.309749287288789,0.416966159610452,565694.941100676,394173.293237362,1174.07045527327,8298672.93198521,1509733.78056596,1174.07045527327,2166683.4783773,5782472.14432523,1174.07045527327,28894.0294924101,29083.1145380223,307.640567039267,423871.742565172,111392.022786488,307.640567039267,110667.803044415,426645.596166924,307.640567039267,14875.3037337455,23999.5132986586,246.283611588276,218218.816328999,91921.1843261746,246.283611588276,56974.3027452929,352069.811699009,246.283611588276,28894.0294924101,29083.1145380223,307.640567039267,423871.742565172,43050.3393724995,307.640567039267,110667.803044415,426645.596166924,307.640567039267,6
46741.041244955,-36.9386275303972,24333.0000800749,142.229794242572,24367.6693186202,141.938210001285,9886.01467928927,68.9085387475568,5299.91780003475,-114.533583267627,5299.91701230753,-114.53345137255,4116.96010837005,-83.9209610424215,12.2316640191403,67.7307544655089,4109.03874472473,96.1386481481279,1346.62962546212,-109.131056466246,0.14835385443278,162.387571974166,1346.63122081184,70.8626391378009,8818.98197924329,-115.830791281807,1.20830401183143,104.371591463067,8818.05903643283,64.1641409703259,0.691568368878984,1.01471080413348,2.14712929738689,1.15686658901628,0.323142435254499,0.990262708370613,566891.742898344,392044.397967172,712.363905112273,8316229.86234051,1501579.84127115,712.363905112273,2171267.38127884,5751241.52112153,712.363905112273,29538.6237078705,29973.1606156096,315.341386455668,433327.857830314,114801.012316341,315.341386455668,113136.68076529,439702.459072437,315.341386455668,11276.9392333104,24213.0466126924,1.07613982628902,165431.266167996,92739.0440416955,1.07613982628902,43192.1096482458,355202.318293113,1.07613982628902,29538.6237078705,29973.1606156096,315.341386455668,433327.857830314,45662.5321211154,315.341386455668,113136.68076529,439702.459072437,315.341386455668,6
47050.6072514598,-36.018329683402,25010.0664760386,139.015883332636,24825.7100897775,140.340086799972,10024.6226820453,68.5847814914056,5373.67440564728,-114.851927335543,5373.68469212906,-114.851877670524,3959.95523912616,-82.6043230601833,1.32632433740959,-112.579839885639,4525.08855710655,93.3485968657845,1351.38435699588,-106.746494636857,0.137122790978624,89.418046655043,1351.25143806256,73.251891954634,8940.75611983028,-116.23330696831,1.20872003082952,104.334147542165,8939.83790294393,63.7616549980487,0.688707905130122,1.01261181174051,2.5296457077435,1.17420759698376,0.323903906610392,1.35543811075974,563310.885384163,387956.659809921,1535.55248256233,8263699.13744415,1485923.28490878,1535.55248256233,2157552.24216287,5691274.92157476,1535.55248256233,29988.7002492456,30366.9120911318,319.337964573779,439930.42352405,116309.130481479,319.337964573779,114860.531086994,445478.743204459,319.337964573779,9652.9587951277,24418.5657831197,212.667733739627,141607.679416101,93526.2085692556,212.667733739627,36972.0582937612,358217.258418458,212.667733739627,29988.7002492456,30366.9120911318,319.337964573779,439930.42352405,45736.7238676581,319.337964573779,114860.531086994,445478.743204459,319.337964573779,6
32862.6692739802,-26.4090693298107,17419.6410134247,148.229012447945,17392.4711383495,148.543830653962,6783.19523632636,75.4121059113679,3643.60949050474,-108.140026958613,3643.61971719604,-108.13994956601,3695.8337774585,-83.5763694541091,0.397653502662359,-105.801118221917,3695.36958808449,96.4265618005387,901.945842090523,-96.6501273805633,0.134908988519327,97.9977203495903,901.810405734712,83.3477552010318,6060.10335205181,-107.475103468782,1.20872682087017,104.31265719049,6059.07572393427,72.5188755267746,0.767906830038947,1.02046051124959,1.99027081960056,1.08958429313697,0.252553681210644,0.900686526463584,561867.779578047,431462.1055168,1221.46223573203,8242528.95857017,1652554.66798095,1221.46223573203,2152024.9636237,6329494.28407984,1221.46223573203,20371.3572221629,20788.1656057764,223.429274878821,298845.222901291,79621.3147605131,223.429274878821,78024.8857087217,304959.74894635,223.429274878821,12178.9678931537,24239.444410596,0.299623373731497,178663.91203319,92840.1509606861,0.299623373731497,46646.993990154,355589.570635339,0.299623373731497,20371.3572221629,20788.1656057764,223.429274878821,298845.222901291,46543.1479207769,223.429274878821,78024.8857087217,304959.74894635,223.429274878821,6
64334.8929636433,-48.4211762825098,34161.9334925235,127.803135682369,34116.398741437,128.001097953567,14048.6498258836,60.0894370997591,7505.01376375503,-123.280041033959,7505.01959377862,-123.279988964523,3293.76541268662,-67.345089113028,11.5006857677211,-121.006638957647,3297.84319127161,112.55870460422,1871.07193852688,-109.688921027852,0.110558308203507,105.073298983051,1870.97730083092,70.30917191403,12455.9074801759,-128.125484372858,1.20909920870121,104.277560977897,12455.1696574106,51.8701086918199,0.625116821496373,1.0030849449991,1.37876129745572,1.41904007244277,0.377968123502724,0.0402787749870497,548360.771797105,342789.542699104,1942.75436303549,8044382.87006933,1312927.48929582,1942.75436303549,2100291.40817712,5028679.05063761,1942.75436303549,41951.9807509891,42081.4003042091,430.290749273712,615430.228921632,161177.108299232,430.290749273712,160681.414971667,617328.797328636,430.290749273712,17016.8422839708,23462.163546047,1.5421807787583,249634.914844886,89863.066520086,1.5421807787583,65176.6674085744,344186.959081784,1.5421807787583,41951.9807509891,42081.4003042091,430.290749273712,615430.228921632,45667.0374185245,430.290749273712,160681.414971667,617328.797328636,430.290749273712,6
120102.207329743,-91.6738522489321,64741.8541116395,83.9322750569387,64552.346388261,84.3599350368239,22883.2407456046,17.3042991095995,12148.2531805838,-168.063179465354,12148.2455255264,-168.063141805376,4979.79874779616,-76.7763190026458,7.57162115113672,15.5893716858241,5198.87801948934,88.7285160690897,3165.94459690932,-145.138548015975,0.13027498589056,143.816083880476,3165.99255571744,34.8591864978738,20313.7192812285,-179.781951762989,1.20919319182668,104.242102003796,20314.012622658,0.214739355387754,1.21190778455007,0.991060773553337,3.51685657256083,8.24868354397457,0.220847010996734,4.73182697141373,358675.908441296,434682.125570575,4316.86188069983,5261730.01820651,1664887.75379039,4316.86188069983,1373774.28795747,6376731.56926525,4316.86188069983,67945.0714104628,67337.69503119,875.300164630042,996745.567281751,257911.925130904,875.300164630042,260238.253811812,987835.432946112,875.300164630042,7151.25138819189,25149.9254465974,436.648366732307,104907.949520531,96327.4089768916,436.648366732307,27390.2011610186,368946.211785161,436.648366732307,67945.0714104628,67337.69503119,875.300164630042,996745.567281751,51641.3625903091,875.300164630042,260238.253811812,987835.432946112,875.300164630042,6
24868.2320683707,-22.0169513675828,13049.7201498071,154.656529373351,13084.5366237798,154.032846991685,5015.13554318651,79.3286236725814,2696.24095792724,-104.307676943658,2696.25117033587,-104.307567692904,3432.35805185281,-83.9397560819976,1.94727243321872,-101.90010922778,3433.55586192847,96.0537638742781,718.946924737827,-95.6456647826291,0.14284360073954,101.593558478025,718.813099416652,84.3509381748002,4485.33328765769,-102.847584218635,1.20837859483011,104.324527957233,4484.25842601322,77.1453650737738,0.819052948414344,1.03663000676513,1.91360893540705,1.04935293502275,0.217577058350785,0.864256000384298,557927.601520819,456972.24702737,693.016433213846,8184727.04694781,1750261.75023712,693.016433213846,2136933.58118734,6703724.81976923,693.016433213846,15045.1786370904,15596.2836323496,168.320898991657,220710.859583741,59735.7473350362,168.320898991657,57624.9452024309,228795.499863432,168.320898991657,12693.5284790488,24290.4495193517,0.229369277298046,186212.45046934,93035.5070058343,0.229369277298046,48617.8263930631,356337.809102171,0.229369277298046,15045.1786370904,15596.2836323496,168.320898991657,220710.859583741,50130.9970528186,168.320898991657,57624.9452024309,228795.499863432,168.320898991657,6
59937.0500928223,-45.0860667061516,31597.8077673431,132.031837925465,31567.4810639883,132.190998674946,13037.6717950249,62.3130921253991,6971.68812847504,-121.066473378547,6971.68808575616,-121.066375866504,4092.07489717643,-81.3919154383845,4.21349722851192,61.1626183678129,3468.6627081267,106.994465170588,1897.3737374698,-115.799079228153,0.143605007107418,148.49370227097,1897.36292630203,64.1966001832391,11590.3384838883,-124.98339958838,1.20812058506816,104.352894084974,11589.5514518297,55.0120698824788,0.634554838750426,1.00934649498833,1.51497148505002,1.27832699646891,0.374791656237901,0.236644488581108,556292.58393901,352998.150899476,1480.1897046904,8160741.54670083,1352027.75538966,1480.1897046904,2130671.25617084,5178438.03625065,1480.1897046904,38880.1983644175,39243.5919435757,403.287501186374,570367.571485114,150307.941822647,403.287501186374,148916.09825661,575698.509133504,403.287501186374,15564.5257919319,23579.8127531024,275.923104380242,228329.616378351,90313.6779267837,275.923104380242,59614.1107723898,345912.858005611,275.923104380242,38880.1983644175,39243.5919435757,403.287501186374,570367.571485114,48249.8401247703,403.287501186374,148916.09825661,575698.509133504,403.287501186374,6
48084.8739022974,-35.7837134689074,25971.0613366889,136.357573206431,26052.6104798871,135.880968657688,10323.0183975461,67.9102788945544,5532.50538902411,-115.517436149,5532.50882016113,-115.51733768796,4409.21845646382,-85.8309069881541,1.20569857955395,-113.24658221673,4475.70507517197,93.7289719975289,1469.50264933949,-104.550635216082,0.122169316684022,134.738289398439,1469.43919620697,75.4452756072322,9207.74217614715,-117.102663059085,1.20830050861833,104.302861901203,9206.83587701013,62.8923636827675,0.688123158217952,1.01073427976062,2.43800471269393,1.19906272637928,0.322611121542668,1.23894198631465,555342.734949238,382144.196666665,2705.72068611017,8146807.38266968,1463660.81277731,2705.72068611017,2127033.21389122,5606006.82555599,2705.72068611017,30930.5178110688,31262.5346423936,328.043148311205,453746.767527344,119739.478613823,328.043148311205,118467.811977429,458617.412270459,328.043148311205,9973.67264750362,24315.8609174803,24.5088699710528,146312.510893728,93132.8358883957,24.5088699710528,38200.4330850889,356710.591084991,24.5088699710528,30930.5178110688,31262.5346423936,328.043148311205,453746.767527344,48822.8457047627,328.043148311205,118467.811977429,458617.412270459,328.043148311205,6
33582.5342723673,-28.7891660214935,17441.1183796874,150.77766755397,17374.2937165998,151.75241444738,6892.54187426939,75.116679122622,3702.21168745979,-108.429514760641,3702.21156779533,-108.429336422196,2984.38490118702,-77.7241495085875,2.53005576356926,73.990553391665,2980.90997193463,102.311809133573,967.19756900771,-93.6320513406875,0.139349394073164,164.504430179265,967.167864748288,86.3598837077624,6159.44943059532,-107.799413859372,1.20827317307558,104.280882964826,6158.42563650235,72.1946157838405,0.763228426778108,1.01813074778232,1.58786485818456,1.09850691407617,0.254902321004217,0.489357944108389,567202.086724246,432904.756315806,412.622166403442,8320782.56684696,1658080.2037851,412.622166403442,2172456.03755158,6350657.78805731,412.622166403442,20756.0295915754,21132.3519290628,226.963797603223,304488.317699904,80939.5920968758,226.963797603223,79498.2297442416,310008.918590785,226.963797603223,15164.3861870589,24078.9959223702,0.472328769698523,222459.619200165,92225.6128707875,0.472328769698523,58081.5252604248,353235.811693062,0.472328769698523,20756.0295915754,21132.3519290628,226.963797603223,304488.317699904,49663.0536508471,226.963797603223,79498.2297442416,310008.918590785,226.963797603223,6
114897.843368864,-85.0569004166299,63141.4876834357,88.60269601971,62936.8447336641,88.964261763649,22759.7033610097,27.57420441837,12030.3777355357,-157.037612542797,12030.3719329016,-157.037554476946,4824.57064924549,-79.4751658107917,3.80481560752216,-154.003471623811,4823.19385065075,100.584001154536,2500.8907216508,-150.032963768295,0.167657574142422,141.732318245715,2500.95360218537,29.9634679643504,19898.2751180722,-173.376066912778,1.210290787733,104.39377367178,19898.4388116629,6.6204801574555,1.05599350254253,0.997304166951614,1.93291872682718,4.12655451946326,0.0586893355909126,2.19363579263608,385648.460340786,407242.2683854,5706.01692387137,5657413.92854756,1559789.61539008,5706.01692387137,1477082.58775699,5974192.34973981,5706.01692387137,67042.6915924442,66861.9556887965,764.392514140575,983507.76997073,256089.783021638,764.392514140575,256782.024489488,980856.397221098,764.392514140575,12297.6069133669,23770.2746980063,2.99100027788255,180404.331390317,91043.1713680367,2.99100027788255,47101.396506971,348706.910545081,2.99100027788255,67042.6915924442,66861.9556887965,764.392514140575,983507.76997073,39589.1054485956,764.392514140575,256782.024489488,980856.397221098,764.392514140575,6
1612496.26018671,55.1942448305709,921742.259765577,-124.503582784134,918134.077652372,-124.511474626729,367982.482701608,-122.47325145684,202026.519143191,57.4655029410912,202026.618785305,57.4655003150975,41978.6245219396,53.7240052877282,51.1512540938488,57.5057862857827,37265.8317616434,-126.754939262007,49985.0235025077,57.4653538048652,1.20739476479298,-127.857917139978,49983.9907439056,-122.534517659966,3306316.00328627,-125.614015653622,1.20778950317878,104.298624195078,3306315.30618102,54.3859683335857,0.927801666024745,0.999926601068064,0.166198807771802,0.218612923268481,0.0721249350433193,0.0524141154966791,5640317.8105911,5233096.26157547,75842.4441335037,82742745.8542824,20043423.3840809,75842.4441335037,21603133.6416531,76768857.4550652,75842.4441335037,1122773.75928398,1122691.34888925,12023.3464299035,16470948.4351832,4300050.4692909,12023.3464299035,4300366.11157042,16469739.4851601,12023.3464299035,192180.090128229,31940.1018567891,1591.8423287696,2819257.51167321,122334.647108815,1591.8423287696,736074.155699034,468557.237241784,1591.8423287696,1122773.75928398,1122691.34888925,12023.3464299035,16470948.4351832,201257.910067546,12023.3464299035,4300366.11157042,16469739.4851601,12023.3464299035,6
34624.2787167713,-26.7874604256367,18571.3522704512,145.455401898126,18506.5548168997,146.085213923253,7193.14515257565,74.6060905756851,3862.71275076837,-108.928383604838,3862.71943771209,-108.92831653455,3738.74064150065,-83.3910445229121,6.27545473151569,-106.595789459171,3744.22127963919,96.573006432615,774.194893943962,-100.539177125207,0.101501252029065,103.793228329816,774.101350280704,79.4577357392174,6416.95444307986,-108.50276259626,1.21047758107278,104.345485599639,6415.93749132948,71.4913739752326,0.757405467369366,1.01722101964792,1.9989512765829,1.0925690981343,0.259815552278552,0.906382178448599,560602.786563322,424603.615565561,1760.00709215556,8223971.6717222,1626285.78030971,1760.00709215556,2147179.87969925,6228881.10765318,1760.00709215556,21526.7309313983,21897.4431877234,235.4595644153,315794.408461452,83869.988798613,235.4595644153,82450.1137694167,321232.710174269,235.4595644153,12131.9088320841,24251.0946472819,0.104407477481047,177973.56158469,92884.7728469937,0.104407477481047,46466.7518088661,355760.478127721,0.104407477481047,21526.7309313983,21897.4431877234,235.4595644153,315794.408461452,37145.6510613422,235.4595644153,82450.1137694167,321232.710174269,235.4595644153,6
90029.9147488122,-66.588019382654,48181.7419037558,109.74619375795,48045.6155491007,110.079246611308,19421.3473963909,47.034839642399,10309.3184340217,-136.518132828715,10309.3016808635,-136.518029038059,4065.22805507682,-71.8210501566707,3.7626712318606,45.868630575805,4061.11307416219,108.289830170788,2113.08923562893,-125.703017152779,0.309279885986657,176.658038001713,2113.25899736612,54.289882884451,16920.9099648501,-148.171026442983,1.21027788703532,104.349604839239,16920.5466811164,31.8250645889687,0.648018232231121,0.999782083954702,1.5428538615992,1.95980897880857,0.351763851723581,0.416955117209369,495637.70770078,321182.271171345,2810.83027442383,7270942.21660302,1230168.89481216,2810.83027442383,1898355.37586142,4711703.12185771,2810.83027442383,57452.9116592021,57440.3917479025,576.17834174879,842826.916433579,220003.996411117,576.17834174879,220051.94926166,842643.250925079,576.17834174879,15208.4464216797,23464.4102906131,1.70404647649437,223105.977245569,89871.6718371532,1.70404647649437,58250.281555506,344219.918539189,1.70404647649437,57452.9116592021,57440.3917479025,576.17834174879,842826.916433579,37174.6488848901,576.17834174879,220051.94926166,842643.250925079,576.17834174879,6
43065.953606103,-32.7439132517631,23004.3135062245,140.981533016233,22948.1336499336,141.409377874631,9124.10987856798,70.4528500510939,4893.80181631049,-113.00715408405,4893.8005858255,-113.007045738475,4521.1691799212,-86.9493332850492,4.13437855528523,-110.698139601651,4524.02618870269,93.0347450592828,962.554275316127,-98.6691621701753,0.113056820654592,165.215504837931,962.543823781016,81.3241262790755,8129.63427773907,-113.726865252407,1.21050167377886,104.311027064303,8128.68099403034,66.2678772716187,0.710704102957409,1.00847549346648,2.50949727165123,1.16596929883979,0.297771390509067,1.34352797281145,562306.749656295,399633.714101374,1847.13189858476,8248968.59386057,1530647.8860519,1847.13189858476,2153706.27478089,5862575.82482351,1847.13189858476,27341.4657698822,27573.1981843787,292.903584018063,401095.829960659,105608.851364085,292.903584018063,104721.286782162,404495.315046921,292.903584018063,9722.39305794486,24398.3188528335,0.337722806254877,142626.271232164,93448.6602545164,0.337722806254877,37238.0003398162,357920.238522904,0.337722806254877,27341.4657698822,27573.1981843787,292.903584018063,401095.829960659,36924.6233034071,292.903584018063,104721.286782162,404495.315046921,292.903584018063,6
95298.8950695384,-69.2840614422714,53023.6748255308,102.62001812122,53216.0108175805,102.253144225209,20544.8861344098,43.1939222215895,10887.3598548853,-140.500569257763,10887.3434538201,-140.500443350565,4994.62282970671,-87.7111364711583,21.7289638908675,41.9352734336059,4977.36363078832,92.5292367813081,2440.80421580317,-134.822870826956,0.361171928470478,166.446845014164,2440.9928201404,45.1698816532977,17841.5423295257,-154.067328065066,1.20951054135761,104.407349655908,17841.300759433,25.9288660172703,0.741500757304679,1.00056446482313,2.6861059092725,2.03095710950586,0.25906370751845,0.655148799766643,458593.453643835,340047.393171872,6070.53443145965,6727507.71490886,1302424.70830165,6070.53443145965,1756471.1775021,4988452.06537799,6070.53443145965,60648.2723065813,60682.5061228819,613.644647585523,889702.451259366,232421.706277161,613.644647585523,232290.586412388,890204.656996153,613.644647585523,9111.13229791241,24473.4663055861,1.79662055928011,133659.153524171,93736.4845437072,1.79662055928011,34896.793987209,359022.642109635,1.79662055928011,60648.2723065813,60682.5061228819,613.644647585523,889702.451259366,40396.3545341704,613.644647585523,232290.586412388,890204.656996153,613.644647585523,6
121041.6197773,-97.5703712504507,64799.0949333824,78.4618345288716,64943.1363272367,77.987447892462,22745.8867238155,5.27890429389115,12216.1398387849,179.100440042351,12216.1248025369,179.10048846989,5663.68232904531,-110.934622379383,6.98102041189811,3.25378583598099,5237.78628199349,83.8022528918601,2465.99633955922,-154.541172135013,0.218563265982524,144.197205789862,2466.1042245362,25.4543489241722,20307.255876128,179.331744455109,1.21071391713069,104.280724989928,20307.5683682614,-0.671555845191522,1.46981454936185,0.991222911885949,4.11541943507607,5.77249807427861,0.478591637475903,1.65707863920254,319896.301220683,470188.237821202,4225.19503774245,4692838.10602403,1800880.6736584,4225.19503774245,1225243.46655861,6897601.72603384,4225.19503774245,68300.3721588974,67700.8937742363,1017.44436243642,1001957.78413137,259303.022449884,1017.44436243642,261599.100808234,993163.512373487,1017.44436243642,6002.72808263826,24703.7438147664,484.511266755631,88059.2585122519,94618.4766534688,484.511266755631,22991.2110165558,362400.783919709,484.511266755631,68300.3721588974,67700.8937742363,1017.44436243642,1001957.78413137,42625.6968140928,1017.44436243642,261599.100808234,993163.512373487,1017.44436243642,6
601016726049.434,19.2663391198904,312103011862.073,-160.733660606081,311715944243.922,-160.733660619231,36311703585.5107,-160.733650139803,18853282580.1175,19.2663502531919,18853280108.0856,19.2663502531664,15195600912.4615,19.2663315628719,9981938.93359985,19.2663499901144,15206011550.0964,-160.733668424512,4493857842.25322,19.2663491301657,14159.4397155458,19.2667610297584,4493871490.8551,-160.733650868537,415865617406630.0,-160.73366144467,9746031.49502691,19.2663456435588,415865607344382.0,19.2663385553294,1.0008115548116,1.00000008851229,0.20640677708162,0.207030665289394,0.000811466299313279,0.00062388820777437,1722404075565.1,1723801900880.14,7600743346.25214,25267449010630.7,6602380235830.48,7600743346.25214,6597026387323.58,25287954930452.2,7600743346.25214,104157995479.352,104158004698.614,464953032.913595,1527984563645.77,398938388033.188,464953032.913595,398938352722.242,1527984698891.18,464953032.913595,69278823784.8205,14299618737.4303,142899.567112078,1016311545201.79,54769356086.5177,142899.567112078,265346694817.39,209773590555.942,142899.567112078,104157995479.352,104158004698.614,464953032.913595,1527984563645.77,16237220039.6781,464953032.913595,398938352722.242,1527984698891.18,464953032.913595,6
79024.2205140788,-59.0679628880072,41797.347539734,118.369640385498,41984.6949736432,117.786534254855,17237.3953700346,52.9397196815291,9176.39613095888,-130.479134583877,9176.40198009461,-130.479100055903,5909.97165366932,-95.4912470760538,7.00460472281558,51.805569435913,5885.96905841161,84.6589076128621,2019.482548762,-119.90092376244,0.0944181653970503,94.488617122818,2019.39497097409,60.0976031258266,15140.7125584653,-139.006115453335,1.20979545944334,104.331490185996,15140.1692624731,40.989793078894,0.612085857765098,1.00137287528067,3.98556310940809,1.65208785292965,0.389287017515569,2.33347525647844,523475.107882244,320411.71042678,2091.53329107987,7679313.34138851,1227217.54928468,2091.53329107987,2004976.15443299,4700399.09361075,2091.53329107987,51176.0736771391,51246.332043652,514.692420188545,750746.50051391,196279.96098105,514.692420188545,196010.862513163,751777.181826512,514.692420188545,6309.38750296135,25146.4620747632,7.18140613264671,92557.9132568427,96314.1438228526,7.18140613264671,24165.7555479423,368895.404560266,7.18140613264671,51176.0736771391,51246.332043652,514.692420188545,750746.50051391,39724.6526419722,514.692420188545,196010.862513163,751777.181826512,514.692420188545,6
79529.0789564588,-58.7206693841505,42830.4073148242,116.268317862283,42502.6825918558,117.234939428259,17466.2538016038,52.3501158773242,9295.66110639022,-131.076953972864,9295.66639970999,-131.076920324872,4525.03004728403,-83.179378540268,7.98479554115445,-128.774631403189,4528.99979901697,96.7693672710666,2036.82249454446,-117.609607227508,0.0987838688293585,91.1503519152599,2036.73208488482,62.3890768828911,15329.2332048662,-139.886482432115,1.21022414984721,104.282105306234,15328.7057361849,40.109445977488,0.616829745345409,1.00009511408656,2.18521697132794,1.74353054201594,0.383265368741155,0.441686429312001,520385.122587901,320989.022647435,2915.1993576891,7633983.64960712,1229428.72841937,2915.1993576891,1993141.11826906,4708868.19055818,2915.1993576891,51870.1203624712,51875.0539415894,520.867129424648,760928.07723067,198688.045709728,520.867129424648,198669.149475047,761000.452209677,520.867129424648,11025.6749206417,24093.491956931,0.771311100893066,161745.250616468,92281.1345244258,0.771311100893066,42229.7354154025,353448.466678797,0.771311100893066,51870.1203624712,51875.0539415894,520.867129424648,760928.07723067,39938.7580687425,520.867129424648,198669.149475047,761000.452209677,520.867129424648,6
90060.3137729221,-66.4402202297984,47865.0554737735,110.678245924005,47866.1162302179,110.675292628086,19477.4948895396,46.7869996002446,10338.4839020004,-136.771328962124,10338.4722196146,-136.771257933817,4419.22287054727,-79.5977452489962,14.7558001952666,45.6481418370435,4415.07787881836,100.478433198722,2282.74770379989,-119.926035900633,0.214736147664579,177.117357758458,2282.84301006314,60.0691789180169,16972.8229309815,-148.478394724448,1.21014623100498,104.291843103436,16972.4644071101,31.5177033801673,0.638686870228137,0.997641821265826,1.92844610019184,2.19290553727725,0.35895495103769,0.264459437085411,499057.764638949,318741.6417603,2457.55194264604,7321114.017474,1220820.97416174,2457.55194264604,1911454.62834655,4675899.39840381,2457.55194264604,57699.2524431943,57563.187293105,578.136208365345,846440.704444803,220474.3189466,578.136208365345,220995.465754291,844444.645975843,578.136208365345,12401.9245371612,23916.4430085621,2.52249791838907,181934.657681068,91603.0145636064,2.52249791838907,47500.9462564154,350851.181094792,2.52249791838907,57699.2524431943,57563.187293105,578.136208365345,846440.704444803,40679.7098247128,578.136208365345,220995.465754291,844444.645975843,578.136208365345,6
38136.0981113056,-29.5758016526276,20281.0962229203,144.675864915082,20216.9577552124,145.278311663864,7976.2382131133,72.9410908673135,4281.43942602525,-110.564987273866,4281.44616701093,-110.564911103172,3291.45401671202,-78.8448526546426,3.85495980636841,-108.263858250052,3291.05418169381,101.1590703974,1013.35082843415,-105.046038872325,0.106455477633883,109.723861135095,1013.26139500478,74.9505345608358,7120.71945570339,-110.599992475013,1.20913244985478,104.363542862148,7119.72848994776,69.3944314400748,0.736683281981545,1.01913437939632,1.69343735571003,1.10389105107642,0.282451097414779,0.589546304633609,563006.693719527,414757.618906879,1480.97622186784,8259236.68436203,1588574.36247907,1480.97622186784,2156387.14944921,6084441.5872982,1480.97622186784,23845.2909343404,24301.5557778938,259.283431376388,349807.389203619,93078.0453867557,259.283431376388,91330.4930816775,356500.736504279,259.283431376388,14210.7811696017,24065.0676864242,1.43797603269937,208470.354719949,92172.2659579649,1.43797603269937,54429.0969176823,353031.486240884,1.43797603269937,23845.2909343404,24301.5557778938,259.283431376388,349807.389203619,43035.5581170966,259.283431376388,91330.4930816775,356500.736504279,259.283431376388,6
49235.8349776558,-38.0242817717925,25688.649202607,140.685663442079,25831.9802742562,139.595513038155,10503.6626100662,67.6020514613763,5628.37441304266,-115.821048543183,5628.36938014746,-115.820905360745,4762.77930064471,-87.9145355698404,9.75009445384425,66.4493714364635,4752.10491034518,92.1472445620861,1322.04212960292,-107.754260663622,0.181745692205264,174.870695919057,1322.08259999099,72.2380501338726,9359.36977875097,-117.560081913854,1.20911355654559,104.345386302399,9358.46996867083,62.4349738563377,0.680002013774852,1.01085602811043,2.68060290441146,1.19107948614153,0.33085401433558,1.48952341826993,565302.272352217,384406.683591008,938.7987324393,8292912.53132168,1472326.42507619,938.7987324393,2165179.50719434,5639197.22135745,938.7987324393,31396.3482753101,31737.1879147518,332.81134289423,460580.441268481,121557.460936902,332.81134289423,120252.001824757,465580.515486007,332.81134289423,9120.58224976079,24448.6592686324,0.697644805533514,133797.783117464,93641.4704412113,0.697644805533514,34932.988503111,358658.726028487,0.697644805533514,31396.3482753101,31737.1879147518,332.81134289423,460580.441268481,42634.4412953095,332.81134289423,120252.001824757,465580.515486007,332.81134289423,6
33683.2440826956,-27.1610938633512,17753.7268550825,148.762860783541,17734.1369219794,148.998858183565,6959.6828622546,75.0462422787409,3737.97938114602,-108.497820969376,3737.98609530031,-108.497724788392,2623.35170815292,-73.1313839771603,0.906288347974128,73.8880279818397,2624.13962494238,106.857435880069,863.742931752348,-97.0322735043974,0.112716517542545,113.891912255576,863.644583686889,82.9639012180263,6214.44914660544,-107.9278762803,1.20943762827412,104.314130368626,6213.42615498168,72.0661738621818,0.762960861373919,1.01845551541447,1.42345300205181,1.09369238738879,0.255494654040553,0.329760614663019,563754.115028915,430122.325205553,1005.66910252068,8270201.26003411,1647423.13921142,1005.66910252068,2159249.86800082,6309839.8770913,1005.66910252068,20886.7995745764,21272.276226084,228.68185751527,306406.696740266,81475.5199275006,228.68185751527,79999.0953893977,312061.590255054,228.68185751527,16873.6367276972,24018.8288555723,0.615310311934059,247534.107524168,91995.1653625954,0.615310311934059,64628.1719382311,352353.168465492,0.615310311934059,20886.7995745764,21272.276226084,228.68185751527,306406.696740266,43416.8480739241,228.68185751527,79999.0953893977,312061.590255054,228.68185751527,6
38567.3169500356,-31.7545338532845,19977.0933879782,148.473374352615,20057.9378547473,147.517639234114,8014.4534561463,72.7534422024155,4301.85387943063,-110.74669924453,4301.86062744889,-110.74661642428,3454.21414486071,-80.3947343918524,0.0915995071772641,-108.674801874668,3451.4756269865,99.629426358832,984.987552231589,-96.1826455801328,0.113558589354981,110.828220796026,984.888743819129,83.8143244007456,7152.09984388418,-110.755432840573,1.20965547127501,104.287303601997,7151.10961894968,69.2390021686169,0.736160536342681,1.01245620088215,1.78303720654876,1.12965534973096,0.276295664539467,0.653381856817802,568253.664794257,418325.922653634,495.524024866771,8336209.08356371,1602241.41907124,495.524024866771,2176483.71513004,6136788.15002099,495.524024866771,24073.4684952856,24373.3324547929,260.5258532987,353154.725039818,93352.9591762755,260.5258532987,92204.4421229655,357553.691237393,260.5258532987,13525.3532309116,24116.2080424299,1.06437403656873,198415.213921684,92368.1400172595,1.06437403656873,51803.8208501812,353781.708767694,1.06437403656873,24073.4684952856,24373.3324547929,260.5258532987,353154.725039818,43246.4654408073,260.5258532987,92204.4421229655,357553.691237393,260.5258532987,6
46550.9185284971,-36.8120845454926,24233.6753661843,142.356457244241,24268.1147110575,142.064928086871,9841.99546746892,69.0005009646998,5276.48640985098,-114.442914527029,5276.48565650291,-114.442782318746,4098.28669444759,-83.8100251712127,12.1773299256627,67.8222545704317,4090.40196504324,96.2496270948122,1340.61205162232,-109.038065563491,0.147999735820487,162.318264524126,1340.61322890578,70.9556163981104,8780.03636907718,-115.708328700306,1.20830480535468,104.371506800245,8779.11176005091,64.2865939600243,0.692523284673336,1.01481864724018,2.13453875002324,1.15549691451243,0.322295362566841,0.979041835510805,566936.65115773,392616.831861452,709.211278760909,8316888.66080151,1503772.33579618,709.211278760909,2171439.38561649,5759639.05364069,709.211278760909,29407.8448840021,29843.6293634319,314.077623213441,431409.349095549,114304.89116758,314.077623213441,112635.781258489,437802.25205591,314.077623213441,11341.1467085678,24208.1171191365,1.07135944516022,166373.181674459,92720.1634552375,1.07135944516022,43438.0324340461,355130.003248787,1.07135944516022,29407.8448840021,29843.6293634319,314.077623213441,431409.349095549,45670.9003252716,314.077623213441,112635.781258489,437802.25205591,314.077623213441,6
45255.6022013217,-35.5384897647921,23938.2561301347,140.446895113886,23711.1707362339,142.234477699573,9579.16386076278,69.4259225881882,5136.44483574234,-114.019019036978,5136.44327111743,-114.018908393157,2660.92948884841,-66.1649343983624,2.45708238521726,-111.702516183549,3221.48560144101,104.427738768562,1168.27399785824,-96.1873375137787,0.122117908678036,167.18917341902,1168.26036128035,83.8067073320871,8538.79970009893,-115.028662752826,1.20957614869081,104.272018401306,8537.86374682476,64.9661958887733,0.697709170102507,1.00661524511773,1.60747997595116,1.19469480727984,0.308906075015223,0.412785168671317,565735.472058216,394718.826707288,1168.87811886425,8299267.51598412,1511823.24304885,1168.87811886425,2166838.71709288,5790475.05103597,1168.87811886425,28769.7512864128,28960.0702431485,306.433790880382,422048.597068876,110920.747508168,306.433790880382,110191.801729761,424840.55199008,306.433790880382,14928.7157345798,23997.611610004,245.214427335654,219002.363596904,91913.9006170774,245.214427335654,57178.877492823,352041.914167997,245.214427335654,28769.7512864128,28960.0702431485,306.433790880382,422048.597068876,43056.2434060914,306.433790880382,110191.801729761,424840.55199008,306.433790880382,6
46857.8675396039,-35.8887147804826,24905.9155463962,139.14633793964,24722.7539446069,140.470367825141,9979.50146211528,68.6789224150838,5349.66327316446,-114.759076292582,5349.67354855432,-114.759026319644,3941.79998516207,-82.4895336858986,1.32036722174264,-112.486197174403,4504.29410847923,93.4603689873589,1345.25059650796,-106.649710423722,0.137037660532671,89.5709642994121,1345.11780225941,73.3486643073991,8900.8577006961,-116.107456017966,1.20871997879722,104.334153432635,8899.93775974304,63.88749635757,0.689650413165804,1.0127127761338,2.51229259352701,1.17265687267704,0.323062362967991,1.33963572084998,563380.562493375,388535.637693139,1528.49504394057,8264721.29178598,1488140.84374266,1528.49504394057,2157819.11434146,5699768.45358042,1528.49504394057,29854.7074603303,30234.2436728134,318.046499361603,437964.766330281,115800.99358792,318.046499361603,114347.321685829,443532.514359128,318.046499361603,9716.70445476821,24411.2046352051,211.712791666396,142542.820146122,93498.0144377377,211.712791666396,37216.2122670893,358109.271313557,211.712791666396,29854.7074603303,30234.2436728134,318.046499361603,437964.766330281,45744.571592488,318.046499361603,114347.321685829,443532.514359128,318.046499361603,6
32765.0819918942,-26.3488274922004,17367.4181826882,148.29022243977,17340.3593247227,148.604991995594,6761.31541130865,75.4594349409972,3631.89939787478,-108.093638514754,3631.90961431343,-108.093560781945,3683.84550460311,-83.5219227442296,0.396370872377854,-105.75427165721,3683.3828335308,96.4810095003573,899.021540606896,-96.6000419334572,0.134835976313547,98.0923973916272,898.886217342298,83.3978283208119,6040.59957977759,-107.417387279294,1.20872709449169,104.312642164896,6039.57131114712,72.5765820944783,0.768496818321985,1.02055734972505,1.98360390402584,1.08906534923449,0.252060531403067,0.894538554791343,561832.139177328,431766.211388811,1217.51841152444,8242006.11841863,1653719.43209796,1217.51841152444,2151888.45636194,6333955.47859505,1217.51841152444,20305.9662157264,20723.4030647282,222.759045306315,297885.945142764,79373.2660022305,222.759045306315,77774.4298481751,304009.690695241,222.759045306315,12219.2525407823,24238.1570441734,0.298658008139945,179254.882696989,92835.2201837677,0.298658008139945,46801.2893074839,355570.68513344,0.298658008139945,20305.9662157264,20723.4030647282,222.759045306315,297885.945142764,46549.0651318632,222.759045306315,77774.4298481751,304009.690695241,222.759045306315,6
63990.8921486092,-48.1763196666076,33975.6191904686,128.046816494824,33930.4920332063,128.244847877202,13969.5712797539,60.2586553485533,7463.34255173098,-123.110959884545,7463.3483893289,-123.110907469063,3274.78321515872,-67.11156041261,11.4362316550148,-120.837507074563,3278.83195537803,112.792138303284,1860.16434781765,-109.51222257527,0.110672921688416,105.243090451107,1860.06962982974,70.485857391772,12387.7942234916,-127.876430417892,1.20909922247003,104.277607205289,12387.0522452057,52.1191532833748,0.625956317228824,1.00316597447894,1.37226336171449,1.41343437303113,0.377209657250117,0.0411710113166375,548832.806703846,343545.362458698,1931.0628582295,8051307.56219385,1315822.37497848,1931.0628582295,2102099.3618273,5039766.83050744,1931.0628582295,41719.7963520181,41851.8801625351,428.176468855903,612024.113280538,160298.01700322,428.176468855903,159792.119231796,613961.76600368,428.176468855903,17095.6112167864,23459.6809189113,1.53353828955358,250790.445084145,89853.5577428154,1.53353828955358,65478.3624264028,344150.539257043,1.53353828955358,41719.7963520181,41851.8801625351,428.176468855903,612024.113280538,45665.7498328135,428.176468855903,159792.119231796,613961.76600368,428.176468855903,6
119765.21855764,-91.0480571703046,64590.0932117903,84.5577585710041,64395.653703087,84.9847610700104,22891.0960464997,18.4834743947167,12143.1820090689,-166.796116401861,12143.1745214813,-166.796078197177,4951.30356762923,-76.1114169395653,7.57263868888686,16.7982260545141,5183.15713760895,89.3530056230354,3169.98747946596,-144.211672128799,0.129948716326485,144.020325429929,3170.03378928048,35.786061902691,20293.2911704428,-179.313242453999,1.20919544856519,104.242089326803,20293.5749053331,0.68343866874048,1.18768356286056,0.991285293095897,3.38531162689496,7.97265072389139,0.19639826976466,4.58733909699643,362633.348717102,430693.667616382,4318.51888723696,5319785.16438277,1649611.4532162,4318.51888723696,1388931.7868836,6318221.39768686,4318.51888723696,67908.0350262456,67316.2364045583,861.928008294436,996202.248229605,257829.735865252,861.928008294436,260096.399755938,987520.637619075,861.928008294436,7412.49089861389,25093.5916233306,436.705975020547,108740.299956061,96111.6432783183,436.705975020547,28390.7816682959,368119.801753298,436.705975020547,67908.0350262456,67316.2364045583,861.928008294436,996202.248229605,51471.1443711394,861.928008294436,260096.399755938,987520.637619075,861.928008294436,6
59634.8430894318,-44.872116429721,31436.1418223048,132.245487251868,31406.0778448904,132.404666698192,12967.1194253057,62.4617732049376,6934.40666114676,-120.918498005951,6934.40665998512,-120.918400182694,4068.99060053642,-81.2026631072039,4.19078861847269,61.311025741278,3449.37292813293,107.193036529564,1887.04259391411,-115.649439230184,0.14329738160314,148.443212194854,1887.03129670664,64.3462273853717,11529.0158768079,-124.76925613899,1.20812053406013,104.35291756918,11528.2254246354,55.2262038847479,0.635571105157747,1.00945664262696,1.50734199651298,1.27504498223467,0.373885537469212,0.232297014278309,556614.392152731,353768.024367219,1471.68552451777,8165462.43232039,1354976.46855961,1471.68552451777,2131903.82250513,5189731.98223394,1471.68552451777,38672.1790505959,39037.8880274832,401.374901794556,567315.95457374,149520.069695722,401.374901794556,148119.357862284,572680.858812716,401.374901794556,15641.6612587614,23577.3329105611,274.435944943197,229461.183879075,90304.1798148636,274.435944943197,59909.5494080106,345876.479030517,274.435944943197,38672.1790505959,39037.8880274832,401.374901794556,567315.95457374,48254.7891841811,401.374901794556,148119.357862284,572680.858812716,401.374901794556,6
24811.390669693,-21.9837209208266,13019.7850313633,154.690176859386,13054.5004389853,154.066566881172,5002.90107557179,79.35600427662,2689.67746863136,-104.280900576555,2689.68767509318,-104.280790986561,3423.96725770515,-83.9092744917918,1.94252434471656,-101.872951433676,3425.16212432349,96.0842442624813,717.19000281847,-95.617281660835,0.142785853329727,101.649782688666,717.056246890581,84.3793090976355,4474.40212348789,-102.815935446213,1.20837814123243,104.324545965196,4473.32695747579,77.1770042215475,0.819424834379222,1.03674200046683,1.90932845530122,1.04914928502387,0.217317166087605,0.860179170277346,557882.843697135,457143.056799534,691.3440879154,8184070.45535945,1750915.97336058,691.3440879154,2136762.15303754,6706230.5774308,691.3440879154,15008.5016807446,15559.9440565049,167.931851742808,220172.813292816,59596.5621437372,167.931851742808,57484.4678009591,228262.402901603,167.931851742808,12721.8354697487,24290.1624660515,0.228810096686812,186627.710427383,93034.4075552335,0.228810096686812,48726.2457629671,356333.598066719,0.228810096686812,15008.5016807446,15559.9440565049,167.931851742808,220172.813292816,50135.3379205579,167.931851742808,57484.4678009591,228262.402901603,167.931851742808,6
47883.8060674035,-35.6467330570244,25859.5463114678,136.495732938601,25940.5718473842,136.019147948431,10275.4543576594,68.0093597370102,5507.20979490486,-115.41963495081,5507.21324403741,-115.419536114109,4388.44280963863,-85.7120774031248,1.20015485421987,-113.148034105183,4454.61197335635,93.8474506935613,1462.63999779521,-104.446832150682,0.122159734905514,134.725416309734,1462.57634072223,75.5490647677112,9165.71716500942,-116.969109639374,1.20830053272299,104.302859416098,9164.80900571425,63.0259075171483,0.689039415632308,1.01083341191852,2.42101593489415,1.19721652683,0.321793996286215,1.22379940806416,555467.919922568,382739.29094594,2693.0505427372,8148643.83032757,1465940.09945517,2693.0505427372,2127512.68823994,5614736.78304472,2693.0505427372,30789.3313166423,31122.8848254914,326.68985330633,451675.579587464,119204.602076918,326.68985330633,117927.049770419,456568.767194673,326.68985330633,10040.8463302419,24309.0489653391,24.3962227735192,147297.940287169,93106.7452464477,24.3962227735192,38457.7168223051,356610.660612325,24.3962227735192,30789.3313166423,31122.8848254914,326.68985330633,451675.579587464,48830.5080304785,326.68985330633,117927.049770419,456568.767194673,326.68985330633,6
33481.016839497,-28.7265359817477,17388.3407975647,150.840370318384,17321.8077908528,151.814930130339,6869.97156085854,75.1653890494717,3690.13386998071,-108.381763210213,3690.13377178009,-108.381584459274,2974.5885607127,-77.6659903233219,2.52178216868186,74.0389955219351,2971.12531302199,102.369980102012,964.010241388204,-93.5792020517734,0.13920289067059,164.440602259998,963.980293397582,86.412718290067,6139.32656210657,-107.73979379705,1.20827377447065,104.280849251411,6138.30210009461,72.2542262228205,0.763843471807231,1.0182244694959,1.58421984309232,1.09792390199484,0.25438099768867,0.486295941097475,567149.457593869,433213.410722089,411.363716409367,8320010.50418923,1659262.38936611,411.363716409367,2172254.46129734,6355185.70899253,411.363716409367,20688.569026026,21065.6072211546,226.274005984286,303498.679772062,80683.9513877468,226.274005984286,79239.847209419,309029.782203614,226.274005984286,15199.3176446427,24079.0606141061,0.470783852653552,222972.059245963,92225.8606483531,0.470783852653552,58215.3171799268,353236.76071261,0.470783852653552,20688.569026026,21065.6072211546,226.274005984286,303498.679772062,49669.2155848894,226.274005984286,79239.847209419,309029.782203614,226.274005984286,6
1498503.87421421,55.6624578866068,858014.572974228,-124.012113202999,854601.364229093,-124.020580950053,348012.831479774,-121.86751848736,191247.973527685,58.0644878455034,191248.068474884,58.0644850636304,38552.7967813931,54.0596250795637,48.3905411104756,58.1092415378649,34096.0101161922,-126.470613158117,47097.2457542517,58.0782544242366,1.15106224369689,-127.536197554044,47096.2604985967,-121.921608473242,3017661.45576318,-125.217520771083,1.20786798352417,104.293499489867,3017660.74510743,54.7824617872286,0.924191453797832,0.999912849446539,0.169075603117399,0.220282009117258,0.0757213956487066,0.0512064059998588,5285344.12581385,4884669.87145773,71423.5943426384,77535326.9869748,18708906.0531854,71423.5943426384,20243539.3405813,71657486.5687826,71423.5943426384,1062968.24609997,1062875.60782901,11494.3352927166,15593609.1532057,4070948.58329926,11494.3352927166,4071303.39964385,15592250.1615375,11494.3352927166,177870.2260823,30073.5157514929,1505.92976754614,2609333.62374293,115185.385233775,1505.92976754614,681265.558779614,441174.656168843,1505.92976754614,1062968.24609997,1062875.60782901,11494.3352927166,15593609.1532057,191649.222198407,11494.3352927166,4071303.39964385,15592250.1615375,11494.3352927166,6
108898.305699979,-79.9087751673211,59998.9757872127,93.6087153988789,59788.5263514293,93.9758088053954,22263.4968627273,33.9538054241321,11767.3689133252,-150.224773365854,11767.3641133894,-150.224716025712,4553.89522006036,-74.1849554806668,3.72225488244608,-147.475680483532,4552.44343596368,105.875989663499,2445.6479601157,-143.853108892698,0.157581391427029,145.475725503108,2445.70081472083,36.143406483628,19326.2941060757,-166.675706473323,1.21023301760869,104.393313942351,19326.3167554766,13.3207062329365,0.909546256865776,0.998567258001837,1.64343754453159,2.91176494384894,0.0890210011360609,1.26832739931735,415447.168251862,377868.416808968,5546.15662021423,6094557.18860328,1447284.03281738,5546.15662021423,1591215.42405617,5543281.67814852,5546.15662021423,65543.9026161958,65449.9951141941,700.814575804945,961520.726063726,250681.7946752,700.814575804945,251041.472335897,960143.11493739,700.814575804945,14264.1750282013,23442.2807831159,2.92611441962746,209253.635843574,89786.9130125727,2.92611441962746,54633.6021781489,343895.281475072,2.92611441962746,65543.9026161958,65449.9951141941,700.814575804945,961520.726063726,38611.1239060898,700.814575804945,251041.472335897,960143.11493739,700.814575804945,6
33678.2027988179,-26.1982103378024,18056.4706573874,146.057404103352,17994.0962504582,146.68641450309,6979.0925748147,75.0666055317043,3748.21095924935,-108.476822687953,3748.21762327022,-108.476753332203,3626.7987273379,-82.8573186836944,6.08893507484778,-106.138438544016,3632.11343043625,97.1066123644443,751.065757821486,-100.06294376778,0.101254798046084,104.457453898979,750.97260768453,79.933858457715,6226.49150958736,-107.93628113175,1.21047334482288,104.345732289682,6225.46812388668,72.0577688562904,0.763003630216561,1.01797801083821,1.93726716638776,1.08763022775563,0.254974380621647,0.84963693863213,560396.882179609,427584.855465084,1707.4053555249,8220951.08056688,1637704.30779876,1707.4053555249,2146391.23975588,6272615.51830529,1707.4053555249,20888.1607069459,21263.6882865256,228.950637235411,306426.664379237,81442.6270281611,228.950637235411,80004.3086992624,311935.606272563,228.950637235411,12511.8535384044,24238.8030506034,0.101304396739642,183547.302166241,92837.6944704496,0.101304396739642,47921.9882942399,355580.161965712,0.101304396739642,20888.1607069459,21263.6882865256,228.950637235411,306426.664379237,37192.208572449,228.950637235411,80004.3086992624,311935.606272563,228.950637235411,6
41640.8357776011,-31.8089683235173,22229.9919007188,141.927644449253,22176.5819016804,142.354940522494,8792.53741758381,71.1485154966841,4717.00112123139,-112.322637380092,4717.0001077129,-112.322526251206,4354.43877234185,-86.1358734857816,3.98439893354219,-110.006493311903,4357.18955422338,93.8481179457403,927.14415270465,-97.9186968878851,0.111444263034798,164.634139889933,927.13124279946,82.074453858398,7835.85634264472,-112.823273681526,1.21050284774188,104.31092728451,7834.89140966911,67.1713823349388,0.718209038481461,1.0091024882809,2.38164580946525,1.15443191560835,0.290893449799442,1.2272138938569,562562.656852831,404037.584863848,1779.15802055331,8252722.71992869,1547515.27044709,1779.15802055331,2154686.43184868,5927180.04953409,1779.15802055331,26356.1748804274,26596.0816534059,283.217474636453,386641.737762943,101866.370938171,283.217474636453,100947.497524963,390161.139649838,283.217474636453,10225.7792764078,24354.1843621731,0.325472740376828,150010.88311744,93279.6195493717,0.325472740376828,39166.033496104,357272.791150831,0.325472740376828,26356.1748804274,26596.0816534059,283.217474636453,386641.737762943,36974.287271497,283.217474636453,100947.497524963,390161.139649838,283.217474636453,6
84769.9285998215,-62.8539772101552,45312.3124735874,113.414838445776,45186.7787481882,113.753499606209,18439.0130594643,49.8714811272868,9801.09081820002,-133.605311877057,9801.07508360938,-133.605206991469,3823.42433726597,-68.173904535225,3.57404109241485,48.730119520721,3819.61857076034,111.9388708947,2000.40078066458,-122.937727853755,0.294109359211687,178.93565926535,2000.56009188449,57.055102191412,16121.8505014499,-143.774710345748,1.2102549325502,104.348220787167,16121.3997691443,36.2212981378424,0.626398563902186,1.00045867452675,1.41815732585053,1.80032159240425,0.374060110624564,0.382164266553725,509401.411326005,319088.312504356,2642.21878687447,7472854.00053426,1222148.76714522,2642.21878687447,1951072.10899683,4680985.01418537,2642.21878687447,54625.7567430055,54650.8121861279,547.467006202355,801352.912915145,209319.552360131,547.467006202355,209223.586830456,801720.473083236,547.467006202355,16456.6149979362,23338.0691180249,1.6186147056372,241416.451718225,89387.7690984209,1.6186147056372,63030.9257435958,342366.50958504,1.6186147056372,54625.7567430055,54650.8121861279,547.467006202355,801352.912915145,36908.5944389145,547.467006202355,209223.586830456,801720.473083236,547.467006202355,6
120387.175173115,-91.7605636449032,64737.4996820888,84.3410526246883,64949.6042425665,83.8848033645643,22917.26224172,18.1790795175189,12158.597838727,-167.122150743937,12158.5848424506,-167.122099032068,5783.25125746821,-104.469546921664,7.00815418978894,16.4617785134323,5184.73702378924,89.5699761019956,2537.88294104496,-144.437999238825,0.203832685067328,152.191001421011,2537.97716626066,35.5578649067704,20293.6587787705,-179.445569255634,1.21071605973377,104.280702475994,20293.9462399283,0.551110159363579,1.21631807219011,0.992956430509374,2.88742625208532,8.07608012979195,0.223361641680738,5.18865387770664,356611.378367289,433752.864256759,4319.58103468958,5231443.62425521,1661328.5649247,4319.58103468958,1365866.87553964,6363099.42382534,4319.58103468958,67872.606815868,67394.5413932505,865.705052568764,995682.520883419,258129.653918159,865.705052568764,259960.705210139,988669.361856975,865.705052568764,8389.45897558159,24223.9440868871,486.379327235015,123072.297551745,92780.7827520467,486.379327235015,32132.6934965143,355362.182855364,486.379327235015,67872.606815868,67394.5413932505,865.705052568764,995682.520883419,41266.7708981428,865.705052568764,259960.705210139,988669.361856975,865.705052568764,6
89601.9490257914,-65.1182517454073,49784.0193649797,106.614251733796,49964.0893556508,106.239696460514,19572.902678726,46.5680845092979,10387.4313903419,-137.002991302818,10387.4159531264,-137.002866306272,4692.85769617881,-83.921165961938,20.7119280236586,45.3504770473503,4676.53793049189,96.3240116590582,2323.38836088659,-131.498505280976,0.341471003129078,169.799480523918,2323.56682993593,48.4942984294439,17051.2639311322,-148.946047434118,1.20944593094226,104.40469785084,17050.9174992824,31.0500588739879,0.692134233109587,1.00143407185503,2.25948870622509,1.83160622606538,0.309299838745442,0.427882480159709,476779.124904209,329995.153978234,5755.06092399695,6994289.20237417,1263923.35536542,5755.06092399695,1826124.60835369,4840986.99323191,5755.06092399695,57861.1864641116,57944.1635631183,581.154331581391,848816.255962975,221933.506451946,581.154331581391,221615.693623089,850033.519465742,581.154331581391,10706.7512238422,24191.7834706331,1.71252834857045,157066.680493764,92657.6035067869,1.71252834857045,41008.2171473162,354890.390699924,1.71252834857045,57861.1864641116,57944.1635631183,581.154331581391,848816.255962975,39977.0949867548,581.154331581391,221615.693623089,850033.519465742,581.154331581391,6
336428897630.364,19.8647744762583,174858964987.49,-160.135225020197,174635047335.277,-160.135225044343,21000200357.0869,-160.135206402874,10912994730.9996,19.8647942797591,10912993260.5848,19.8647942797149,8308262159.04617,19.8647602454665,5774530.7814283,19.8647938228381,8314284691.08633,-160.135239730212,2595574314.88384,19.864792319695,8679.29999272039,19.8654671517547,2595582698.66529,-160.135207678049,174494082247533.0,-160.135226564413,4089362.46003244,19.8647902952496,174494078025488.0,19.8647734355868,1.00083759258971,1.0000000927468,0.206370115851977,0.207030339988652,0.000837499842908152,0.00066022413667402,965059527760.95,965867854470.028,4355038224.80364,14157300691432.1,3699396566114.06,4355038224.80364,3696300572145.51,14169158741581.4,4355038224.80364,60296726386.4815,60296731978.8098,275262543.524914,884545317264.486,230944142304.749,275262543.524914,230944120885.421,884545399303.231,275262543.524914,37879722663.5104,7817242754.50942,82667.0862444426,555690720032.152,29941032687.5203,82667.0862444426,145084149242.791,114677958270.904,82667.0862444426,60296726386.4815,60296731978.8098,275262543.524914,884545317264.486,9378326970.86534,275262543.524914,230944120885.421,884545399303.231,275262543.524914,6
75214.2505808662,-55.6046338841667,40444.0940910955,119.332720005312,40143.5685379841,120.309583301459,16553.3417014562,54.5576549999948,8819.39233120803,-128.838675560449,8819.39773437916,-128.838639294746,4261.19114106255,-80.3876504046944,7.57017755370598,-126.557639364817,4264.91607395359,99.5602436256901,1924.44787579319,-115.386023164527,0.100406721938332,93.6813124533679,1924.35650197333,64.6125456648234,14570.1999094835,-136.480146207116,1.21023643793256,104.28354191776,14569.6086789513,43.5157007491357,0.612657208959557,1.00073294590757,1.95872235399234,1.63668198608348,0.38807573694801,0.322040367908858,529620.903205711,324476.06436465,2746.75693133726,7769471.37815148,1242784.54111658,2746.75693133726,2028515.33115417,4760022.64962945,2746.75693133726,49220.4455101589,49256.5214342642,496.376035686458,722057.683706092,188658.733603495,496.376035686458,188520.558231847,722586.912930392,496.376035686458,12223.0295810075,23941.521273829,0.731263192408249,179310.291397337,91699.0675049929,0.731263192408249,46815.755851302,351219.076060843,0.731263192408249,49220.4455101589,49256.5214342642,496.376035686458,722057.683706092,39792.4350823514,496.376035686458,188520.558231847,722586.912930392,496.376035686458,6
74756.809531352,-56.0304088655004,39503.2054667189,121.380791798328,39674.7983863972,120.792051571316,16336.7957547187,55.087888444177,8706.15858747472,-128.303896864934,8706.16454406189,-128.303859834544,5567.49641617057,-92.9718913874527,6.64104205075617,53.9623863952486,5544.83323466615,87.1807145127761,1909.83197217335,-117.749353395542,0.0963187280743124,96.5284616524426,1909.74322160302,62.2490591396561,14389.9183293534,-135.698871288388,1.20979063164322,104.330868509621,14389.3135789186,44.2969556627242,0.6103945150865,1.00206631230253,3.55795031148723,1.56186181694505,0.391671797216033,1.99608849454218,532220.114335375,324864.238609022,1966.98766104587,7807601.47527465,1244271.297778,1966.98766104587,2038470.63992978,4765717.11648891,1966.98766104587,48558.9679236146,48659.3059164335,490.62533731831,712353.891531658,186371.322312532,490.62533731831,185987.015055212,713825.837141487,490.62533731831,6992.82623039233,24880.1282646005,6.8086405179197,102583.872578605,95294.051500496,6.8086405179197,26783.4126836535,364988.321394613,6.8086405179197,48558.9679236146,48659.3059164335,490.62533731831,712353.891531658,39602.0714038812,490.62533731831,185987.015055212,713825.837141487,490.62533731831,6
84790.0373884396,-62.6805176597824,45015.3899029774,114.385547960282,45016.361389509,114.382547526456,18493.9659799459,49.6480337365036,9829.74417996953,-133.831939120761,9829.73333148579,-133.831865987216,4152.37778014677,-76.0693153608843,14.0171331569565,48.5344347897663,4148.5031021966,104.008304885319,2156.18375999328,-117.130863151605,0.205214104575276,178.578332694493,2156.27057173886,62.8642388281581,16172.2637148005,-144.047569861906,1.21012652191542,104.290680839129,16171.8169568011,35.9484455122625,0.61873704047212,0.998260309427044,1.72301769986798,1.98523913566603,0.379523268954924,0.262221435798056,512724.68380211,317241.753432721,2306.01793794513,7521605.98564024,1215076.21135292,2306.01793794513,1963800.6646988,4653896.22715242,2306.01793794513,54870.6025849494,54775.1447148999,549.238489092416,804944.770316407,209795.761737911,549.238489092416,210161.377505157,803544.415487737,549.238489092416,13774.8196724144,23734.2581080596,2.39621833369821,202074.854931571,90905.2232537521,2.39621833369821,52759.3090080952,348178.55174535,2.39621833369821,54870.6025849494,54775.1447148999,549.238489092416,804944.770316407,40365.5798136151,549.238489092416,210161.377505157,803544.415487737,549.238489092416,6
36999.5133110931,-28.8515981348497,19668.9083771753,145.410467040345,19607.5179335673,146.012019275909,7716.3088584996,73.494850700815,4142.56274893913,-110.021315010596,4142.56950006741,-110.021236411996,3183.61391374856,-78.176343361676,3.72951905358675,-107.713721526696,3183.22753266238,101.82759497659,980.255006245855,-104.484944912199,0.106486871520554,110.176024268599,980.165496473984,75.5115213110093,6889.51379249341,-109.903375068266,1.20913277559721,104.36352092462,6888.51447820754,70.0909623174303,0.743166093211459,1.02006371490725,1.64816232586282,1.09769246278396,0.27689762169579,0.550469863078852,562875.59543137,418310.057220805,1432.36808783318,8257313.48912674,1602180.65244829,1432.36808783318,2155885.02635361,6136555.4061366,1432.36808783318,23070.1478610968,23533.0207306499,251.499630309954,338436.138776974,90134.4585373183,251.499630309954,88361.5966533168,345226.424979705,251.499630309954,14597.7750645465,24059.5029028052,1.39118651439633,214147.506003242,92150.9521298709,1.39118651439633,55911.3326908681,352949.851572024,1.39118651439633,23070.1478610968,23533.0207306499,251.499630309954,338436.138776974,43098.2494497219,251.499630309954,88361.5966533168,345226.424979705,251.499630309954,6
47408.3116936694,-36.7928077748151,24730.1842674274,141.918959928788,24864.8346892444,140.830446320386,10077.0630689458,68.4906027266966,5401.4982441969,-114.944047767834,5401.49365814654,-114.943901605063,4564.96411927296,-86.8610466223983,9.35509078683694,67.3338894647414,4554.73676063507,93.2011790494177,1267.87877115664,-106.841437338568,0.176600164607732,174.462058498491,1267.91410251644,73.1507338222626,8982.78123704349,-116.363248107342,1.20911619751518,104.345069640609,8981.8647474006,63.6317213992256,0.68886811829064,1.01170268757402,2.51211174840822,1.1758756829959,0.32283456928338,1.33623606541232,565971.006863646,389879.382505219,900.006443266961,8302722.78166241,1493287.55705394,900.006443266961,2167740.84531505,5719481.01929261,900.006443266961,30130.9468233855,30483.559880369,320.675726426164,442017.162698674,116755.906330734,320.675726426164,115405.353533956,447189.951456092,320.675726426164,9704.7887628129,24379.5138668823,0.669380477783055,142368.018458657,93376.6347697343,0.669380477783055,37170.5736533822,357644.371767589,0.669380477783055,30130.9468233855,30483.559880369,320.675726426164,442017.162698674,42699.6471320535,320.675726426164,115405.353533956,447189.951456092,320.675726426164,6
37408.7842269158,-31.0205191763831,19377.0169298051,149.206782067153,19454.2014479058,148.252874537714,7752.35864194817,73.3104757090049,4161.83039952207,-110.199727992832,4161.83712206493,-110.199642114733,3340.47577937912,-79.7274980941022,0.0885914885348295,-108.131935322645,3337.82946265492,100.296759414099,952.486436664558,-95.5796560817079,0.113403335098368,111.60346102034,952.387844369706,84.4171973660318,6919.04675910655,-110.053495815421,1.20965231060182,104.287517333509,6918.04810078838,69.9408526162682,0.742787610097492,1.01319240285763,1.73055497362696,1.12181682772981,0.270404792760142,0.60873814589715,567955.830090714,421870.553674019,480.233262426367,8331839.88629338,1615817.80611452,480.233262426367,2175342.97038483,6188787.43685482,480.233262426367,23292.2246951361,23599.5051067649,252.68895244928,341693.977724371,90389.1021426126,252.68895244928,89212.1791356476,346201.742332538,252.68895244928,13929.9579443426,24106.5580029965,1.02961692366829,204350.713675262,92331.179140492,1.02961692366829,53353.5082950766,353640.143914944,1.02961692366829,23292.2246951361,23599.5051067649,252.68895244928,341693.977724371,43301.1463513376,252.68895244928,89212.1791356476,346201.742332538,252.68895244928,6
32784.5968931966,-26.6054599074202,17276.5996643044,149.325318971578,17257.7365365936,149.560962990575,6758.15771972983,75.481414312597,3630.13861409468,-108.071244014959,3630.14532111675,-108.0711449078,2547.55269455872,-72.5987520745791,0.880087728858421,74.3209230675475,2548.31693540976,107.390037953118,838.601274761774,-96.5718073410789,0.112643610627485,114.387184452449,838.503072515765,83.4242507645167,6034.91642799205,-107.395905230806,1.20943572220813,104.314236145,6033.88749489977,72.5980583144204,0.768386013530372,1.01927095160145,1.40162472949965,1.08885588370479,0.250884938071078,0.312768845794865,563398.910815565,432907.843108926,976.56147486959,8264990.45934193,1658092.02659483,976.56147486959,2157889.39074603,6350703.0709203,976.56147486959,20284.872478755,20675.7812745347,222.521835187098,297576.502700697,79190.8684969209,222.521835187098,77693.6381562708,303311.085081971,222.521835187098,17141.793344114,24026.3614590828,0.597513822372991,251467.931026038,92024.0161908239,0.597513822372991,65655.2458400718,352463.670802208,0.597513822372991,20284.872478755,20675.7812745347,222.521835187098,297576.502700697,43467.2335329074,222.521835187098,77693.6381562708,303311.085081971,222.521835187098,6
43691.3982449343,-34.5067689484757,23100.8194075059,141.485066993501,22885.8453062776,143.270031278766,9216.812457748,70.1831255163548,4943.39045197886,-113.27318591998,4943.38912819533,-113.273072011296,2561.15750219372,-65.1645050262086,2.36430085025892,-110.949726939218,3098.73421465108,105.384580771927,1123.3731229986,-95.3488939357302,0.120474896129121,166.592255914134,1123.35666578707,84.6450159801127,8217.93080112674,-114.032489173736,1.20958042088972,104.271617799771,8216.98166001874,65.9622829974582,0.70576914223415,1.00725748651622,1.558532281411,1.18024047855346,0.301488344282073,0.378291802857541,566010.331632675,399472.62625206,1124.02586537427,8303299.67102906,1530030.89912782,1124.02586537427,2167891.46417542,5860212.68653529,1124.02586537427,27693.3521300283,27894.336259701,295.942501271048,406257.958167775,106838.850983182,295.942501271048,106069.056237748,409206.369821287,295.942501271048,15388.6693146906,23983.7378949043,235.957083406099,225749.824194321,91860.762526021,235.957083406099,58940.5581274555,351838.388529708,235.957083406099,27693.3521300283,27894.336259701,295.942501271048,406257.958167775,43109.8475724364,295.942501271048,106069.056237748,409206.369821287,295.942501271048,6
44903.2081587356,-35.7204551067524,23373.0578349105,143.449245458716,23405.5440467501,143.158227858497,9461.15214034336,69.7972318246092,5073.67738441163,-113.657785199896,5073.67692936655,-113.657650171392,3937.04112584599,-82.8486247671855,11.7071766454109,68.6148503843947,3929.47293494474,97.2113985565286,1288.56145255294,-108.232226968253,0.144970838721454,161.683389042585,1288.55900327669,71.7613324083663,8442.82295316557,-114.653468490062,1.20831195845768,104.370784254952,8441.88416749351,65.3413678094938,0.700935383083063,1.01579189829024,2.03089626191641,1.1439624389538,0.314856515207173,0.886933822962606,567240.923610324,397599.234091193,682.007018076894,8321352.29903272,1522855.56919545,682.007018076894,2172604.78775828,5832730.26149162,682.007018076894,28275.836186758,28722.3653158907,303.095732687359,414802.925293504,110010.307443747,303.095732687359,108300.04416152,421353.450900231,303.095732687359,11900.583982241,24168.8515241556,1.02999477348862,174580.055420125,92569.771238987,1.02999477348862,45580.7482513339,354553.981957891,1.02999477348862,28275.836186758,28722.3653158907,303.095732687359,414802.925293504,45746.167380853,303.095732687359,108300.04416152,421353.450900231,303.095732687359,6
45187.7603583144,-34.7712061552012,24004.2277855068,140.271764735529,23831.2285455329,141.594118222929,9589.23593040249,69.494211992655,5141.89276883345,-113.955380157329,5141.90294675647,-113.955327408057,3785.09441460545,-81.4951233660633,1.26883496748895,-111.675377379392,4324.79014426114,94.4287845768659,1292.2274476877,-105.811064982237,0.136287271475445,90.8973115216353,1292.09575015223,74.1872028281462,8555.47802222811,-115.023942466142,1.20871950809819,104.334203694991,8554.5434224061,64.9709235535692,0.697976574547481,1.01362405317102,2.36842942550933,1.15961664080712,0.315647478623543,1.20881278470221,563894.302390518,393585.013589375,1467.58418966629,8272257.79082238,1507480.59479152,1467.58418966629,2159786.8034022,5773842.15661192,1467.58418966629,28695.1883600514,29086.1331320213,306.82616281262,420954.768410057,111403.584384923,306.82616281262,109906.216250895,426689.878557471,306.82616281262,10281.7019082755,24351.4853438751,203.452018951362,150831.261023707,93269.2819664638,203.452018951362,39380.2242793898,357233.196895226,203.452018951362,28695.1883600514,29086.1331320213,306.82616281262,420954.768410057,45815.4911808299,306.82616281262,109906.216250895,426689.878557471,306.82616281262,6
31911.3020113676,-25.8234836603399,16910.7036673313,148.82413157681,16884.6057344892,149.138469286816,6570.3008537963,75.87336053614,3529.65219053615,-107.688002353391,3529.66231716029,-107.687921555319,3579.2356075074,-83.0458294464175,0.385172743980837,-105.344629576268,3578.78618591691,96.9571114179908,873.498995236609,-96.1619276051487,0.134198998151882,98.9222428131109,873.364662463183,83.8358315326258,5870.30422558235,-106.914221468932,1.2087295069078,104.312512285172,5869.27041728105,73.0796613057815,0.773686276880218,1.02142954930531,1.92698985193149,1.08460743501973,0.247743272425095,0.842382416911768,561499.792277024,434424.683755827,1183.10561380147,8237130.63160552,1663901.71893992,1183.10561380147,2150615.52551943,6372954.93054287,1183.10561380147,19734.9896912778,20157.9016259068,216.894629473936,289509.792053924,77207.3236621613,216.894629473936,75587.5172347139,295713.856417115,216.894629473936,12572.9912290532,24228.0265068092,0.290229776547982,184444.184322415,92796.4189388928,0.290229776547982,48156.1534150683,355422.071437076,0.290229776547982,19734.9896912778,20157.9016259068,216.894629473936,289509.792053924,46601.3523314593,216.894629473936,75587.5172347139,295713.856417115,216.894629473936,6
61040.2731884925,-46.0824926374667,32379.1841751392,130.132666694374,32337.4960843236,130.331187361575,13287.3188963708,61.7077226574228,7103.43575654134,-121.66524557624,7103.44165465074,-121.66519003262,3112.34246539182,-65.1062100064176,10.8799535583943,-119.389892907151,3116.14310088278,114.796705801834,1766.34722329653,-107.99379487529,0.111590361147548,106.702518276193,1766.25187143479,72.0041681499615,11798.1095666443,-125.760529253301,1.20909898527359,104.278000442125,11797.3328574847,54.2349698451325,0.634058846310621,1.00389773110789,1.32030209942613,1.36769386121112,0.36983888479727,0.0473917617849893,552597.999424221,350379.649988479,1830.91741189766,8106542.46115102,1341998.56430137,1830.91741189766,2116520.52819706,5140024.96048548,1830.91741189766,39714.2568150306,39869.0523092453,409.853053365091,582603.103014402,152703.534468463,409.853053365091,152110.648063663,584873.933252575,409.853053365091,17757.3884461683,23445.1172458013,1.45894831188407,260498.632980948,89797.7770249423,1.45894831188407,68013.0532731661,343936.892022382,1.45894831188407,39714.2568150306,39869.0523092453,409.853053365091,582603.103014402,45666.7204226704,409.853053365091,152110.648063663,584873.933252575,409.853053365091,6
115224.877270115,-85.5898251999121,62324.0348216693,89.9593913559021,62101.51295156,90.3870860241113,22754.9110161802,27.2450988069389,12029.8353167866,-157.381819199673,12029.8291430655,-157.381777256509,4675.10642370963,-70.2181456581603,7.52123377428156,25.7767684590296,4979.14655317855,94.806570385166,3155.10039142406,-137.202912304331,0.127256262579139,145.495322040486,3155.13404241689,42.7948017371986,19932.1590025964,-173.574213943512,1.20922288464782,104.242077579917,19932.3237689779,6.42234242030871,1.00179706051495,0.993045642461472,2.54977112269667,5.11122872419127,0.00875141805348012,2.5614576014946,396161.253432373,396873.17917847,4264.45063111565,5811635.26787749,1520074.68665701,4264.45063111565,1517347.92062141,5822079.12814469,4264.45063111565,67221.9816735258,66754.4959785197,766.907058791554,986137.932686963,255678.198681861,766.907058791554,257468.728273264,979279.976920753,766.907058791554,9653.93557520815,24615.3261500398,433.733575755776,141622.008655812,94279.8257668493,433.733575755776,36975.7994855389,361103.708008886,433.733575755776,67221.9816735258,66754.4959785197,766.907058791554,986137.932686963,50109.7459530593,766.907058791554,257468.728273264,979279.976920753,766.907058791554,6
57036.4884237229,-43.0402575497564,30047.3266056963,134.0759884484,30019.4760851403,134.235264690773,12358.822550223,63.7387792449861,6612.6840762812,-119.649074068879,6612.68443343969,-119.648973423288,3871.09093502617,-79.5727726665989,3.99493689146403,62.5851731304607,3284.04569135576,108.901925157861,1798.0111074839,-114.363429499712,0.140702802318534,147.965775842719,1797.9956162576,65.6321213340981,10998.9148493427,-122.944187493624,1.20811994488112,104.353117059285,10998.095701647,57.051187277695,0.644884831557962,1.01045233262653,1.44596352852303,1.24797034134158,0.365567501068571,0.197993187181444,559156.594095728,360591.605997947,1398.86047372879,8202756.21191641,1381111.65292928,1398.86047372879,2141640.77885456,5289833.05803274,1398.86047372879,36876.9308391057,37262.3807864817,384.797278386237,540979.891341672,142719.651439671,384.797278386237,141243.329181784,546634.39311024,384.797278386237,16294.7469528585,23561.6098003451,261.609851492233,239041.868057238,90243.9583056037,261.609851492233,62410.9505706433,345645.823000781,261.609851492233,36876.9308391057,37262.3807864817,384.797278386237,540979.891341672,48307.01486284,384.797278386237,141243.329181784,546634.39311024,384.797278386237,6
24311.0298940424,-21.691754110162,12756.3033239246,154.985826178907,12790.1346848982,154.36285605217,4895.35695379574,79.5969859121599,2631.9786516818,-104.045251453062,2631.98880577296,-104.045138808323,3350.22111767577,-83.6410342225382,1.90078649096107,-101.633938723682,3351.39011446006,96.3524739779959,701.747374706493,-95.3674634838615,0.142278755838049,102.145470373908,701.614229786332,84.6290174110353,4378.3107344841,-102.537899783235,1.20837413828923,104.324703145028,4377.23290870695,77.4549532607461,0.822706665299492,1.03774994742623,1.8723775454736,1.04737799105596,0.215043282126737,0.824999554417641,557482.616793073,458644.664624264,676.645703987224,8178199.17751326,1756667.3220619,676.645703987224,2135229.2331586,6728258.97348698,676.645703987224,14686.0805160056,15240.4792833821,164.507835184928,215442.935759683,58372.9714846058,164.507835184928,56249.5537864196,223575.895257963,164.507835184928,12971.7958927612,24288.0993540727,0.223894644703189,190294.598083273,93026.5055743006,0.223894644703189,49683.6259328086,356303.332476045,0.223894644703189,14686.0805160056,15240.4792833821,164.507835184928,215442.935759683,50173.6855872467,164.507835184928,56249.5537864196,223575.895257963,164.507835184928,6
32593.3164506686,-28.1805713050042,16926.8610704389,151.386983429621,16862.846507452,152.359889805283,6673.00942727415,75.5912261533127,3584.7181852159,-107.964373290943,3584.71827451812,-107.964190829452,2889.14145332404,-77.1577201253196,2.44957807343991,74.4624812864485,2885.780066611,102.878352636132,936.206226469749,-93.1170780780829,0.137940956545765,163.873426799727,936.174151704877,86.8747102788627,5963.69578777215,-107.220278577715,1.20827907740205,104.280558006365,5962.66555270276,72.7736548288534,0.769249452704689,1.01906860786428,1.5531948816634,1.0929212457466,0.249819155159587,0.460273635916803,566667.950158224,435909.010524502,400.36516122652,8312946.85126888,1669586.87900153,400.36516122652,2170410.22665827,6394729.81570176,400.36516122652,20099.756491035,20483.03086573,220.240453665632,294860.874674078,78452.6099482497,220.240453665632,76984.6204100699,300483.461067755,220.240453665632,15503.8764406255,24080.5415335213,0.457301278324329,227439.8980983,92231.532757818,0.457301278324329,59381.8160532709,353258.485612326,0.457301278324329,20099.756491035,20483.03086573,220.240453665632,294860.874674078,49723.7197059227,220.240453665632,76984.6204100699,300483.461067755,220.240453665632,6
46142.6592345127,-34.4669356870534,24895.2287306721,137.686898138239,24971.7970144198,137.210556464349,9864.31176354568,68.8666929885623,5288.45072197948,-114.573862958198,5288.45432630583,-114.573760735276,4209.25822734682,-84.6832852365647,1.15222749624816,-112.295502746033,4272.68662125623,94.8732189676807,1403.37520077601,-103.547830510413,0.122081014727068,134.613426570833,1403.30978656583,76.4479413858988,8802.11052900119,-115.820532863011,1.20830075020753,104.30283826494,8801.18657686013,64.17439797735,0.697174314622731,1.01172833751573,2.28112665390642,1.18173567427606,0.314554022892999,1.09939097963036,556450.280588582,387942.842990971,2583.68594269291,8163054.9365196,1485870.36473721,2583.68594269291,2131275.25436916,5691072.23059576,2583.68594269291,29568.2552054678,29915.0416822687,314.937401676252,433762.548136305,114578.409419441,314.937401676252,113250.173164849,438849.861702531,314.937401676252,10632.5724289317,24254.2443672266,23.4223497029842,155978.486994538,92896.8366744562,23.4223497029842,40724.1029406985,355806.684119237,23.4223497029842,29568.2552054678,29915.0416822687,314.937401676252,433762.548136305,48900.4231284566,314.937401676252,113250.173164849,438849.861702531,314.937401676252,6
745023.896222161,60.3268599819243,434987.758513426,-119.023113292405,432930.06041543,-119.039249996273,209330.759776029,-115.570205156655,116213.426651343,64.2584483543876,116213.487725825,64.2584436608652,16429.5619426101,56.5819783587914,29.2036959566396,64.3716418088765,13761.9839718423,-124.939846301488,27232.6445118988,64.5448772638245,0.745965234183471,-124.623384089187,27232.0048090805,-115.454873283474,1316773.99714307,-121.619195611141,1.20834850842704,104.264094409567,1316773.18810756,58.380766641905,0.888267277031603,0.999694320124943,0.266075992725857,0.245913145963132,0.11142704309334,0.0201628467627245,2924432.64721558,2597677.8244045,41064.4095568925,42901055.4763696,9949436.0217067,41064.4095568925,11200948.4971185,38107603.7297766,41064.4095568925,646543.395050512,646345.759746294,7701.04677697226,9484709.48214582,2475586.35797007,7701.04677697226,2476343.32628865,9481810.19733637,7701.04677697226,86144.0700672771,22920.8689605965,908.837450784599,1263722.56596002,87789.8395031556,908.837450784599,329942.730284604,336246.236267879,908.837450784599,646543.395050512,646345.759746294,7701.04677697226,9484709.48214582,128137.090806823,7701.04677697226,2476343.32628865,9481810.19733637,7701.04677697226,6
160186691571.029,20.6885864864375,84541344611.0867,-159.311412088772,84542513587.9355,-159.311412088218,10395177492.7389,-159.311373886913,5500052635.70532,20.6886280907995,5500052034.83595,20.688628090721,2834304854.0293,20.6885287303752,1868348.16579625,20.6886267962662,2834955214.69628,-159.311471247125,1177921074.62858,20.6886257310285,6264.50052359345,20.6894622634966,1177926602.62093,-159.311374264523,57564485100503.3,-159.311415791675,298781.987781592,20.6888148624012,57564484582571.9,20.6885842083243,0.999989392944886,1.00000007797569,0.206376166481221,0.207028210721967,1.06850308053685e-05,0.000652044240745692,467948937550.321,467943973990.149,2965722197.76523,6864751475493.51,1792284858121.49,2965722197.76523,1792303869187.42,6864678660696.27,2965722197.76523,30451928721.3252,30451931095.8354,201642390.352934,446725926370.676,116634764068.516,201642390.352934,116634754973.84,446725961204.439,201642390.352934,12915673285.5695,2665487140.19976,405995.832937102,189471286564.405,10209154314.2688,405995.832937102,49468669218.6315,39102357779.4268,405995.832937102,30451928721.3252,30451931095.8354,201642390.352934,446725926370.676,4256028134.42267,201642390.352934,116634754973.84,446725961204.439,201642390.352934,7
96364.4108525473,-70.6834365424294,53946.4182586848,102.536603888557,54034.2784267462,102.363261300105,20610.943418252,42.5284276111827,11198.0356242888,-142.699315514333,11198.0523511325,-142.699340929681,4408.40204561898,-76.4569302657059,3.66188594007887,-139.276940401227,3957.27449163274,123.039634524144,2317.19959167609,-134.174252184478,0.215202671238948,21.1574817081637,2317.00737981704,45.8279614581901,18022.6854898857,-155.805155675206,1.21033194014116,104.341502985434,18022.4785657901,24.1910532826,0.733898135043471,0.999277185740598,1.09495431512354,2.26818608485731,0.265379050697127,1.17323176973377,460412.042730071,337895.539511154,5634.78573482866,6754186.18580871,1294182.83545496,5634.78573482866,1763436.6046976,4956884.64550139,5634.78573482866,62576.6695102209,62531.4382011931,886.492603420572,917991.793293825,239503.350986453,886.492603420572,239676.592645262,917328.255735619,886.492603420572,20366.0255715916,22299.8675815305,496.092744246538,298767.008264631,85411.3253424072,496.092744246538,78004.4648098132,327136.224915907,496.092744246538,62576.6695102209,62531.4382011931,886.492603420572,917991.793293825,37720.7358398462,886.492603420572,239676.592645262,917328.255735619,886.492603420572,7
91265.9768457484,-67.0563531565709,51431.7486166889,105.245658821156,51370.7809507971,105.369683018833,19752.8628335848,45.7323325156785,10751.4927837701,-139.314849366427,10751.4812975486,-139.314769084554,4103.26857120339,-70.9351460148729,0.728950640461329,44.0728341017023,4177.40713206551,106.960221647831,2212.1819786391,-128.301163954723,0.239144247942295,171.390197325213,2212.29582085205,51.6934718595418,17319.3345742752,-150.960217173616,1.21020323333451,104.367124918831,17319.0278560072,29.0359097286526,0.698464982951853,0.999159006364844,1.60478510884496,2.13520097863238,0.300694023412991,0.530415869787418,473830.999083466,330954.360696892,5783.78822187948,6951040.57105163,1267597.23893529,5783.78822187948,1814832.91199248,4855058.43395722,5783.78822187948,60108.1257689032,60057.5752177104,843.2870291912,881778.57016046,230028.141532305,843.2870291912,230221.75656425,881036.999995338,843.2870291912,14669.4455064156,23541.3077037084,56.6366778039235,215198.90228196,90166.1986967347,56.6366778039235,56185.8395867292,345347.993821871,56.6366778039235,60108.1257689032,60057.5752177104,843.2870291912,881778.57016046,37472.5045793062,843.2870291912,230221.75656425,881036.999995338,843.2870291912,7
56630.6055561516,-121.104621524381,29294.4986677702,44.9852729374479,28778.0360732643,42.0914117520117,33698.1694937475,-63.9371076631782,20996.0215107852,110.930524591728,20996.004801424,110.930522220762,2228.16783893551,-137.824708489967,14.3318369826751,-65.8581878099507,2227.41871919391,42.1160093056077,3024.284071172,125.557614503971,0.211368270680959,113.904041986026,3024.49162627883,-54.4431963877849,59920.5107327998,-123.019871586736,1.20999997974168,104.337349729861,59919.6911047632,56.9792773239554,1.54436980737186,0.994453716508701,1.55710504436254,0.802471994558213,0.54991609086316,0.754633049804325,366965.667823981,566730.697729407,5120.77006489419,5383339.73539418,2170650.55782603,5120.77006489419,1405525.11934945,8313867.350168,5120.77006489419,118478.248244656,117821.134292339,2984.34792883057,1738060.85276971,451269.909853148,2984.34792883057,453786.73975643,1728421.07455512,2984.34792883057,16991.7193770571,26457.8919544083,5.58518049917283,249266.364991546,101337.086838303,5.58518049917283,65080.4434840101,388133.914318249,5.58518049917283,118478.248244656,117821.134292339,2984.34792883057,1738060.85276971,50186.0088097671,2984.34792883057,453786.73975643,1728421.07455512,2984.34792883057,7
42256.3994198911,-31.3434530368648,23154.4502534091,140.299455484896,23245.4417854602,139.663103201549,8945.52609649361,71.0689905727577,4945.81964027054,-113.768021144364,4945.83655511581,-113.768019661943,3299.3811481727,-77.3068388060569,2.97474139015754,-110.568083429619,4016.55341457032,96.2089814279344,964.307731190969,-95.8842122255298,0.207573294977672,66.7013286652197,964.106998577825,84.1195213379308,8051.17358503532,-113.575128835165,1.21085686930679,104.282408716479,8050.21746858892,66.4195822798545,0.711839499447643,1.00594937478826,2.1498161288976,1.18717781239805,0.294109875340618,0.962638316499551,559402.439087447,398204.752229798,2640.55090127891,8206362.72671795,1525174.78057857,2640.55090127891,2142582.39639981,5841613.1356727,2640.55090127891,27773.2499900375,27938.4834633164,414.186531838553,407430.049625571,107007.940380559,414.186531838553,106375.075190123,409854.003690794,414.186531838553,11314.3187037424,24323.7048367933,274.665606157571,165979.618251335,93162.8790956905,274.665606157571,43335.2777679007,356825.660384986,274.665606157571,27773.2499900375,27938.4834633164,414.186531838553,407430.049625571,37009.1470266021,414.186531838553,106375.075190123,409854.003690794,414.186531838553,7
66002.9350084942,-48.8284723395957,36312.1550183876,124.558473350137,36145.1205271003,125.184915390594,14483.3050740368,59.3868048469801,7955.31276090312,-125.323711792866,7955.3064053543,-125.323606312916,5181.22493735917,-90.0677169217142,10.9458546479261,57.7323436880395,5176.46239610562,89.9654827191582,1764.04862197009,-120.055977749707,0.196387705225223,170.542016445898,1764.12098447534,59.938047558348,12934.7251407126,-130.017364512071,1.20944212233909,104.382926778406,12934.0212937162,49.9782791646604,0.619392113207826,1.00539291228905,3.06585337593567,1.38531197476014,0.386000799081228,1.68054140117552,541017.470756651,335101.954494315,3339.50810003029,7936657.57654404,1283483.05000231,3339.50810003029,2072165.63245399,4915903.10814252,3339.50810003029,44472.2916902203,44712.1268585989,634.514059803488,652402.870272973,171253.125154596,634.514059803488,170334.525996102,655921.221729483,634.514059803488,8036.49793573069,24638.72432696,1.77224858515974,117894.403929863,94369.4437564648,1.77224858515974,30780.8078811545,361446.956292294,1.77224858515974,44472.2916902203,44712.1268585989,634.514059803488,652402.870272973,39253.7487919085,634.514059803488,170334.525996102,655921.221729483,634.514059803488,7
84969.651863988,-62.7078699056021,47334.5405630407,110.546201035289,47756.7862190548,109.576351218565,18552.3669406355,49.4402432947226,10122.1086371455,-135.451010502405,10122.1212020653,-135.451014158862,3678.31349878641,-61.3017191071463,4.94773736271143,-132.25490832421,3682.53083727839,118.509119373853,2252.93956636469,-127.39887949122,0.165866232974528,42.1041175564529,2252.77900290123,52.6018835989127,16348.3182190384,-145.258670977456,1.20998789005714,104.317077857973,16347.89612926,34.7373548780505,0.653844158396664,1.00092303357414,1.24864436207618,1.82126758482185,0.347078875177473,0.572623222745673,492268.186789125,321866.678296587,5082.49201420872,7221511.77282194,1232790.26103449,5082.49201420872,1885449.68277686,4721743.28745236,5082.49201420872,56598.2473933662,56650.4894759476,791.658425917389,830289.1002123,216978.570376994,791.658425917389,216778.476564975,831055.484928036,791.658425917389,18432.5856540176,23015.7441553753,2.6380700582481,270403.690257275,88153.2235501035,2.6380700582481,70599.1443420505,337638.04332434,2.6380700582481,56598.2473933662,56650.4894759476,791.658425917389,830289.1002123,39974.5698664811,791.658425917389,216778.476564975,831055.484928036,791.658425917389,7
1554662.84772415,55.1905946844235,940003.11201102,-124.377225664352,952401.181940221,-124.35161370545,359470.324045978,-122.380461891494,205073.355186731,57.5364064500269,205073.163284066,57.5364041855645,47677.0538411076,54.254655476564,275.812857603604,-122.410820884494,47529.4895206622,-125.755708590151,41543.0146691725,57.6059482231223,2.21887429714134,60.0665179577382,41545.0998354859,-122.393920348442,3254479.8246091,-125.557391492868,1.24259141537083,102.551898806688,3254478.93255155,54.4425922221433,0.920507756713302,0.999886595950366,0.176421773216973,0.222393095104222,0.0793788392370638,0.0459713218872483,5850492.31961789,5385423.56079986,112652.044956182,85825979.2055656,20626856.2885597,112652.044956182,22408128.7073652,79003479.5862377,112652.044956182,1144503.54330972,1144373.75197308,16891.7001357996,16789721.606747,4383096.82717747,16891.7001357996,4383593.94448273,16787817.5843246,16891.7001357996,240995.419315328,42516.8392127783,42.6658393273843,3535372.19037745,162844.894628033,42.6658393273843,923043.066956123,623716.630808366,42.6658393273843,1144503.54330972,1144373.75197308,16891.7001357996,16789721.606747,169665.199812456,16891.7001357996,4383593.94448273,16787817.5843246,16891.7001357996,7
117623.632833903,-99.2138197609327,64652.3032535576,74.9147059250059,64739.3649420335,74.532009889362,22352.7561985873,-0.715219830876574,12554.4472991262,170.224938941536,12554.4609176532,170.224892248288,5279.41905594259,-106.048410615548,2.62710372519875,176.125706130898,5484.66847478433,66.3268403485348,2665.1187080834,-170.71732421862,0.2077589104261,-46.2781200434765,2665.00437411329,9.28634369046219,20242.0008712701,-177.893798796707,1.20985753822127,104.318596426068,20242.25698933,2.10285419332632,1.65859920570396,0.990742317062554,11.3357222851798,3.55676569570377,0.667856888641408,7.77895658947604,297085.508871898,492745.789041088,5869.73659194035,4358206.67966961,1887278.96006641,5869.73659194035,1137875.23446051,7228518.13719372,5869.73659194035,70622.4311536964,69968.6310778039,1551.31212096664,1036022.09463964,267988.744368096,1551.31212096664,270492.881703745,1026430.93057128,1551.31212096664,2374.90044099234,26921.2118540402,247.265010632244,34839.4878120633,103111.660904288,247.265010632244,9096.17034629499,394930.758395457,247.265010632244,70622.4311536964,69968.6310778039,1551.31212096664,1036022.09463964,47222.801567434,1551.31212096664,270492.881703745,1026430.93057128,1551.31212096664,7
42587.0217093967,-32.4176496625701,23193.558186309,140.651572709366,23229.5236026699,140.390421098833,8992.34428820789,70.9478829235835,4971.57483041504,-113.887255601182,4971.57825276873,-113.887176478207,3977.41116666157,-83.4904148803348,4.01263294985514,-110.693954871796,3981.02934226713,96.48282226858,1050.19826968904,-96.0151823606388,0.0924838291127574,129.959763257707,1050.13367796298,83.9811939834754,8096.77847013095,-113.723039680321,1.21022581062242,104.276709679393,8095.82481443,66.2716872016846,0.709639205468716,1.00632964481154,2.07658044437236,1.18938264418086,0.296690439342827,0.887197800191497,560946.564118635,398069.674071554,2245.06432024391,8229014.84479239,1524657.41407501,2245.06432024391,2148496.59140235,5839631.55624874,2245.06432024391,27937.9534069311,28114.7907287584,416.411233835662,409846.227830949,107683.219601561,416.411233835662,107005.910197276,412440.40888047,416.411233835662,11660.3370469132,24213.6278864104,0.0183455247548477,171055.663394772,92741.2703938683,0.0183455247548477,44660.5719731215,355210.845504724,0.0183455247548477,27937.9534069311,28114.7907287584,416.411233835662,409846.227830949,40068.5030686987,416.411233835662,107005.910197276,412440.40888047,416.411233835662,7
76641.7321285467,-57.2137317438841,41936.5000842306,117.820420540516,41834.0733341657,118.128243332291,16767.0137234169,54.1123515943852,9177.25682366426,-130.654181472285,9177.25780287256,-130.65411881663,5587.58797782675,-93.2283859696142,4.68301095706925,52.4441268006188,4860.40272583171,92.8579053605461,2200.260967558,-125.337476991922,0.120746672139898,139.565277214906,2200.25659063285,54.6593847271315,14879.6941382102,-138.030952295262,1.20887720906154,104.387505902144,14879.1347532252,41.9649216616185,0.612694623938265,1.00352236677452,2.5412533866009,1.55671839685354,0.390827742836256,0.984534989747352,522983.794890394,320429.359536177,3284.55341554845,7672105.84220413,1227285.14761544,3284.55341554845,2003094.36326816,4700658.00380382,3284.55341554845,51316.2423219644,51496.9969489126,721.700593841915,752802.756729427,197240.039407384,721.700593841915,196547.726226915,755454.404147499,721.700593841915,9524.08827232251,24203.1215763255,303.025851520813,139717.165215544,92701.0298917428,303.025851520813,36478.4678224224,355056.719270278,303.025851520813,51316.2423219644,51496.9969489126,721.700593841915,752802.756729427,42451.4236203167,721.700593841915,196547.726226915,755454.404147499,721.700593841915,7
42617.2701708262,-33.380128172143,22789.5175262159,143.379645481984,22876.1138559976,142.642160330581,8950.52847612767,71.1241901103324,4948.80986650625,-113.718757851724,4948.81213779394,-113.718655352326,3981.31940527365,-83.4857820171642,1.7799601236431,69.4446924200608,3719.21158283713,98.5985778223935,1160.82813202748,-105.549418407199,0.111493590150749,140.445869809763,1160.78417655448,74.4455482341397,8066.51366423069,-113.574896739953,1.20934289590779,104.336247252941,8065.55963659797,66.4198246920646,0.708882037643294,1.01322912166654,1.88574951595961,1.15474946797461,0.304347084023247,0.731000047984999,564958.850005652,400489.180776619,1389.01859077585,8287874.5691187,1533924.43207854,1389.01859077585,2163864.15598586,5875125.4122889,1389.01859077585,27711.9205817147,28078.5249507037,414.705698784299,406530.35499547,107544.317065171,414.705698784299,106140.175766251,411908.394522848,414.705698784299,12775.0227881028,24090.4930390378,98.4548320635618,187407.961631843,92269.6482879758,98.4548320635618,48929.9599480593,353404.472934224,98.4548320635618,27711.9205817147,28078.5249507037,414.705698784299,406530.35499547,42876.2743581591,414.705698784299,106140.175766251,411908.394522848,414.705698784299,7
74197.7571951976,-55.0621889033165,41181.8880120193,117.913834624138,40844.6000139418,118.919610525019,16311.7957650184,55.1265869801313,8934.74913110397,-129.61832087993,8934.75858491837,-129.618295610626,3978.67090347454,-76.0136811602444,11.3692553971678,-126.484022003857,3984.06243965775,103.892449545572,2102.65912112332,-116.146317428208,0.128169384028262,72.3308804275595,2102.53207269343,63.8531690778669,14496.2394597706,-136.365659740464,1.2096299677879,104.282797087438,14495.6465643053,43.6301728221175,0.617399263943648,1.00049458757958,1.70745138921961,1.67157429914524,0.38309532363593,0.0358770900743723,524418.972392716,323775.887553347,3962.49816007435,7693159.7138685,1240102.77499359,3962.49816007435,2008591.27539675,4749751.14474333,3962.49816007435,50061.5626772612,50086.3225043756,704.368777002817,734396.765709687,191836.97710246,704.368777002817,191742.143819645,734759.989228489,704.368777002817,13881.9723601949,23702.7929915231,0.968889693364189,203646.771250893,90784.707860752,0.968889693364189,53169.7174127137,347716.962482424,0.968889693364189,50061.5626772612,50086.3225043756,704.368777002817,734396.765709687,42894.5465749146,704.368777002817,191742.143819645,734759.989228489,704.368777002817,7
1456736804.91595,28.1673914292969,783565612.452861,-151.832384520556,779640609.192066,-151.832404386632,132418083.517893,-151.828484097577,71123481.4135737,28.1716561660445,71123468.9417315,28.1716561582898,20564785.5801464,28.1588459892977,65015.0322527872,-151.828438335257,32675473.8524923,-151.836440958554,18027768.30736,28.1712048422268,208.723074358201,28.203593744573,18027891.528848,-151.828794784476,52657621684.48,-151.832944186417,1227.97585599402,-151.887730476954,52657621097.1856,28.1670558123054,1.00311613818005,1.00000071395528,0.229766479429323,0.206980223455918,0.00311542422476951,0.0227862559734044,4327729044.36264,4341214846.07067,35489792.1472842,63487235377.3211,16627404276.8814,35489792.1472842,16575751943.3876,63685070375.426,35489792.1472842,394454879.906011,394455161.529154,3276286.32672197,5786602984.98748,1510813371.92613,3276286.32672197,1510812293.27372,5786607116.36322,3276286.32672197,153028089.34901,35160725.3435178,4058567.83077227,2244902633.287,134670044.14311,4058567.83077227,586117019.669682,515803374.711969,4058567.83077227,394454879.906011,394455161.529154,3276286.32672197,5786602984.98748,65131649.5452065,3276286.32672197,1510812293.27372,5786607116.36322,3276286.32672197,7
33748.7462828223,-27.4506891628483,18287.5226048842,146.242224310342,18102.3144336877,148.219204071305,6948.89878172109,75.3254123456114,3848.78501075109,-109.61853367453,3848.79233740968,-109.618444988691,4242.42447379126,-86.4463271607968,7.66765860696363,-106.341750375354,4251.22844001778,93.5107386961534,871.774224271967,-91.1916884700874,0.115062721568264,109.194964043364,871.669217896864,88.8056261864412,6267.64895037752,-108.182609682489,1.20979509279353,104.263884119254,6266.62818735254,71.8114558771884,0.757369063566108,1.01152616370202,2.36856751123844,1.11722243687277,0.254157100135915,1.25134507436568,563255.283518641,426592.126627176,1412.74419017019,8262883.46513943,1633902.03025422,1412.74419017019,2157339.27995543,6258052.31234853,1412.74419017019,21675.6925285844,21925.5301090236,329.124023715424,317979.65617123,83977.5652747632,329.124023715424,83020.6556075809,321644.741742173,329.124023715424,10286.8829241219,24365.1766859886,0.564601871459606,150907.265868086,93321.721545818,0.564601871459606,39400.0682281685,357434.047144971,0.564601871459606,21675.6925285844,21925.5301090236,329.124023715424,317979.65617123,43519.1671378252,329.124023715424,83020.6556075809,321644.741742173,329.124023715424,7
71172.6648772742,-52.425496884891,39590.4234832841,119.888351188851,39311.2058279288,120.771677419798,15687.1658255208,56.6446912360236,8601.27047014997,-128.085589801131,8601.26925495243,-128.085511675874,4952.16265289972,-88.2443938283609,0.229003030729991,-125.098853634483,4953.10028191796,91.7474965535689,2205.35645626354,-122.807992124358,0.143153343365859,150.652397491574,2205.3623738684,57.1882982329305,13976.8192874748,-134.145278603179,1.20843346757808,104.372853019142,13976.1881178445,45.8504965923274,0.617413254950363,1.00484502794411,2.77213498360168,1.46844791200935,0.387431772993746,1.30368707159233,528790.493610431,326482.259846825,4093.012215987,7757289.37486645,1250468.5246381,4093.012215987,2025334.75692651,4789453.28252817,4093.012215987,48118.2586586911,48351.3929665143,680.902493392959,705888.742593646,185191.976603571,680.902493392959,184299.04259214,709308.793276944,680.902493392959,8817.47152297877,24443.221275761,0.313899197172163,129351.187256369,93620.642237786,0.313899197172163,33772.035918738,358578.951363792,0.313899197172163,48118.2586586911,48351.3929665143,680.902493392959,705888.742593646,45322.3023510718,680.902493392959,184299.04259214,709308.793276944,680.902493392959,7
42018.6578920814,-32.8060249383763,22722.9352046968,141.766486359031,22713.9003434826,141.836954004252,8821.4729931526,71.3858028315475,4878.13721272688,-113.463908455485,4878.14732974831,-113.463853591498,4433.97097977871,-86.5068592122969,7.27902147827781,-110.305481530786,4442.04402780009,93.4472252988512,1225.93342670056,-105.289875884092,0.136981166818509,90.9605237119297,1225.80002215437,74.7083401877923,7954.94946438346,-113.232486365986,1.20878828528197,104.331781457381,7953.99123752346,66.7622051683047,0.711982179456637,1.01446899715193,2.44987533587225,1.15081515596292,0.302486817695295,1.29906017990933,562234.122422087,400300.675846967,1798.85348518935,8247903.16155976,1533202.43425428,1798.85348518935,2153428.10324884,5872360.06891461,1798.85348518935,27328.6295563373,27724.0474195542,409.523173671542,400907.524338397,106186.623095514,409.523173671542,104672.122453843,406708.254166237,409.523173671542,9932.69705420081,24333.8695317775,0.514235621441528,145711.404144652,93201.8111685887,0.514235621441528,38043.4913580634,356974.775169296,0.514235621441528,27328.6295563373,27724.0474195542,409.523173671542,400907.524338397,45943.4521195287,409.523173671542,104672.122453843,406708.254166237,409.523173671542,7
45787.2719151855,-34.5834821908813,25028.0667947832,138.124545481152,24902.4816957711,138.952323209424,9740.13999296675,69.3586070968287,5381.2240542367,-115.446377559821,5381.22265304824,-115.446256064593,4180.69049401516,-84.4645181268436,1.56417064976183,67.7596121001488,4418.27988070629,93.9222238889049,1326.90071933244,-101.303814433403,0.139448196547303,163.381148724623,1326.88619003244,78.6902035467508,8774.1144792525,-115.828752023261,1.20885194086475,104.289321806149,8773.19000417621,64.1661608790167,0.691459153167407,1.00821261564575,2.4150820831141,1.20906709016877,0.316753462478344,1.20601499294532,560439.855420095,387521.267830043,2377.25799862385,8221581.4925464,1484255.67832283,2377.25799862385,2146555.83272535,5684887.77653296,2377.25799862385,30227.6962328487,30475.9446838656,447.976457333065,443436.464246495,116726.739160852,447.976457333065,115775.916061206,447078.237490662,447.976457333065,10081.5374385006,24347.7404379667,89.3982592703347,147894.873676784,93254.9385011609,89.3982592703347,38613.5689354767,357178.259601224,89.3982592703347,30227.6962328487,30475.9446838656,447.976457333065,443436.464246495,45974.0638439841,447.976457333065,115775.916061206,447078.237490662,447.976457333065,7
84180.0042886731,-62.2740577838214,47082.0844375263,110.518799930503,46856.5313684695,111.050172248152,18389.3464354071,49.8164345300413,10036.3648496935,-135.061794107726,10036.3483695303,-135.061678205852,4384.6786864052,-80.0801609112839,4.23856439729531,-131.866736970148,4410.52296422443,99.4956109054959,2566.09969589621,-124.32417020764,0.3117838699896,172.830540584495,2566.25503707811,55.6695975473826,16230.3009800132,-144.627880578697,1.20896561900191,104.293228925273,16229.8668272835,35.3681370352801,0.647169886523281,1.00008546421404,1.986486852116,1.87669833555565,0.352915577690757,0.109788516560347,497233.840576098,321794.768181169,4862.85727339264,7294357.28314485,1232514.8361585,4862.85727339264,1904468.76751296,4720688.37519312,4862.85727339264,56204.4686847096,56209.2721554512,785.804641711809,824512.416573655,215288.651996545,785.804641711809,215270.254093473,824582.882879302,785.804641711809,12035.7647451784,23908.8884214581,12.4439798543595,176563.140041901,91574.0795354227,12.4439798543595,46098.5077438989,350740.356261553,12.4439798543595,56204.4686847096,56209.2721554512,785.804641711809,824512.416573655,46230.8394915807,785.804641711809,215270.254093473,824582.882879302,785.804641711809,7
51988.4749625325,-38.7491708305315,28687.3541770428,132.972992872604,28558.9718009595,133.631165675688,11215.2363412379,66.2096739164577,6186.23789517481,-118.54096328398,6186.23888919676,-118.540878052154,4068.14277296667,-82.5593179212588,1.55144106684859,-115.415116433725,4073.83714221341,97.3890296764968,1517.92996870031,-101.200676102969,0.113213375204626,142.018377707227,1517.88345640556,78.7954659325922,10084.1797399486,-120.063488056482,1.20948153600582,104.244129259563,10083.3144912597,59.9317113884568,0.66460126995226,1.00376080814784,2.05035183764164,1.29775803582634,0.339159538195579,0.7525938018153,554385.435332597,368445.264365081,3089.27237782791,8132763.91888873,1411192.16203863,3089.27237782791,2123366.63476432,5405045.22871537,3089.27237782791,34774.0990346315,34904.8777496147,507.968676920239,510131.615869465,133690.115360975,507.968676920239,133189.216271218,512050.123006897,507.968676920239,11763.8812353545,24120.0955087071,1.74104434061467,172574.643487135,92383.0295068828,1.74104434061467,45057.159366923,353838.737404198,1.74104434061467,34774.0990346315,34904.8777496147,507.968676920239,510131.615869465,45920.86249863,507.968676920239,133189.216271218,512050.123006897,507.968676920239,7
46831.3937418047,-34.9811972289926,25771.2239962274,136.654163356954,25740.9395024281,136.83436254711,9989.40218737382,68.9269228050162,5517.68296771303,-115.873827296307,5517.6932329626,-115.87377754859,3771.05834442733,-80.7932338692698,0.527356708135947,-112.768036333099,4035.39159470676,96.8927990578551,1496.63684673995,-110.490318531564,0.137152857830175,89.1211715925037,1496.51188796547,69.5079125586873,9003.92006034193,-116.497887214963,1.20807462107557,104.355447208313,9003.00652577195,63.4970836932882,0.687858452968097,1.01425459893882,2.09441964996054,1.1774007360635,0.32639614597072,0.91701891389704,556488.551119316,382785.353867391,2849.96835550403,8163616.36034439,1466116.52629519,2849.96835550403,2131421.83536296,5615412.52025154,2849.96835550403,30881.8238911585,31322.0319052261,458.265733835128,453032.433907309,119967.36068775,458.265733835128,118281.308079123,459490.229558934,458.265733835128,11544.1116669268,24178.2143165503,102.396477378868,169350.651833195,92605.6319231107,102.396477378868,44215.4140049513,354691.33293307,102.396477378868,30881.8238911585,31322.0319052261,458.265733835128,453032.433907309,48638.6495687929,458.265733835128,118281.308079123,459490.229558934,458.265733835128,7
28110.2227589492,107.177355643419,26002.3276237761,-72.4557472718615,24818.2987985852,-71.799197171724,52288.8976914907,-85.0236823023456,32135.6848046866,92.5232160828776,32135.6961962985,92.5232004683001,2364.83848179805,102.90691846814,36.7224640232707,94.0584168002791,2408.02420894646,-77.2530122084493,7285.42977127123,96.436968381626,0.189629059356203,-121.262583401112,7285.29799659466,-83.5621255933082,139486.267110741,-116.629208501569,1.21019920279995,104.24635028966,139485.354521357,63.3704661817622,1.10214641580784,0.995701598687813,0.746565880395352,0.515741697257304,0.106444817120026,0.230824183138048,597879.122274129,658950.331700768,7556.5363187762,8770810.78179976,2523863.46957485,7556.5363187762,2289952.98027163,9666717.66688936,7556.5363187762,180888.476377066,180110.945112847,4079.40085776219,2653610.97219225,689847.797280328,4079.40085776219,692825.84078347,2642204.68730735,4079.40085776219,34854.5040401386,26021.1834944694,2.32464810111823,511311.147087296,99664.4379664994,2.32464810111823,133497.177655267,381727.456681184,2.32464810111823,180888.476377066,180110.945112847,4079.40085776219,2653610.97219225,77201.3842561849,4079.40085776219,692825.84078347,2642204.68730735,4079.40085776219,7
89472.8712920265,-111.3521423219,48016.9865308903,61.9360115563218,47845.9095579428,61.2425497661508,25954.2194511231,-41.9434319206235,15899.7254603626,130.206322376805,15899.7278163225,130.206301588774,4756.99078451192,-95.2147573001859,7.14157044265055,135.159231670727,4759.51894721488,84.821973438857,3440.08814539689,147.747336571598,0.077701844807747,-112.740824737938,3440.05320572605,-32.2513048425326,31643.0803073337,-138.737130722262,1.2085034689973,104.284489185597,31642.5306738928,41.2609191471088,1.85010091820078,0.989086142923395,3.85215673421801,1.16428885328469,0.86101477527739,2.68786788093332,289563.19888782,535721.140139512,4364.99848203589,4247855.34767889,2051880.01345615,4364.99848203589,1109063.83174578,7858961.07912483,4364.99848203589,89962.0669058534,88980.233765327,2349.81827696515,1319732.09462409,340805.597494592,2349.81827696515,344566.143134195,1305328.72716396,2349.81827696515,6478.5501944757,24956.3907596189,3.70114865174931,95039.5084544954,95586.1465431967,3.70114865174931,24813.670143305,366107.082509754,3.70114865174931,89962.0669058534,88980.233765327,2349.81827696515,1319732.09462409,63753.3201299433,2349.81827696515,344566.143134195,1305328.72716396,2349.81827696515,7
52140.1918168534,-39.9840743341633,28133.9589434778,135.627589225184,28056.7681703262,136.08862497245,11176.9443603837,66.3067691736091,6165.5119591552,-118.447355590737,6165.51482622138,-118.447265506453,3872.60906779481,-80.6998588688942,2.28245722011803,64.7179593496082,3871.23849983282,99.3141229580314,1628.00260987275,-104.547884826937,0.121614044941282,135.998405383781,1627.93960552757,75.4484095805605,10056.7630815382,-119.957647564618,1.20843257544585,104.277314678988,10055.8971375522,60.0375492181924,0.661381652996295,1.00621918881199,1.9020199413519,1.27684369515466,0.344837535815698,0.625176246197238,560422.067102067,370652.873115566,1899.6621191357,8221320.54018038,1419647.58396107,1899.6621191357,2146487.70120785,5437430.5686769,1899.6621191357,34636.1763864655,34851.5853071385,506.676341509521,508108.308139655,133485.998537143,506.676341509521,132660.955009956,511268.329644919,506.676341509521,12631.7372324626,24025.816110061,0.2059197601528,185305.980730577,92021.9274348008,0.2059197601528,48381.1580699803,352455.670601328,0.2059197601528,34636.1763864655,34851.5853071385,506.676341509521,508108.308139655,48829.904412334,506.676341509521,132660.955009956,511268.329644919,506.676341509521,7
94465.364797969,-70.0595880713894,52297.7131792216,104.528769902768,52305.5429519265,104.512388612311,20184.1587355705,43.9844394610246,10976.5185861741,-141.153376423754,10976.5225348374,-141.153342519881,4366.91921398357,-76.8207393465936,4.08529624664845,-137.726743004484,4047.70304457999,112.784008160018,3010.68297336475,-123.931813225987,0.0914389026045762,98.0216872671386,3010.61345073412,56.0670305076342,17705.2075810412,-153.499462917759,1.20875430033226,104.245771449584,17704.9509784522,26.4967145128888,0.701409150600289,0.996045720942721,1.35735593615218,2.55700044497039,0.294636570342432,1.19964450881821,471427.030589422,330663.233095743,4628.17634444577,6915774.6585935,1266482.18324417,4628.17634444577,1805625.4073108,4850787.62902707,4628.17634444577,61551.9776593861,61308.5839631935,865.996527341311,902959.693997333,234819.663929287,865.996527341311,235751.89270131,899389.139389793,865.996527341311,16909.2138670238,22951.8218180715,259.012577575019,248056.019639119,87908.3928788836,259.012577575019,64764.4369008218,336700.310755439,259.012577575019,61551.9776593861,61308.5839631935,865.996527341311,902959.693997333,50668.6841078561,865.996527341311,235751.89270131,899389.139389793,865.996527341311,7
152825883314.942,20.7432995390985,80665006915.8061,-159.256698963935,80666125370.8458,-159.256698963353,9945439651.61243,-159.25665893918,5262687577.84621,20.7433431283056,5262687001.783,20.7433431282235,2693010097.13442,20.7432386013263,1787584.58684082,20.7433417750318,2693632344.62531,-159.256761374837,1126941936.51974,20.7433406611121,6007.82200440459,20.7442131433307,1126947239.67088,-159.256659334237,53654200398179.9,-159.256702855201,278488.408372016,20.7435446082471,53654199915428.7,20.743297144798,0.999989292805058,1.00000007839217,0.206371495300254,0.207028175236607,1.07855871100959e-05,0.000656679936352822,446498210974.444,446493430231.058,2835082978.99439,6550072041273.57,1710126550899.22,2835082978.99439,1710144861753.64,6550001908375.34,2835082978.99439,29138090266.4707,29138092550.6688,193311640.426155,427452083120.304,111602595558.172,193311640.426155,111602586809.403,427452116629.2,193311640.426155,12271811816.8828,2532552154.69343,388445.698647034,180025920601.36,9699996434.52091,388445.698647034,47002598010.9714,37152218427.3075,388445.698647034,29138090266.4707,29138092550.6688,193311640.426155,427452083120.304,4071831577.53749,193311640.426155,111602586809.403,427452116629.2,193311640.426155,7
95878.8829714597,-70.322757836694,53669.4614051924,102.883801643285,53756.9216917606,102.710140981302,20535.7406968911,42.8392902026933,11158.9966362283,-142.36941561442,11159.0133645879,-142.369440690805,4386.01749213255,-76.1069933466816,3.64875327189909,-138.959701191201,3937.72088947914,123.423151878214,2308.47135509392,-133.871936276612,0.2149276932162,21.7452513704965,2308.27893666634,46.1302587552418,17960.4257824392,-155.346375558439,1.21033342442463,104.341549301221,17960.2093168245,24.6498256629814,0.728828783625684,0.999343109305942,1.08904289114002,2.24365997399461,0.270514325680259,1.15461708285459,462073.230349782,336772.270421822,5609.8149862818,6778555.5971876,1289880.57216639,5609.8149862818,1769799.16428336,4940406.43063731,5609.8149862818,62358.5450549986,62317.582307057,882.373799912834,914791.935241647,238684.255748167,882.373799912834,238841.148275827,914191.016932388,882.373799912834,20472.4070335484,22295.3293444108,494.313990525339,300327.610799079,85393.9433177966,494.313990525339,78411.9193215666,327069.649553803,494.313990525339,62358.5450549986,62317.582307057,882.373799912834,914791.935241647,37679.252431046,882.373799912834,238841.148275827,914191.016932388,882.373799912834,7
61171.6634648348,-119.380877603926,31722.2542885019,47.9785086805641,31197.5534603341,45.4144330639932,32571.4944297988,-61.7084455393612,20288.6469646333,112.861481682077,20288.6304574067,112.861480075282,2430.4070333673,-134.299190953596,13.8495944723527,-63.7400795806107,2429.62845081428,45.6487248018625,2928.10195386349,128.400702839794,0.208464770309821,114.88140656933,2928.30516657812,-51.6002528921717,55611.4372339451,-124.162072614377,1.21005045398173,104.335798824524,55610.6354504122,55.8369936796855,1.58986743867749,0.994164927072815,1.66741988468892,0.836203085678734,0.595702511604676,0.831216799010184,354016.125491952,562838.710686419,5038.01445437636,5193371.59422024,2155743.75309539,5038.01445437636,1355926.72738088,8256772.39460337,5038.01445437636,114511.456102658,113843.273405301,2905.52292087894,1679868.51590426,436034.19739219,2905.52292087894,438593.421994914,1670066.36060588,2905.52292087894,15875.7082769452,26471.4716644988,5.39725867500204,232894.623907431,101389.09885283,5.39725867500204,60805.9792160544,388333.126940398,5.39725867500204,114511.456102658,113843.273405301,2905.52292087894,1679868.51590426,49840.0182960658,2905.52292087894,438593.421994914,1670066.36060588,2905.52292087894,7
90810.636150539,-66.721526139801,51167.932518083,105.567264345204,51107.3015214492,105.691495981913,19673.8327055694,45.9997930679912,10710.2218250912,-139.034225376283,10710.2104084407,-139.034145016576,4082.50862223877,-70.6066030162793,0.726079483969701,44.3447021628799,4156.20952675935,107.285396159502,2202.86253111054,-128.042463977295,0.238159841608308,171.586326094358,2202.9756777542,51.952167945074,17254.9271014392,-150.551089567793,1.21019850473922,104.366920790267,17254.6120291392,29.4450302615901,0.694788572109834,0.999216285511851,1.59117660521079,2.11647317372897,0.304427713402017,0.52529656851818,475260.797351586,330205.77077169,5757.0695066335,6972015.53003353,1264730.04443668,5757.0695066335,1820309.22097082,4844076.71483958,5757.0695066335,59877.9310692167,59831.0038671173,839.636149182213,878401.643155141,229160.344480684,839.636149182213,229340.081625367,877713.227060986,839.636149182213,14785.783172003,23526.7922730105,56.413498356044,216905.561059041,90110.6027534274,56.413498356044,56631.4276230136,345135.054297267,56.413498356044,59877.9310692167,59831.0038671173,839.636149182213,878401.643155141,37440.9904567862,839.636149182213,229340.081625367,877713.227060986,839.636149182213,7
42140.1856349666,-31.2660834936093,23089.2659945263,140.378048839448,23179.8863350537,139.741748226159,8918.35420490966,71.126775801936,4930.9247685374,-113.711513606264,4930.94164741507,-113.711511929937,3289.28095158565,-77.2353248071131,2.96572869789544,-110.510783070197,4004.18952110176,96.2777175422206,961.339280094999,-95.8207447466997,0.20713099278761,66.8132742995951,961.13892529748,84.1829823758535,8026.88917541862,-113.500068737778,1.21085664836287,104.282427964858,8025.93208710322,66.4946353178903,0.712451970289285,1.00599237935752,2.14154553251014,1.18607554942694,0.293540409068232,0.9554699830832,559437.128645629,398572.084556558,2632.44302508762,8206871.61813026,1526581.71004822,2632.44302508762,2142715.26181387,5847001.85424811,2632.44302508762,27689.9957622367,27855.9247212521,413.046875028447,406208.720678595,106691.72991193,413.046875028447,106056.200922784,408642.877431233,413.046875028447,11356.4962649126,24320.4538410916,273.833607726479,166598.357716352,93150.427369215,273.833607726479,43496.8231845306,356777.96869098,273.833607726479,27689.9957622367,27855.9247212521,413.046875028447,406208.720678595,37012.8003690714,413.046875028447,106056.200922784,408642.877431233,413.046875028447,7
65737.6208957338,-48.6341240244729,36161.018795744,124.750713203308,35995.0833670434,125.377405240787,14422.2537052722,59.5210404580226,7922.46984837596,-125.189176097659,7922.46354040927,-125.189070444297,5157.90154612995,-89.9050624628835,10.9000506402976,57.866597069996,5153.16041664065,90.1281738860881,1756.59596291658,-119.921526299488,0.195725451366188,170.57136899406,1756.66774258591,60.0724897855166,12882.1748021439,-129.817558287613,1.20944192763018,104.382821389132,12881.4675276871,50.1780785697178,0.619836901867875,1.00545535127283,3.03778137366293,1.38155165404716,0.385618449404959,1.65622971961577,541451.906303992,335611.872113922,3324.47089074471,7943030.69084201,1285436.09925459,3324.47089074471,2073829.57578185,4923383.53485296,3324.47089074471,44288.855277862,44530.4665408745,632.186807498076,649711.881403573,170557.343063414,632.186807498076,169631.941236874,653256.287942763,632.186807498076,8106.14998714736,24624.7114430743,1.76483233874773,118916.190677017,94315.7726312812,1.76483233874773,31047.5840852089,361241.389065592,1.76483233874773,44288.855277862,44530.4665408745,632.186807498076,649711.881403573,39252.5873792157,632.186807498076,169631.941236874,653256.287942763,632.186807498076,7
84559.1768265049,-62.406968054911,47098.1867339361,110.837987694325,47517.758988175,109.866801530302,18473.2348941379,49.6647831407319,10080.4457741339,-135.21854052572,10080.4583376549,-135.218543947244,3660.55611310824,-60.9994887377093,4.92690083402657,-132.027788456818,3664.73985053063,118.811146378748,2243.10530278477,-127.177017943892,0.165770045505274,42.5177712102717,2242.94472309205,52.8237341314945,16283.5569813803,-144.909355308565,1.20999066545421,104.317256035619,16283.1279883439,35.0866638578859,0.651843293536962,1.00098430198725,1.24230774433879,1.8095884260538,0.349141008450286,0.567280681715007,493412.248624792,321627.465215063,5058.02311177243,7238295.01463368,1231874.04454767,5058.02311177243,1889831.58492497,4718234.06193099,5058.02311177243,56365.7343648114,56421.2152691594,788.417667307332,826878.163616955,216100.421042833,788.417667307332,215887.922132055,827692.061436615,788.417667307332,18521.8745469118,23009.8681893,2.62696148480489,271713.546974653,88130.7178536764,2.62696148480489,70941.132143214,337551.843648374,2.62696148480489,56365.7343648114,56421.2152691594,788.417667307332,826878.163616955,39951.757526551,788.417667307332,215887.922132055,827692.061436615,788.417667307332,7
118050.483952034,-98.7087011480167,64943.7827075307,75.4543589039831,65038.2161226967,75.0751012801675,22356.7085864701,0.779156070663582,12518.2995715954,171.806065417855,12518.3129655682,171.806019834583,5307.31180712473,-105.491914171084,2.62491246914943,177.656513193078,5523.98005027165,66.9732850858722,2672.88782197755,-169.347466684546,0.203619409919799,-44.4083284951452,2672.77436727612,10.6560959050808,20229.7095004638,-178.606542534449,1.20985614976354,104.318614769882,20229.9803078543,1.39011770429276,1.63320033947528,0.990898818663383,12.7837489199663,3.81313555057314,0.642301520811901,8.97061336939313,299951.013979614,489880.097857461,5900.44848492542,4400243.27562643,1876302.99883611,5900.44848492542,1148850.48299643,7186478.81152692,5900.44848492542,70397.6471270879,69756.9453749131,1525.39084072616,1032724.54152112,267177.961237934,1525.39084072616,269631.93033001,1023325.52819796,1525.39084072616,2102.80907624442,26881.7832573349,247.057528717507,30847.9420519632,102960.644370729,247.057528717507,8054.02585855857,394352.345889967,247.057528717507,70397.6471270879,69756.9453749131,1525.39084072616,1032724.54152112,47047.0588782791,1525.39084072616,269631.93033001,1023325.52819796,1525.39084072616,7
1473076.90951582,55.529022352143,892207.521794341,-124.014678834727,904111.702164108,-123.987734002738,345047.665706149,-121.936631187538,197039.207410735,57.9735280382732,197039.021966564,57.9735256988968,44922.3144369922,54.5344890922665,264.837919425525,-121.969415469887,44780.6458641406,-125.476584636702,39804.8092761121,58.0545444455822,2.14495407036251,60.571419891203,39806.8257377899,-121.945319902854,3044085.66198756,-125.267407901551,1.24062768267829,102.669382815278,3044084.77249618,54.7325747624476,0.917922785652756,0.999876479746484,0.176966814228348,0.223695103979225,0.0819536940937277,0.0467282897508774,5579828.07843139,5121851.33321721,107823.109125856,81855369.16684,19617341.1782579,107823.109125856,21371450.2841408,75136908.4862605,107823.109125856,1099770.83745986,1099634.9934872,16343.291664165,16133498.4938296,4211741.69950767,16343.291664165,4212261.99917768,16131505.6800056,16343.291664165,228495.655150051,40436.1481569236,40.9681278365451,3352002.2377794,154875.583596974,40.9681278365451,875167.382496537,593193.157306113,40.9681278365451,1099770.83745986,1099634.9934872,16343.291664165,16133498.4938296,163841.499792038,16343.291664165,4212261.99917768,16131505.6800056,16343.291664165,7
42469.0221394412,-32.3391937715807,23128.0103718953,140.731012270118,23163.8265122572,140.469884456079,8964.88844585784,71.006260064169,4956.52606328416,-113.830159744251,4956.52948935423,-113.830080385051,3965.10321942466,-83.4207773862025,4.00041359325997,-110.636059855623,3968.70999726649,96.5524477687802,1046.94793714738,-95.9510778237992,0.0925008341124467,129.989667594734,1046.88329490214,84.0452886890153,8072.23257669763,-113.647095276238,1.21022585849299,104.276705487883,8071.27793418249,66.3476245470858,0.710261665392723,1.00637603840578,2.0688690690274,1.18825985607421,0.296114373013057,0.880609212953192,560977.206889494,398440.60521269,2238.13290136082,8229464.37034868,1526078.12746084,2238.13290136082,2148613.95710696,5845073.06897393,2238.13290136082,27853.8062528462,28031.4031912615,415.260583448129,408611.799768804,107363.834741152,415.260583448129,106683.61590885,411217.124297185,415.260583448129,11702.5742341976,24211.0938611285,0.0182896664973963,171675.277567313,92731.5647551694,0.0182896664973963,44822.3457653431,355173.671675708,0.0182896664973963,27853.8062528462,28031.4031912615,415.260583448129,408611.799768804,40072.4607213975,415.260583448129,106683.61590885,411217.124297185,415.260583448129,7
42499.1567913955,-33.3019151890697,22725.740853355,143.458342366906,22811.9662109242,142.720952033377,8923.26466062608,71.1823198335333,4933.86420611709,-113.661917834499,4933.86649043432,-113.661815108327,3969.03215427779,-83.4165238440644,1.77455453888283,69.5023679379091,3707.74983408356,98.6687548193811,1157.27519547306,-105.490025296323,0.111449930149634,140.416884995125,1157.23109653089,74.5049313505468,8042.11763819567,-113.499396851023,1.20934267282942,104.336266537943,8041.16263244743,66.4953175275038,0.70951860015425,1.01329625482952,1.87963542642291,1.15386325614062,0.303777654675271,0.725772170282293,564973.477790864,400859.191086453,1384.75905264284,8288089.15686976,1535341.61856352,1384.75905264284,2163920.18226123,5880553.41653586,1384.75905264284,27628.2664665885,27995.6189380262,413.56083367508,405303.159752224,107226.776505984,413.56083367508,105819.769879663,410692.1738475,413.56083367508,12815.6686302469,24088.7847707089,98.1557841593618,188004.230973306,92263.1054032937,98.1557841593618,49085.6386862623,353379.412854821,98.1557841593618,27628.2664665885,27995.6189380262,413.56083367508,405303.159752224,42881.5040073611,413.56083367508,105819.769879663,410692.1738475,413.56083367508,7
76295.3639254144,-56.9613013651652,41741.3456352771,118.068608366133,41639.6318497979,118.376697620247,16693.6239201163,54.2908008227523,9138.20753661362,-130.472402446741,9138.2085447489,-130.472339622484,5560.34337449663,-93.0177105010946,4.6627196461579,52.6236220012615,4836.64744547779,93.0768553037591,2190.60100395847,-125.159043435167,0.12055782537767,139.555768226317,2190.59622247937,54.8378103309248,14818.2891402568,-137.755505251032,1.20887585446109,104.38734392604,14817.7246069494,42.2403620693404,0.612352786383519,1.00358940379007,2.51385299087685,1.55009136414524,0.391236617406554,0.96376162673161,523739.125576312,320713.112884723,3268.31174332742,7683186.44742526,1228371.95898242,3268.31174332742,2005987.37573652,4704820.62938495,3268.31174332742,51098.1359569693,51281.5477998389,718.889666532399,749603.164058585,196414.841800313,718.889666532399,195712.351145348,752293.792496707,718.889666532399,9622.21471891688,24188.8332500084,301.712793744685,141156.667723168,92646.3037870607,301.712793744685,36854.3045767944,354847.111338095,301.712793744685,51098.1359569693,51281.5477998389,718.889666532399,749603.164058585,42440.0440019437,718.889666532399,195712.351145348,752293.792496707,718.889666532399,7
1391231349.16319,28.2678184688669,748483198.472784,-151.731946252851,744719605.705101,-151.731967110021,126964087.166827,-151.727866621757,68207602.9352562,28.2722792128815,68207590.9245023,28.2722792047929,19477784.8839297,28.2587683368645,62341.3776928467,-151.727819043749,31090437.7644888,-151.736221707111,17280563.1952962,28.2718090273433,200.766596348012,28.3054925184986,17280681.9764383,-151.72819058309,49187990270.3147,-151.732534369316,1147.05041050479,-151.791160430027,49187989721.7038,28.2674656293169,1.00312124059081,1.00000073620142,0.229931602154644,0.206978625822125,0.0031205043893916,0.0229529763325189,4134012139.98439,4146915386.4786,33990471.5577709,60645432995.8046,15883212666.9359,33990471.5577709,15833791593.9066,60834721982.9182,33990471.5577709,378291630.89962,378291909.398454,3150366.28238838,5549490175.10219,1448906063.22669,3150366.28238838,1448904996.54078,5549494260.64472,3150366.28238838,145636280.05139,33486383.2040585,3891664.81920236,2136465729.79056,128257101.075847,3891664.81920236,557805451.160147,491240988.199235,3891664.81920236,378291630.89962,378291909.398454,3150366.28238838,5549490175.10219,62432019.7495029,3150366.28238838,1448904996.54078,5549494260.64472,3150366.28238838,7
73870.0997777247,-54.8216258155065,40993.0140565994,118.149297446057,40658.0199777679,119.155873127305,16240.551136293,55.295004515655,8896.74816738015,-129.447358482808,8896.75761608546,-129.447332981235,3959.71276436171,-75.7920351052319,11.3200467302531,-126.314845998778,3965.07502031134,104.113983399101,2093.05739134107,-115.97561077185,0.128181042438058,72.61177337321,2092.93036916689,64.0238666519454,14436.2228562332,-136.107156865618,1.2096303712304,104.282855893808,14435.6252107875,43.8886690256543,0.617171846729981,1.00054798027972,1.69624347003224,1.66355624802022,0.383376133549739,0.0326872220120193,525114.942111685,324086.158568576,3943.57596238315,7703369.50124444,1241291.1523922,3943.57596238315,2011256.92782173,4754302.78112644,3943.57596238315,49849.499152614,49876.8156951036,701.657077168444,731285.820739193,191034.539411619,701.657077168444,190929.913584166,731686.550947797,701.657077168444,13968.835408822,23694.5458461695,0.964696384639993,204921.041141001,90753.1202465043,0.964696384639993,53502.4139222062,347595.977907631,0.964696384639993,49849.499152614,49876.8156951036,701.657077168444,731285.820739193,42883.57193715,701.657077168444,190929.913584166,731686.550947797,701.657077168444,7
33672.9294636191,-27.4032015498182,18245.9401117195,146.290529877752,18061.3088018176,148.267287144453,6931.91048260809,75.3625252830476,3839.4272838555,-109.58242825294,3839.43460497738,-109.582339314303,4231.98191105432,-86.4043417588426,7.64894361033314,-106.304999107601,4240.76409954144,93.5527123717936,869.629179752921,-91.1507029765087,0.11502714619705,109.26424322457,869.524219521581,88.8466024742979,6252.37540931721,-108.137122563132,1.20979501323342,104.263888716254,6251.35413109199,71.8569359270359,0.757830531109717,1.01157710815087,2.36127105546012,1.11670935888236,0.253746577041151,1.24456169657776,563230.767786293,426833.471888821,1409.30571628237,8262523.82245985,1634826.41326174,1409.30571628237,2157245.38158657,6261592.81668144,1409.30571628237,21623.3076847507,21873.6430563966,328.379768257026,317211.177166057,83778.8312725644,328.379768257026,82820.0150018317,320883.565270772,328.379768257026,10317.8836129676,24363.3199289067,0.563223917627292,151362.042035779,93314.6099303512,0.563223917627292,39518.8048041218,357406.808754423,0.563223917627292,21623.3076847507,21873.6430563966,328.379768257026,317211.177166057,43522.974218466,328.379768257026,82820.0150018317,320883.565270772,328.379768257026,7
41903.5221143841,-32.7299225432629,22659.7112172253,141.843355277066,22650.7134216689,141.913815579978,8794.89983125759,71.4425562679459,4863.56507754549,-113.408434930217,4863.57518693318,-113.408379839361,4420.42718881084,-86.4406978908325,7.25715422259784,-110.249204413097,4428.47537326523,93.5133663365518,1222.22332186711,-105.231880893404,0.136917100599799,91.0574942548633,1222.09001062792,74.7663263908221,7931.14952276701,-113.159033931345,1.20878810658326,104.331796441594,7930.19035254287,66.8356505489266,0.712600828354211,1.01454086931642,2.43948173042274,1.14996470651554,0.301940040962205,1.2895170239072,562253.241772775,400662.125832119,1793.3826258054,8248183.64000583,1534586.8336084,1793.3826258054,2153501.3327905,5877662.4942858,1793.3826258054,27247.0262768208,27643.221725173,408.40391463923,399710.414593051,105877.050419642,408.40391463923,104359.571528134,405522.551496058,408.40391463923,9973.56131475422,24330.3206145939,0.512690852831542,146310.877656436,93188.2183649957,0.512690852831542,38200.0066665173,356922.713004991,0.512690852831542,27247.0262768208,27643.221725173,408.40391463923,399710.414593051,45949.0305374087,408.40391463923,104359.571528134,405522.551496058,408.40391463923,7
70868.3421955461,-52.2002399345684,39414.0604434002,120.109264730101,39136.7241049101,120.993175868923,15619.1162331307,56.8010565998318,8564.86374898977,-127.927600539486,8564.86257095576,-127.92752222471,4928.74026638361,-88.0525227726087,0.22801738426367,-124.942174187503,4929.67343509752,91.9393574768976,2195.76472940188,-122.651507102438,0.142828056181077,150.635722440167,2195.77020819423,57.3447748467696,13919.0361336032,-133.907407821817,1.20843301373375,104.372762993409,13918.4006900472,46.0883606604427,0.617438636751481,1.00491648993414,2.7435819924071,1.46337566153618,0.387477853182662,1.28020633087092,529397.539529055,326870.495106407,4073.8933638298,7766194.66138635,1251955.51499553,4073.8933638298,2027659.81990116,4795148.64447301,4073.8933638298,47914.7767052691,48150.3492226373,678.318464616315,702903.688183004,184421.953528162,678.318464616315,183519.680864475,706359.507090627,678.318464616315,8903.90495069607,24428.5932848341,0.312549278536438,130619.154662301,93564.6151745045,0.312549278536438,34103.0869255761,358364.360594927,0.312549278536438,47914.7767052691,48150.3492226373,678.318464616315,702903.688183004,45315.9864867014,678.318464616315,183519.680864475,706359.507090627,678.318464616315,7
83774.6708200866,-61.9771080660341,46847.3861971074,110.806289284459,46623.2821739994,111.338371969267,18310.4563714871,50.0366976482175,9994.78687498745,-134.834075796122,9994.77048637326,-134.83395975374,4362.55422740658,-79.8072298286453,4.22060377298761,-131.644077271768,4388.26073255368,99.7679032632665,2554.62232067626,-124.107408785775,0.310553372547741,172.983860699651,2554.7767391517,55.8863522008866,16165.5503521338,-144.285094086528,1.20896713696626,104.293331990867,16165.1094572535,35.7109168579558,0.645341547654812,1.00015115784195,1.96713551900687,1.86434956055342,0.35480961018714,0.102785958453446,498330.33573209,321593.270104689,4839.29028032962,7310442.72780762,1231743.07293151,4839.29028032962,1908668.48323605,4717732.42400523,4839.29028032962,55972.277696238,55980.7383449436,782.601710928537,821106.204265425,214413.338474182,782.601710928537,214380.933114977,821230.320907275,782.601710928537,12146.537277177,23893.8849108758,12.3912534481842,178188.159016113,91516.6141841627,12.3912534481842,46522.7806116612,350520.25666704,12.3912534481842,55972.277696238,55980.7383449436,782.601710928537,821106.204265425,46205.362479929,782.601710928537,214380.933114977,821230.320907275,782.601710928537,7
45651.8113481959,-34.4915354366089,24952.2619565418,138.217401957075,24827.2485687646,139.045121361205,9708.35297712358,69.4258787842406,5363.83692407219,-115.380423597775,5363.8355462676,-115.380301823866,4166.80001404218,-84.3838396453856,1.55908422717404,67.8264826345035,4403.5882262593,94.0020441256578,1322.5102262819,-101.23216450996,0.139274671599514,163.334413691522,1322.4954318473,78.7618422244182,8745.74571392634,-115.739375981191,1.20885225220187,104.289288810061,8744.82002445095,64.2555298739972,0.692132484956195,1.00827219109139,2.40352931042507,1.20772231031414,0.316139706135196,1.19580700011093,560497.095541124,387938.247547608,2369.37655513535,8222421.19785131,1485852.76360542,2369.37655513535,2146775.06965947,5691004.81602533,2369.37655513535,30130.3972744552,30379.641678369,446.664315905029,442009.10088567,116357.886417496,446.664315905029,115403.24869175,445665.484632331,446.664315905029,10128.0773216059,24343.1307007313,89.1074536719484,148577.607850494,93237.2826220252,89.1074536719484,38791.822599216,357110.635341503,89.1074536719484,30130.3972744552,30379.641678369,446.664315905029,442009.10088567,45978.8650812319,446.664315905029,115403.24869175,445665.484632331,446.664315905029,7
51816.7937958666,-38.6286908307653,28589.5175102059,133.093887394411,28461.8026943999,133.752083406622,11174.5421019745,66.2953641314974,6164.07839572649,-118.456478462604,6164.07940515745,-118.45639295884,4052.98652356623,-82.4530758872294,1.54583288035019,-115.329973913584,4058.65897492019,97.4952365372586,1512.28972995327,-101.107669681405,0.113194754139196,142.017774227843,1512.24304462355,78.8884618892589,10048.1334916895,-119.945062221644,1.20948118667595,104.244187980217,10047.2664989446,60.0501302078662,0.66530403452146,1.00381243218222,2.04033818387488,1.29545932654326,0.338508397660763,0.744878857331611,554533.028933131,368933.061424617,3077.77915761267,8134929.09826137,1413060.48673611,3077.77915761267,2123931.93700155,5412201.14961931,3077.77915761267,34650.2014431462,34782.3029862485,506.339042568579,508314.053939713,133220.638447968,506.339042568579,132714.672758491,510251.966797629,506.339042568579,11819.4454622566,24115.6658888688,1.73475336896176,173389.763638081,92366.0635002568,1.73475336896176,45269.9774136665,353773.755443817,1.73475336896176,34650.2014431462,34782.3029862485,506.339042568579,508314.053939713,45924.0248728594,506.339042568579,132714.672758491,510251.966797629,506.339042568579,7
46690.0558281266,-34.8844017366263,25691.2526494622,136.751914442926,25661.1077325145,136.932106682706,9956.1034717517,68.9974552405358,5499.48157632565,-115.804625620277,5499.49183551353,-115.80457565505,3758.28009608534,-80.7063628483283,0.525604224684894,-112.698051981742,4021.69090911222,96.9784089042188,1491.64272030235,-110.419519513247,0.137111972875062,89.2266424493086,1491.51781384119,69.578703198473,8974.21634451721,-116.403571695637,1.20807461341958,104.355448220583,8973.30150970782,63.5913921755423,0.688531851251817,1.01433520259535,2.0853771229877,1.17625750912242,0.325803351343535,0.909119613865283,556568.426151204,383215.088806199,2840.30804433384,8164788.11691655,1467762.46569529,2840.30804433384,2131727.76688073,5621716.67721939,2840.30804433384,30779.8774254327,31221.1132041864,456.896873336575,451536.892204242,119580.829244183,456.896873336575,117890.840166263,458009.765033265,456.896873336575,11592.393661509,24174.5125423784,102.056353048553,170058.942560988,92591.453657837,102.056353048553,44400.3401769278,354637.028376164,102.056353048553,30779.8774254327,31221.1132041864,456.896873336575,451536.892204242,48644.9662720416,456.896873336575,117890.840166263,458009.765033265,456.896873336575,7
21562.3664207515,121.748725359359,22033.2001597103,-63.8713854985853,20942.4347278072,-62.7486535011371,50102.9871620007,-83.4289168032908,30855.0723280248,93.9353402431665,30855.082975517,93.9353241717686,2004.03939436564,110.055481222348,35.2128781236899,95.5836622535899,2044.63686267636,-70.2379452437644,6970.61154942085,98.1565396651624,0.180823958476439,-121.248091627038,6970.48934179848,-81.8425232920331,129394.517179879,-116.846508423361,1.21004623564505,104.252029722352,129393.607615647,63.1531393579452,1.13393587810781,0.995440933886318,0.793755944573521,0.532632003194237,0.138494944221493,0.261123941379284,569351.306702471,645607.873917496,7179.25233484668,8352311.35093592,2472760.16152031,7179.25233484668,2180687.82305979,9470985.50595336,7179.25233484668,173738.115775101,172946.032218816,3962.39477862287,2548716.09039252,662405.270816674,3962.39477862287,665439.051446846,2537096.32523142,3962.39477862287,32831.9191497915,26060.5309969042,2.2290857778433,481640.083652457,99815.1438987021,2.2290857778433,125750.420618685,382304.679544025,2.2290857778433,173738.115775101,172946.032218816,3962.39477862287,2548716.09039252,76296.7963889978,3962.39477862287,665439.051446846,2537096.32523142,3962.39477862287,7
92107.5465398202,-110.571650502052,49513.4113545953,62.9425172519628,49359.2778498414,62.2798535424903,25450.3335956858,-39.4942130009279,15532.5335395618,132.409081431067,15532.5355005318,132.409061270499,4814.97199199662,-94.8027440132593,6.99223875916018,137.524852029247,4817.34399760209,85.2337694394829,3392.49745889633,150.454342665886,0.0722400270925901,-112.690015606295,3392.46722765511,-29.5443621859044,29907.9268763832,-141.095154448299,1.20847787548524,104.28513637009,29907.4221207352,38.9027408495945,1.86418924993925,0.988804228203783,3.82217758889728,1.219401977347,0.87538502173547,2.60277561155029,286121.356516443,533384.356995988,4412.69282382741,4197363.95726989,2042929.83720078,4412.69282382741,1095881.1382843,7824680.76722501,4412.69282382741,87887.6091926108,86903.6395763752,2293.64666737875,1289300.06346621,332851.977984151,2293.64666737875,336620.706597093,1274865.35417879,2293.64666737875,6521.76163586059,24927.3311647164,3.62374664566757,95673.4148109411,95474.8446036016,3.62374664566757,24979.1754524799,365680.781943652,3.62374664566757,87887.6091926108,86903.6395763752,2293.64666737875,1289300.06346621,63382.159807941,2293.64666737875,336620.706597093,1274865.35417879,2293.64666737875,7
51967.4669530595,-39.8639165827123,28039.058112901,135.748001232008,27962.2851811937,136.209024417579,11136.4443169745,66.3921464327708,6143.45538216816,-118.36319466053,6143.45826270178,-118.363104291971,3858.2319537398,-80.5928180922932,2.27422350312388,64.8029471769214,3856.86669166556,99.4211730143568,1621.9909580889,-104.457567724162,0.121611271642512,135.998856753039,1621.92780073006,75.5387162843874,10020.860334995,-119.839769957252,1.20843268534958,104.277296087322,10019.9926586631,60.1554198113943,0.662130960904382,1.00628140124841,1.89363762255597,1.27475262653827,0.344150440344032,0.618884996017695,560543.05131268,371152.909193939,1892.56431446867,8223095.36318279,1421562.78565528,1892.56431446867,2146951.08610178,5444766.03443259,1892.56431446867,34512.7638669935,34729.5523850339,505.052404870735,506297.862154727,133018.596944992,505.052404870735,132188.269384654,509478.122178135,505.052404870735,12685.6939056621,24022.1072479906,0.205176735848418,186097.518272895,92007.7220219756,0.205176735848418,48587.8189818529,352401.262065851,0.205176735848418,34512.7638669935,34729.5523850339,505.052404870735,506297.862154727,48833.9505192398,505.052404870735,132188.269384654,509478.122178135,505.052404870735,7
93988.1209825638,-69.7123344827572,52027.7828733728,104.865591522161,52035.5716975427,104.849181405012,20106.5574554025,44.2739889449369,10936.1143726329,-140.847732922042,10936.1183537597,-140.84769875204,4344.61543444261,-76.485403564565,4.06983011722601,-137.43201013267,4027.20196374183,113.135642260721,2997.7618238021,-123.658744693779,0.0919216383738843,98.2192791719164,2997.69186689793,56.3400895716999,17641.4113732958,-153.06370988044,1.20875401690276,104.245761047561,17641.145794841,26.9324601740293,0.697303144771918,0.996114188983167,1.34769981728225,2.52896949644707,0.298811044211249,1.18126967916482,472952.631888504,329791.357544009,4606.09007198091,6938155.03587081,1263142.78913634,4606.09007198091,1811468.65406652,4837997.32542783,4606.09007198091,61326.3291902486,61088.0266646592,862.111858810602,899649.459616711,233974.90146095,862.111858810602,234887.630402888,896153.591835244,862.111858810602,17022.7799504261,22941.5974288251,258.032353715343,249722.019657589,87869.2321693791,258.032353715343,65199.409425294,336550.320263886,258.032353715343,61326.3291902486,61088.0266646592,862.111858810602,899649.459616711,50619.0968593328,862.111858810602,234887.630402888,896153.591835244,862.111858810602,7
100125325038.21,21.2490817055248,52899579357.7173,-158.750915959708,52900331510.711,-158.750915958802,6685326984.28125,-158.75085511162,3541238832.0058,21.2491479668962,3541238437.40155,21.2491479667739,1697257248.99834,21.2489828041445,1202041.66870377,21.2491459525045,1697675673.3309,-158.751017155639,757422614.214211,21.2491442888639,4127.38793650093,21.2504171629398,757426267.754468,-158.750855704201,28511925195630.5,-158.750922040313,148000.593299836,21.2495430987804,28511924939084.4,21.2490779596843,0.999988202950241,1.00000008272825,0.206326122522574,0.207027806127611,1.1879778008983e-05,0.000701683605037889,292843137527.755,292839682842.691,1891528598.40897,4295971630912.47,1121613181468.39,1891528598.40897,1121626413351.0,4295920951121.38,1891528598.40897,19609194779.3769,19609196401.6112,132383426.145584,287664396674.673,75105712957.163,132383426.145584,75105706743.7993,287664420472.645,132383426.145584,7734291217.1176,1595786317.28827,261205.778716844,113461069753.781,6112064290.27215,261205.778716844,29623317762.8948,23409982579.5609,261205.778716844,19609194779.3769,19609196401.6112,132383426.145584,287664396674.673,2736693881.53722,132383426.145584,75105706743.7993,287664420472.645,132383426.145584,7
91630.7768910781,-67.1793708944555,51237.2566629929,105.911985645151,51320.7911889936,105.735545576859,19840.0150173811,45.450849571362,10796.9080857535,-139.612162453685,10796.9247874395,-139.612184726779,4189.32092147153,-73.055433064525,3.52710512762394,-136.299569700296,3768.59519635868,126.750527554374,2227.92686914551,-131.323588718356,0.212353562361156,26.6203068427801,2227.73328470366,48.6784549532041,17390.0317682489,-151.42004162035,1.21034546716494,104.341985422614,17389.7342747645,28.5760930242186,0.690153242857881,0.999912616924611,1.04243317480296,2.05615851302104,0.30975937406673,1.01372533821809,475986.003267787,328503.283710225,5383.68029440585,6982654.20870932,1258209.3027432,5383.68029440585,1823086.85174474,4819101.44589597,5383.68029440585,60336.7914242345,60331.5190098407,847.37386591833,885133.066279305,231077.381052209,847.37386591833,231097.575069033,885055.720629844,847.37386591833,21363.1187182193,22269.6236691258,477.837085777978,313394.238075962,85295.4873163479,477.837085777978,81823.4582110941,326692.550562479,477.837085777978,60336.7914242345,60331.5190098407,847.37386591833,885133.066279305,37348.3721210786,847.37386591833,231097.575069033,885055.720629844,847.37386591833,7
86851.6180577645,-63.8101886944841,48868.1500817145,108.367484190203,48810.6324337084,108.493493946481,18958.2528549413,48.2652037559953,10335.4859505489,-136.66822843103,10335.475145372,-136.668147222126,3901.75360440258,-67.747619926362,0.700051293997673,46.6438417439147,3971.41560975445,110.115851801528,2118.83753553186,-125.839286177459,0.229591160313017,173.159907032059,2118.9444101136,54.1553000609941,16671.9996781911,-147.05751185867,1.21016070721855,104.365057921682,16671.613967802,32.9385458583247,0.66712069277879,0.999716845793251,1.48409513986766,1.96859848452509,0.33259615301446,0.484503344657423,487213.046656018,325029.905216028,5518.57999925562,7147353.50916772,1244905.82192563,5518.57999925562,1866087.85396861,4768147.42457089,5518.57999925562,57788.2147977171,57771.8518215966,808.167134228181,847745.770885751,221273.530595066,808.167134228181,221336.202872016,847505.72810447,808.167134228181,15775.7311631894,23412.6859471482,54.3903458981044,231427.972347619,89673.5610317123,54.3903458981044,60423.0541713845,343461.128990529,54.3903458981044,57788.2147977171,57771.8518215966,808.167134228181,847745.770885751,37190.249685601,808.167134228181,221336.202872016,847505.72810447,808.167134228181,7
92070.2612588039,-110.052476169799,49121.9589903772,62.3408532721587,48821.8743144798,61.0145056718291,25642.4270899152,-40.1878066464319,15663.9498185627,131.790513405273,15663.935065426,131.790522081807,3909.02411203892,-118.271463953407,10.8104384990586,-43.1458015112094,3908.55486004118,61.7026333683171,2432.7975911002,154.622343148568,0.187322591396198,123.147423159975,2432.95775295514,-25.3799631703943,30384.1662327441,-140.412359623058,1.21037291410628,104.326739599956,30383.6497623189,39.5855761856476,1.88485028299846,0.991683464103303,3.26400871674851,1.24472352453574,0.893166818895162,2.01928519221277,285207.545017284,537573.521939125,4969.08409353175,4183958.45864859,2058974.87103621,4969.08409353175,1092381.12417117,7886135.28483761,4969.08409353175,88480.5908944437,87744.7388841091,2311.360019683,1297999.0297122,336073.495168299,2311.360019683,338891.90183501,1287204.17418772,2311.360019683,8108.47655509483,26466.1381553805,4.2129315107188,118950.321133289,101368.67083545,4.2129315107188,31056.4951359659,388254.885039089,4.2129315107188,88480.5908944437,87744.7388841091,2311.360019683,1297999.0297122,47237.1617181947,2311.360019683,338891.90183501,1287204.17418772,2311.360019683,7
41120.790872879,-30.5899458763099,22517.9843816698,141.065274584505,22605.3852627531,140.429457148861,8680.45548034383,71.633385434853,4800.46970355542,-113.216302419312,4800.48626661977,-113.216298992589,3200.94022589626,-76.608478371567,2.88681054095407,-110.008497764109,3896.04823796914,96.8803461101937,935.368258571699,-95.2640450410392,0.203256013043888,67.8045696746496,935.171219035609,84.7396234667199,7814.17923945499,-112.844492183248,1.21085467313869,104.282594913444,7813.21373282611,67.1501483277775,0.717881481261421,1.00638012041002,2.07138745854741,1.17660878480545,0.288498639148602,0.894778673741963,559706.938980321,401803.246427489,2561.51766092037,8210829.70146918,1538957.47043258,2561.51766092037,2143748.66966676,5894402.58847596,2561.51766092037,26960.7864380731,27132.7995018969,403.040279264679,395511.312516498,103922.068471214,403.040279264679,103263.236587855,398034.722313879,403.040279264679,11728.1233826633,24293.4876871454,266.548341648089,172050.080330079,93047.1435743892,266.548341648089,44920.2022491919,356382.378637801,266.548341648089,26960.7864380731,27132.7995018969,403.040279264679,395511.312516498,37045.7360170302,403.040279264679,103263.236587855,398034.722313879,403.040279264679,7
63434.380810055,-46.9506595560312,34850.5622152319,126.418218385624,34694.0797464971,127.046876558319,13889.1941020734,60.6842229153979,7635.34754586619,-124.025480475546,7635.34165528036,-124.025373227843,4955.41414797656,-88.4897507669162,10.499938996408,59.029210779445,4950.85980764043,91.5438066309986,1691.53338612399,-118.756257087061,0.189979297392993,170.776813720099,1691.60004443982,61.2376743957945,12421.8608008094,-128.096498605206,1.20944091829782,104.38191007243,12421.1243638627,51.899076658365,0.624382179723839,1.0060186654686,2.80409848217259,1.35008907567808,0.381636485744765,1.45400940649451,545043.918107853,340315.709633403,3193.86345609983,7995725.04775117,1303452.39443058,3193.86345609983,2087587.4372441,4992388.23378738,3193.86345609983,42685.0625219052,42941.969633731,611.808818865403,626184.445385713,164473.198139889,611.808818865403,163489.211269532,629953.240084134,611.808818865403,8740.39833020305,24508.9376913062,1.70004920931843,128220.533308103,93872.3444565524,1.70004920931843,33476.8358006531,359543.002832612,1.70004920931843,42685.0625219052,42941.969633731,611.808818865403,626184.445385713,39249.7035391918,611.808818865403,163489.211269532,629953.240084134,611.808818865403,7
81003.0005254859,-59.7962915112348,45049.2472186371,113.373646103256,45444.9909505595,112.391254155347,17768.6367638176,51.5818890490351,9708.54835933922,-133.241338988459,9708.56088905985,-133.241340369504,3506.83682572999,-58.3781888642579,4.74119167210042,-130.091296304874,3510.72354655878,121.430821269447,2155.69447690604,-125.278228624603,0.164731690339894,46.0167984942199,2155.534064334,54.7224286561909,15704.5157468786,-141.925391959766,1.21001243529017,104.318842472384,15704.0284601363,38.0705673917514,0.637428507006568,1.00152818307122,1.19159919534846,1.71549159317485,0.364099676064656,0.523892397826385,502952.252648419,320596.103501272,4842.57689187749,7378245.66189925,1227923.7981814,4842.57689187749,1926371.01209649,4703104.11659213,4842.57689187749,54290.339292546,54373.3048699839,760.201940648745,796432.381521267,208256.664090619,760.201940648745,207938.895390833,797649.476004082,760.201940648745,19275.0579658795,22968.143562437,2.52795389890911,282762.652062364,87970.9072329737,2.52795389890911,73825.9203064065,336939.74867211,2.52795389890911,54290.339292546,54373.3048699839,760.201940648745,796432.381521267,39773.522780986,760.201940648745,207938.895390833,797649.476004082,760.201940648745,7
889002.380890064,58.7876911392944,548517.934412375,-120.459019617461,556749.001028083,-120.416300992727,237897.99647416,-117.507439493872,137203.46262242,62.3140294174251,137203.325930268,62.3140263244639,25422.3636665191,57.0232453974667,183.232735307262,-117.572342385387,25324.6029915208,-122.997679140827,26950.7645823983,62.5621557001354,1.58650340507713,65.5465947664773,26952.2614658768,-117.437668268962,1662193.94477108,-122.633308151822,1.22747614716597,103.436492654758,1662193.06131881,57.3666613763407,0.892546081009496,0.999745108065722,0.200632156975202,0.240418789533182,0.107199027056226,0.0397866325579802,3629840.98044612,3239800.34178485,72210.1757384104,53249306.1246555,12408846.8249835,72210.1757384104,13902752.0135977,47527459.4980362,72210.1757384104,766537.458342247,766342.074126793,12171.3157269427,11245007.149119,2935187.4838499,12171.3157269427,2935935.83021258,11242140.8874958,12171.3157269427,140062.930147239,28101.1277877077,28.3446247497907,2054705.39461757,107630.888801884,28.3446247497907,536458.813106353,412239.975270708,28.3446247497907,766537.458342247,766342.074126793,12171.3157269427,11245007.149119,121805.529598016,12171.3157269427,2935935.83021258,11242140.8874958,12171.3157269427,7
119520.846902423,-94.3202419163069,66164.1732809875,80.0212061951421,66311.0864693593,79.6617010414794,22516.1106486466,12.0937862906233,12363.38860188,-175.983559455161,12363.4009041337,-175.983595056206,5436.43604461116,-100.819925850507,2.62719250670763,-170.681918840006,5735.30898840224,72.1798638705759,2735.35854270304,-159.125306793811,0.177281526507484,-27.5358625331237,2735.24404267972,20.8774570374582,20261.4705030833,179.123840192902,1.20985131113058,104.318664510105,20261.7877961292,-0.879461390436294,1.41511232265487,0.992450532136834,22.6377638937871,7.08221996758813,0.422661790518031,15.555543926199,327282.934279378,463142.11329339,6088.4667622666,4801199.07475291,1773893.12172574,6088.4667622666,1253535.20941558,6794235.97420198,6088.4667622666,69367.0725993178,68843.3881139674,1333.07399841416,1017606.14410119,263678.920889453,1333.07399841416,265684.698986185,1009923.75921894,1333.07399841416,1170.47302466808,26496.8919764828,247.266153471529,17170.6905996586,101486.461876589,247.266153471529,4483.06035670078,388706.039688342,247.266153471529,69367.0725993178,68843.3881139674,1333.07399841416,1017606.14410119,45630.1472442179,1333.07399841416,265684.698986185,1009923.75921894,1333.07399841416,7
41434.1815139001,-31.6536204167602,22553.5902070735,141.425519712718,22588.1123087363,141.164613058926,8724.53034897813,71.5179957461951,4824.73704531379,-113.329858396666,4824.74050380436,-113.329776909304,3857.4660291151,-82.8103210655664,3.89342843313651,-110.128624417813,3860.97310124616,97.1627993885709,1018.5142690034,-95.3888522821987,0.0926467476856536,130.252123638681,1018.44918649342,84.6074257935947,7857.25398539974,-112.983899098043,1.21022628655005,104.276669140756,7856.29079684707,67.0107571861922,0.715778183546982,1.00679433077995,2.00349181934204,1.17861966437063,0.291016147232971,0.824872154971405,561210.906276922,401702.523081651,2177.51504768769,8232892.71067801,1538571.68722425,2177.51504768769,2149509.05544505,5892924.98978629,2177.51504768769,27116.8529629111,27301.0938316525,405.15830081363,397800.788612469,104566.657130742,405.15830081363,103860.991201386,400503.578754828,405.15830081363,12074.0822699995,24190.3250540067,0.0178006059465911,177125.253263976,92652.0175858615,0.0178006059465911,46245.2687310144,354868.995913262,0.0178006059465911,27116.8529629111,27301.0938316525,405.15830081363,397800.788612469,40108.1589884073,405.15830081363,103860.991201386,400503.578754828,405.15830081363,7
73296.556953138,-54.7745282252063,40052.7922229529,120.221348226392,39957.2745811531,120.53160229461,16048.490964043,55.826605223322,8794.29408375258,-128.912360411445,8794.29534112042,-128.91229603537,5323.20547438465,-91.1876437959611,4.48422284728246,54.1668933266156,4630.20676130531,94.9799646797017,2105.70259699603,-123.622918507721,0.118954865185516,139.43796484594,2105.6943070918,56.3738620564517,14275.8799819631,-135.395197127159,1.20886565459321,104.385928760916,14275.2718796546,44.6006102592309,0.610928222354174,1.00419139694953,2.29708440256323,1.49561389280684,0.39326317459536,0.801470509756381,530002.674387962,323793.591706796,3127.09519603726,7775071.91290294,1240170.58415006,3127.09519603726,2029977.56327436,4750010.86242566,3127.09519603726,49177.1526439533,49383.273611532,694.293382621877,721422.58285787,189144.210542356,694.293382621877,188354.741055267,724446.351270985,694.293382621877,10479.7338384314,24072.8331432749,290.162210986176,153736.364285292,92202.0086440627,290.162210986176,40138.7117256894,353145.404506522,290.162210986176,49177.1526439533,49383.273611532,694.293382621877,721422.58285787,42355.605644337,694.293382621877,188354.741055267,724446.351270985,694.293382621877,7
41463.3618749251,-32.6183727843364,22166.664893691,144.146273288621,22249.6779650888,143.409747038225,8684.57649735996,71.6919211287662,4802.97242978918,-113.163821911058,4802.97482820617,-113.163717143142,3861.56889234361,-82.809358890614,1.72722421988746,70.007925510183,3607.50779372846,99.2839368979531,1126.17691288101,-104.969241824451,0.111073773603565,140.159871823863,1126.13155808498,75.0256249538869,7828.44184831685,-112.840031646098,1.20934067883559,104.33643377323,7827.47837103685,67.1546192405081,0.71515290343108,1.0139014167472,1.82776495040076,1.14623929365861,0.298748513316123,0.68152565674215,565067.563718856,404109.708828267,1347.51851242033,8289469.38548271,1547791.51439193,1347.51851242033,2164280.54331613,5928238.09893101,1347.51851242033,26895.6040442912,27269.4910447787,403.509003047656,394555.095079114,104445.614442864,403.509003047656,103013.579740273,400039.969885542,403.509003047656,13171.888789516,24075.116660054,95.5373750364245,193229.935463082,92210.7548033767,95.5373750364245,50450.0071429636,353178.903407623,95.5373750364245,26895.6040442912,27269.4910447787,403.509003047656,394555.095079114,42928.3593795123,403.509003047656,103013.579740273,400039.969885542,403.509003047656,7
71032.467994202,-52.7383936251234,39358.5361182816,120.191824787556,39043.4274260968,121.204901962368,15615.547313465,56.7467066335077,8562.79773147593,-127.977536976183,8562.80712696525,-127.977509389228,3795.3986141394,-73.8656156634708,10.8880866573829,-124.857900329378,3800.50490037931,106.03944146459,2009.09510571226,-114.498209986451,0.12817999948834,75.0312995393624,2008.96842706178,65.5011861880441,13907.316733679,-133.889877335307,1.2096333510712,104.28336807224,13906.6788555073,46.1058882708437,0.61657009710515,1.00102677495268,1.60608998627173,1.59741697815605,0.384456677847534,0.00867300811568783,530889.086172514,327330.335413451,3778.82948937264,7788075.46119124,1253716.76177992,3778.82948937264,2033372.63300026,4801894.44336892,3778.82948937264,47985.7116811062,48034.982207947,677.921090677848,703944.295268449,183980.083208105,677.921090677848,183791.370832015,704667.087638914,677.921090677848,14712.600763496,23629.7607582648,0.927886917767061,215831.984421795,90504.9851308973,0.927886917767061,56351.1297028813,346645.588897001,0.927886917767061,47985.7116811062,48034.982207947,677.921090677848,703944.295268449,42800.2716422801,677.921090677848,183791.370832015,704667.087638914,677.921090677848,7
919914912.308933,29.2032596141799,495853146.976937,-150.79637510772,493271046.716205,-150.796407423441,87052487.2795758,-150.790268723527,46852754.3091114,29.2099373460362,46852745.7396229,29.2099373342312,11873076.9750656,29.1879921862806,42770.7594536978,-150.790201528345,19840209.8969079,-150.803250888967,11818610.3456685,29.2092597720862,141.725632698062,29.2571067883477,11818695.82323,-150.790739656716,26665755759.9046,-150.797294301207,621.724096668925,-150.905003599029,26665755462.3776,29.2027056962815,1.00315459892706,1.00000097127476,0.231523814547596,0.206961693705253,0.00315362765229787,0.0245621208423434,2739011593.72002,2747652076.75476,23069746.8534462,40180952173.5721,10523856457.7761,23069746.8534462,10490762310.2482,40307706962.187,23069746.8534462,259907286.561249,259907539.002637,2217668.3439094,3812806880.71012,995478887.555572,2217668.3439094,995477920.672994,3812810583.9932,2217668.3439094,93133335.2214432,21562585.0320085,2669968.00887561,1366254198.00271,82587439.5289031,2669968.00887561,356712503.593988,316320383.563255,2669968.00887561,259907286.561249,259907539.002637,2217668.3439094,3812806880.71012,42698323.293441,2217668.3439094,995477920.672994,3812810583.9932,2217668.3439094,7
33005.0393349315,-26.9859161850113,17879.7658585259,146.715099746459,17700.1745589716,148.689870424098,6782.49970099341,75.6893792268857,3757.11192605351,-109.264505432234,3757.11919837492,-109.264414216745,4140.17483479445,-86.0346074575673,7.4843370434958,-105.981351679342,4148.765533803,93.9223436470034,850.76978339525,-90.7896914096252,0.114714388984701,109.874876147038,850.665230037143,89.2075311229394,6118.02608707444,-107.737521856956,1.20979430767994,104.263928842658,6117.00031056219,72.2564730054217,0.761913988230947,1.01203593031253,2.29821838593999,1.11225471634308,0.250121942081583,1.18596366959691,563001.825533283,428958.966273368,1379.07845714237,8259165.26868819,1642967.32673256,1379.07845714237,2156368.50367755,6292773.54932474,1379.07845714237,21162.4914178593,21417.2016898042,321.822321442933,310451.061063145,82030.6028618251,321.822321442933,81055.030167252,314187.628399553,321.822321442933,10594.1879879811,24347.7576180827,0.55110421123419,155415.392121343,93255.0043031872,0.55110421123419,40577.0856563074,357178.511631343,0.55110421123419,21162.4914178593,21417.2016898042,321.822321442933,310451.061063145,43556.8596403937,321.822321442933,81055.030167252,314187.628399553,321.822321442933,7
68230.9296043286,-50.2499810686563,37887.1983232657,122.025346627999,37626.1162149713,122.913978565207,15023.3870627311,58.1515055411887,8245.64564701419,-126.566271574254,8245.64479220134,-126.566191521118,4725.39371845099,-86.3842563174858,0.219383740143613,-123.590193675,4726.28786692257,93.6075352245796,2111.8098236291,-121.299702691565,0.140046190288139,150.443888749572,2111.81147634271,58.6965021891325,13411.0625108538,-131.864316311519,1.20842979380701,104.371981391863,13410.3908168409,48.1313914920642,0.618771334074052,1.0055600899228,2.51396298870915,1.42129103950496,0.38678875584875,1.09267194920419,534431.046154884,330690.611399849,3907.52802257457,7840035.56423668,1266587.04562646,3907.52802257457,2046938.78962867,4851189.26527074,3907.52802257457,46130.5069091246,46386.9966757238,655.693530591187,676728.67690959,177668.089294343,655.693530591187,176685.700909215,680491.349206546,655.693530591187,9669.45108435199,24308.6421471945,0.300724822089127,141849.619204189,93105.1870812804,0.300724822089127,37035.2258563231,356604.692641817,0.300724822089127,46130.5069091246,46386.9966757238,655.693530591187,676728.67690959,45272.7946352284,655.693530591187,176685.700909215,680491.349206546,655.693530591187,7
40893.5640565623,-32.0646380490368,22105.4351906437,142.51558920279,22096.7587574092,142.585982096912,8562.20483702063,71.9402193468982,4735.91691179589,-112.922181316061,4735.92695379568,-112.92212418093,4301.93648135743,-85.8605038595716,7.06564550831202,-109.755781866312,4309.7670509075,94.0933830193812,1189.74164192517,-104.723231791512,0.13635216519255,91.9089812691429,1189.60915410878,75.2748963039924,7722.65226138038,-112.517335795871,1.20878651083399,104.331926420845,7721.68491691773,67.4772851887667,0.718079636475688,1.01518869452296,2.35078308862466,1.14264403015035,0.297109058047271,1.20813905847431,562388.264443816,403839.560490008,1745.52921430873,8250164.40543957,1546756.81194244,1745.52921430873,2154018.48677102,5924275.05712271,1745.52921430873,26532.1717283639,26935.1607797767,398.575302651412,389223.589167242,103165.087061636,398.575302651412,101621.58780749,395135.387364233,398.575302651412,10337.299402525,24300.7486175056,0.499162100442528,151646.869202413,93074.9538599441,0.499162100442528,39593.1697442993,356488.895563909,0.499162100442528,26532.1717283639,26935.1607797767,398.575302651412,389223.589167242,45998.9647015498,398.575302651412,101621.58780749,395135.387364233,398.575302651412,7
44465.7133494791,-33.6895470250112,24289.1185001415,139.027837539345,24169.0477801642,139.854989353129,9430.45718130913,70.0146273066779,5211.76426666053,-114.803508588553,5211.76309358904,-114.803384304545,4045.53125903151,-83.677611135396,1.51460996135309,68.4116388198628,4275.32079805844,94.7007872799873,1284.15443754324,-100.604713586455,0.137772707428546,162.913103477155,1284.13732345705,79.3891921713705,8497.57746130483,-114.960524608028,1.20885505797436,104.289003218498,8496.64128483366,65.0343178034032,0.698113952109173,1.00880945672998,2.30580175127252,1.19621439680168,0.310695504620811,1.10958735447084,560951.084760907,391607.778722365,2300.56752692057,8229081.16204032,1499907.53410463,2300.56752692057,2148513.90603646,5744836.37225911,2300.56752692057,29279.3435677165,29537.2786779586,435.155306672423,429524.251107738,113131.529129884,435.155306672423,112143.604895017,433308.126412351,435.155306672423,10540.7239447117,24304.8197313963,86.5647294368406,154631.081397525,93090.5467432544,86.5647294368406,40372.3115796403,356548.618287578,86.5647294368406,29279.3435677165,29537.2786779586,435.155306672423,429524.251107738,46022.4869496315,435.155306672423,112143.604895017,433308.126412351,435.155306672423,7
80263.9841892139,-59.401322889663,44813.3206612863,113.304260156701,44602.092111103,113.842281602731,17609.0788261793,51.9186506223899,9624.23048473887,-132.895714911119,9624.21490467065,-132.895597455082,4169.98791560458,-77.4338971728472,4.06077482428374,-129.744171626582,4194.46385588337,102.135674129911,2452.91246652942,-122.247435567458,0.299839985788235,174.220324313332,2453.05860263832,57.7462568708616,15587.3664463666,-141.356538191293,1.20897900266838,104.294247375672,15586.8686186261,38.6394130258991,0.632275784429376,1.00073384496026,1.81519587178277,1.76445425434627,0.368458060530883,0.0507416174364985,507463.80557705,320857.075740746,4632.12133292719,7444429.57030969,1228923.35500699,4632.12133292719,1943650.83286574,4706932.5461968,4632.12133292719,53902.9936079745,53942.5500481765,754.696410703856,790750.069528834,206606.818409084,754.696410703856,206455.312218693,791330.357482182,754.696410703856,13096.9959611505,23773.6130014359,11.9220483601028,192131.267183766,91055.9574941995,11.9220483601028,50163.1580975172,348755.883032364,11.9220483601028,53902.9936079745,53942.5500481765,754.696410703856,790750.069528834,46005.5350971295,754.696410703856,206455.312218693,791330.357482182,754.696410703856,7
50317.8464443638,-37.5810066771204,27736.4039400933,134.146238760263,27614.441258629,134.8045535361,10819.4354425043,67.043061296732,5970.58702576251,-117.719895914403,5970.58816948978,-117.71980795798,3921.04866174609,-81.5253699911792,1.49688422004825,-114.58728550792,3926.53014162713,98.4226369713892,1463.14188148857,-100.295101951729,0.113032846015505,142.010854667021,1463.09368948941,79.7009355443775,9733.22543532313,-118.916997552159,1.2094779351179,104.244694938495,9732.3434587308,61.0781316839641,0.671621206662774,1.0042782750777,1.95693861763949,1.27596503991136,0.332657068414921,0.680973577728125,555743.44001627,373249.079778648,2977.6779141757,8152685.67510591,1429591.38524805,2977.6779141757,2128567.96519508,5475516.59065695,2977.6779141757,33568.2702801159,33711.8845742566,492.062959197284,492442.261203789,129120.799966647,492.062959197284,128570.738978355,494549.064657101,492.062959197284,12304.7507879192,24079.641997309,1.67984528581331,180509.131122591,92228.0874198666,1.67984528581331,47128.7584539134,353245.289530349,1.67984528581331,33568.2702801159,33711.8845742566,492.062959197284,492442.261203789,45954.5518734485,492.062959197284,128570.738978355,494549.064657101,492.062959197284,7
45453.0857555824,-34.0406432928936,24992.1140691608,137.604661680868,24963.175564648,137.784778949896,9665.11252035966,69.614414113319,5340.3481286804,-115.19964929812,5340.35833396842,-115.199597372877,3646.78867713463,-79.946372190089,0.510287123717724,-112.086015450642,3902.1478923412,97.7274262772465,1448.00233497278,-109.800193731832,0.136744677717854,90.1495476938667,1447.87789683562,70.1979534950231,8714.45522224737,-115.582251661092,1.20807454374876,104.355456985429,8713.5291698417,64.4126488523745,0.694526984971616,1.01506213656224,2.00933817192512,1.16646909975692,0.320535151590626,0.842869072168201,557215.132867592,387000.946211087,2755.99638774935,8174275.22230196,1482262.78043154,2755.99638774935,2134204.73574848,5677254.72447357,2755.99638774935,29888.5192564934,30338.7042151779,444.893740680703,438460.781085257,116201.090733642,444.893740680703,114476.825159872,445064.93724715,444.893740680703,12015.9607725194,24144.128652578,99.0835833235775,176272.618278473,92475.0795005724,99.0835833235775,46022.6560131356,354191.30057212,99.0835833235775,29888.5192564934,30338.7042151779,444.893740680703,438460.781085257,48702.0855728835,444.893740680703,114476.825159872,445064.93724715,444.893740680703,7
50582.2459931193,-123.925042730265,25916.3336299253,38.1305386606604,26159.5577131625,39.8536916260282,35003.5689942901,-66.4480905719631,21813.0113100883,108.750609582475,21813.0161141429,108.750590394304,1967.0462989237,-144.660976743638,24.6956792211434,111.741142622288,1960.3455915246,34.5042040257112,4830.58519059043,116.653863654358,0.113120491773504,-122.097289861777,4830.5387576093,-63.3450017509686,65381.0343381475,-121.834077609815,1.20904275694739,104.286654532853,65380.1974690213,58.1651586704563,1.5040433171242,0.99257662148616,1.41119396705124,0.731083920647844,0.511466695638042,0.680110046403393,381492.146784554,573780.713906673,5100.22874951689,5596441.33660809,2197653.01527041,5100.22874951689,1461163.37890615,8417290.19200304,5100.22874951689,123200.491622233,122285.92773983,3075.34693269514,1807335.5633045,468370.63587029,3075.34693269514,471873.531706812,1793919.02731657,3075.34693269514,18658.4334549107,26330.668726197,1.56330684207359,273716.848809433,100849.805714497,1.56330684207359,71464.1701064154,386267.565720148,1.56330684207359,123200.491622233,122285.92773983,3075.34693269514,1807335.5633045,69687.7168304013,3075.34693269514,471873.531706812,1793919.02731657,3075.34693269514,7
109053.784726229,-104.703073631504,59297.0630789942,69.9899238488397,59280.3338183154,69.4843573160516,22860.1499087371,-18.7342491442513,13376.4471543764,151.884800503711,13376.4468113266,151.884789693104,5135.99481215939,-90.8479010102839,6.18042196474153,157.905753307457,5137.23840596925,89.1877370120594,3218.43496214354,172.12697707511,0.0299687691239182,-114.755058506026,3218.42466916106,-7.87242668681008,21677.6226294623,-163.349090377527,1.20832166689123,104.288679017526,21677.5718944406,16.6477186330465,1.82331735216532,0.987555444917232,3.17350779730988,1.92250855525439,0.835761907248091,1.25099924205549,280912.993412382,512193.535337499,4871.52478004686,4120957.93209399,1961766.29861343,4871.52478004686,1075932.44603508,7513814.10513029,4871.52478004686,75601.0635969674,74660.2419967191,1873.17868820442,1109058.0002019,285958.210110903,1873.17868820442,289561.676342,1095256.2668284,1873.17868820442,7755.58107133264,24612.397002543,3.20296469215628,113773.389210901,94268.6067598796,3.20296469215628,29704.8606087527,361060.737787166,3.20296469215628,75601.0635969674,74660.2419967191,1873.17868820442,1109058.0002019,60504.6578611577,1873.17868820442,289561.676342,1095256.2668284,1873.17868820442,7
50459.6315432201,-38.8188354559054,27211.2336074506,136.795865938402,27138.0554487031,137.256722174668,10783.0281199155,67.1371522276996,5950.861180572,-117.629392346244,5950.86417828652,-117.62929941387,3733.07674995469,-79.6581749324088,2.20235805343562,65.5443756967285,3731.7577072672,100.355896646681,1569.58778016798,-103.668639491084,0.121587076518622,136.002556219096,1569.52329231244,76.3275509632753,9707.20521732724,-118.816403144852,1.20843370844612,104.277135560841,9706.32265659029,61.1787234428973,0.6688331985251,1.00684275242698,1.82374281575576,1.25699395560098,0.338009553901877,0.566748860154781,561522.322695756,375564.771131846,1830.81034825888,8237461.14998652,1438460.77726741,1830.81034825888,2150701.81988496,5509487.48867173,1830.81034825888,33435.0647778879,33663.8526485429,490.826141652955,490488.153405724,128936.8315902,490.826141652955,128060.544985202,493844.442407844,490.826141652955,13155.4971627149,23992.2434381966,0.198691481190045,192989.472379957,91893.3398371953,0.198691481190045,50387.2251302685,351963.163769441,0.198691481190045,33435.0647778879,33663.8526485429,490.826141652955,490488.153405724,48872.3106604713,490.826141652955,128060.544985202,493844.442407844,490.826141652955,7
89824.7181333677,-66.6891983364019,49668.5748941526,107.800353732296,49675.9755965044,107.78369528803,19396.9008225659,46.715997031988,10565.6104511908,-138.282590004022,10565.6146925006,-138.282553464141,4149.21356684967,-73.5639093196861,3.92822699416681,-134.950574523103,3848.85637305765,116.195258251805,2880.75534235958,-121.328793170577,0.0958098095442472,99.957999879532,2880.68188612177,58.6699564942653,17060.6414841048,-149.340387215498,1.20875173412723,104.245664738148,17060.2998900969,30.6557187237596,0.666348711367427,0.996703385210112,1.27148539268556,2.30865701239688,0.330354673842685,1.03717161971132,485704.432361457,323648.522609505,4408.83588421758,7125222.32908907,1239614.95108091,4408.83588421758,1860309.66959788,4747882.71719492,4408.83588421758,59257.8551262015,59062.5048045755,828.856690902508,869305.207832487,226216.895457226,828.856690902508,226965.112002241,866439.443427419,828.856690902508,17983.3745373361,22865.5980354163,249.057463938675,263813.820233869,87578.1448392622,249.057463938675,68878.6087068482,335435.41881594,249.057463938675,59257.8551262015,59062.5048045755,828.856690902508,869305.207832487,50219.0394632229,828.856690902508,226965.112002241,866439.443427419,828.856690902508,7
116293.316416092,-89.6988334809393,67196.5282796171,81.8579367252501,67550.6478784633,81.1853825195481,22316.2498714474,19.0324939353083,12512.9842109998,-170.440268236952,12512.9855555362,-170.44026055356,5166.13645419388,-89.3655173762807,8.93703074763605,15.6427423578023,5164.39874340973,90.7065601649708,2581.43126351596,-162.112826403795,0.0274335650384552,57.8331007017469,2581.4027647793,17.8867891351747,20127.4722394167,-179.344487353929,1.2102008411959,104.366168865508,20127.7587582453,0.652165846341254,1.36214531851996,0.995058512937246,2.94978161556359,7.13978372399833,0.367086805582719,4.19000210843474,334440.219813154,455556.179743276,8891.42813601034,4906195.54442271,1744838.0326717,8891.42813601034,1280948.52212064,6682951.2925789,8891.42813601034,70327.2983479409,69979.7769129961,1588.17994199085,1031692.53386666,268031.434332614,1588.17994199085,269362.485570251,1026594.43855781,1588.17994199085,8339.79657891633,24600.5786260275,0.736943289638062,122343.75650073,94223.3408766678,0.736943289638062,31942.4802092223,360887.363704841,0.736943289638062,70327.2983479409,69979.7769129961,1588.17994199085,1031692.53386666,41535.9323756732,1588.17994199085,269362.485570251,1026594.43855781,1588.17994199085,8
45087.4860661682,-34.3149696904232,25011.8483071943,138.846392769606,25088.8684684056,138.345093047675,9529.56059918002,70.1620997326509,5432.69975655272,-115.971291106408,5432.70814033159,-115.971254189327,4109.09917152501,-83.8367840601895,1.50529753910527,-112.043978013,4112.4748772193,96.1379961371347,1094.22286244905,-107.879757387686,0.114190513486517,85.9620931956458,1094.11368851045,72.1188055011603,8665.22423473573,-115.53150083429,1.21046248458046,104.344499033654,8664.29540091216,64.4633671779628,0.691735649577873,1.00944618612881,2.14324266395057,1.19149888528892,0.317710536550933,0.951743778661646,560061.575109128,387414.557461719,2597.88026444249,8216032.16843328,1483846.96405792,2597.88026444249,2145106.97108559,5683322.34898389,2597.88026444249,30509.8520799952,30798.0538215051,578.06344586978,447575.654685001,117960.458071967,578.06344586978,116856.608794909,451803.537625878,578.06344586978,11304.346945823,24227.9586623873,0.774925174454821,165833.333829259,92796.1590861394,0.774925174454821,43297.0846684674,355421.076168025,0.774925174454821,30509.8520799952,30798.0538215051,578.06344586978,447575.654685001,36676.6353615712,578.06344586978,116856.608794909,451803.537625878,578.06344586978,8
107872.129359047,-80.7870562914376,61153.5082373126,93.8499375913648,61383.4694342006,93.4384395300715,21866.7327503123,33.893569096386,12159.3959397454,-153.660826620735,12159.3871341351,-153.660770827087,6604.35623580621,-106.638512737631,3.80160339660841,-148.769085046279,7014.38904785701,70.4009027733763,2534.59510863808,-140.91039030579,0.175731678400749,151.491589068636,2534.66024529483,39.0859428139958,19312.3046864081,-167.974597996034,1.21039362583674,104.318797025888,19312.3530733228,12.0218138913612,0.907585855530466,0.996560695905301,3.85146644651658,3.59600162916533,0.0889748403748348,0.25546481735125,414266.549580808,375982.460818952,6169.9047391227,6077237.66265983,1440060.58182352,6169.9047391227,1586693.50458512,5515614.94332709,6169.9047391227,68216.717381517,67982.0993460998,1306.19694164677,1000730.57917294,260380.075508549,1306.19694164677,261278.692385127,997288.762394296,1306.19694164677,7013.48642602813,27012.2076429468,178.790838915551,102886.955024346,103460.186333987,178.790838915551,26862.5438571744,396265.655060529,178.790838915551,68216.717381517,67982.0993460998,1306.19694164677,1000730.57917294,39360.6271357841,1306.19694164677,261278.692385127,997288.762394296,1306.19694164677,8
60890.5265812639,-44.2754347353013,34958.5756812686,124.904105274042,35062.5541110614,124.53984365993,13358.6130376709,61.8826994745499,7571.25489192572,-124.118505041168,7571.25704476755,-124.118451702468,4668.67011469225,-86.3305105073566,0.202070646195606,59.9267215673145,4671.93714802148,93.6425618831009,1512.67894511591,-110.523473605186,0.0880210550223485,130.941602648363,1512.63411279689,69.47361538252,12067.4723444109,-126.998989336753,1.21045068664898,104.315137489855,12066.7156548047,52.9965242362795,0.635481300770454,1.00212413508245,2.49259995826213,1.44555902898148,0.366642834311996,1.04704092928065,537257.324614519,341416.983494488,5190.80622881185,7881496.71024867,1307670.41320115,5190.80622881185,2057763.79511992,5008543.78144688,5190.80622881185,42558.2133949418,42648.6127890604,778.95446754992,624323.5848054,163349.604162931,778.95446754992,163003.363001023,625649.732434687,778.95446754992,9768.49090498342,24348.9400220457,1.37931935344697,143302.520792921,93259.5330605532,1.37931935344697,37414.5609492727,357195.857347292,1.37931935344697,42558.2133949418,42648.6127890604,778.95446754992,624323.5848054,36636.0906140834,778.95446754992,163003.363001023,625649.732434687,778.95446754992,8
78684.8636766289,-58.1384947300224,45126.1326137902,113.282436011463,45176.5086096972,113.158456913158,17304.6900762145,52.6628603023069,9731.5958617263,-133.457380007985,9731.58489352997,-133.457312370944,4482.50947490795,-82.273353460865,4.19558986000911,50.5543811983988,4618.23088471335,95.9386514693174,1968.83907351441,-116.74425422567,0.189034796808374,179.072893092254,1968.91718280223,63.2508216295293,15439.2234983078,-140.935767527836,1.21084253414784,104.276604272435,15438.7156809611,39.0601528320568,0.633694702805292,0.998413833545539,2.28582203970621,1.96109468166789,0.364719130740247,0.324727358038319,505705.313696889,320462.778470207,5762.94916531217,7418632.71778947,1227413.14637762,5762.94916531217,1936915.58560298,4701148.25532121,5762.94916531217,54668.7808468475,54582.0670605619,976.527897992786,801984.071053632,209056.249797281,976.527897992786,209388.374613047,800711.990823114,976.527897992786,10601.7644299312,24233.7467937101,66.8697896308538,155526.5375624,92818.3283643082,66.8697896308538,40606.1043913277,355505.987319329,66.8697896308538,54668.7808468475,54582.0670605619,976.527897992786,801984.071053632,37247.4487912237,976.527897992786,209388.374613047,800711.990823114,976.527897992786,8
42651.8166345181,-31.9046875628864,23781.7145586706,139.895630631697,23786.7077753072,139.860948483149,8990.46807759346,71.3428133043005,5129.04903469958,-114.823690756433,5129.04898198936,-114.823581038482,3676.58333238953,-80.7556615910521,6.54194009939211,69.1144008882919,3670.86214258336,99.296178574691,1129.92418051322,-109.409458229137,0.118585115434791,158.494830385522,1129.91983461246,70.5845326197488,8184.37026058874,-114.006959866627,1.20945129082884,104.375583560287,8183.42222639604,65.9877823341615,0.703356756719674,1.01288457301159,1.8591514466102,1.15999665586308,0.30952781629192,0.699154790747112,560132.39861941,393972.907226559,2728.93574899702,8217071.14033318,1508966.27669177,2728.93574899702,2145378.2341259,5779532.50699958,2728.93574899702,28785.1051163521,29155.9889048701,548.704640069122,422273.835803858,111671.140867939,548.704640069122,110250.608848656,427714.653872159,548.704640069122,12966.3878059945,24106.4786468235,0.0249126480291208,190215.262137335,92330.8751962694,0.0249126480291208,49662.9122735628,353638.979769965,0.0249126480291208,28785.1051163521,29155.9889048701,548.704640069122,422273.835803858,39719.4651525553,548.704640069122,110250.608848656,427714.653872159,548.704640069122,8
60181.4038186515,-44.4210409378498,34176.7762961708,126.413075023473,34220.8381259936,126.246729046327,13132.4727857617,62.4090220528234,7446.1632091924,-123.597436254043,7446.17478559128,-123.597415576118,4965.79201125862,-88.610231180219,2.89978795360989,-119.73760682949,4681.7162155718,93.5135442876125,1636.24268904563,-115.716273356452,0.138800010595067,69.8037517816723,1636.10039153466,64.2832692683768,11876.9105267384,-126.287753663244,1.20961287258669,104.354422460974,11876.1432766187,53.7077341633108,0.633984603732002,1.00508374538192,2.48559381702776,1.36669540416089,0.371099141649916,1.11889841286687,541597.79694318,343364.664677147,4430.7961762422,7945170.88798802,1315130.2795231,4430.7961762422,2074388.35546081,5037116.01700412,4430.7961762422,41814.224672198,42026.7975437737,767.740172978346,613409.364743394,160967.972791181,767.740172978346,160153.791692269,616527.781768633,767.740172978346,9769.86859674459,24283.9249772421,112.838374508527,143322.731356064,93010.5171808143,112.838374508527,37419.8376837109,356242.094898164,112.838374508527,41814.224672198,42026.7975437737,767.740172978346,613409.364743394,39405.1093510812,767.740172978346,160153.791692269,616527.781768633,767.740172978346,8
16991.3979046531,132.040614892652,21657.4004835201,-59.3561351760242,19582.8212601372,-56.5704204192266,48013.6448256035,-82.4393920465835,31377.7722812086,94.1735460933364,31377.7673280369,94.1735365946605,4026.71403552484,-91.7692250362844,3.43310146549201,-83.7648049733859,4052.13757294035,88.2813512099193,5401.74235856739,99.8573753731029,0.0900602146878006,138.643593033153,5401.80916537065,-80.1420239678325,125249.626477686,-116.958926885656,1.20945533874533,104.341275486594,125248.717421358,63.040707952019,1.16209754620715,0.996544401943177,2.69086638291548,0.537089544175857,0.165553144263968,2.15377683873963,556899.374838819,647171.396984484,8206.47838716064,8169643.0921271,2478748.65346389,8206.47838716064,2132995.34239104,9493922.19074906,8206.47838716064,177610.25573223,176996.50607765,5031.89870692151,2605519.89172856,677919.100182834,5031.89870692151,680269.839317695,2596516.26225369,5031.89870692151,9198.02672512348,24750.660903793,7.4130875149645,134933.883734121,94798.1750637987,7.4130875149645,35229.6106806639,363089.051656371,7.4130875149645,177610.25573223,176996.50607765,5031.89870692151,2605519.89172856,60940.9410665722,5031.89870692151,680269.839317695,2596516.26225369,5031.89870692151,8
65709.5228071547,-48.7204656472614,37273.4661879234,122.889639191537,37081.2003291715,123.548362901922,14411.1591033198,59.5405543536435,8152.45658281002,-126.460857941514,8152.45973846988,-126.460806436559,4700.23813665987,-86.2652457859932,1.26154109320213,-122.589841965071,3656.88665406226,106.980624447724,1771.63448796711,-112.941274730196,0.0938778483527677,123.595981824125,1771.58362487395,67.056187443061,12989.8704121188,-130.44686665909,1.20986957091573,104.31173623733,12989.1723708255,49.5487746380842,0.619524474756433,1.0014226700214,1.50673771553152,1.53376319192909,0.381898195264965,0.0270254763975668,536718.944679207,332510.522294213,4390.0927730851,7873598.7449821,1273557.535515,4390.0927730851,2055701.73158324,4877887.12692794,4390.0927730851,45836.7932305681,45902.0038621743,832.30498177752,672419.934552361,175810.505215184,832.30498177752,175560.740213149,673376.566235039,832.30498177752,15554.5412990816,23436.6140231189,472.195151700981,228183.145136456,89765.2086019985,472.195151700981,59575.8688965536,343812.150825701,472.195151700981,45836.7932305681,45902.0038621743,832.30498177752,672419.934552361,39716.9204027162,832.30498177752,175560.740213149,673376.566235039,832.30498177752,8
114999.752087602,-87.7355402954818,65926.6598849918,85.4718163244978,65883.1180254419,85.5513598785457,22342.7742682316,23.9911092594308,12464.9497727222,-164.808592214963,12464.9497303667,-164.808574877738,5242.44565424718,-91.771053707103,4.34770313772872,-159.059209974492,4872.24489738147,103.926641596136,2827.85590074522,-142.881252338858,0.0454478934880819,108.8841273136,2827.83961854471,37.1178851803863,20013.1307446049,-176.842903430797,1.21027169702565,104.281159066275,20013.3641808385,3.1536968101491,1.17545401963017,0.992918585346911,1.63552289432428,6.17608333961189,0.182535434283257,4.54056044528761,364565.557090184,428530.049500369,7424.29146070734,5348130.41578887,1641324.52101143,7424.29146070734,1396332.39037954,6286481.39474539,7424.29146070734,70074.6119336064,69578.3845498503,1487.85230621483,1027985.65626433,266494.05059734,1487.85230621483,268394.664507394,1020706.06357489,1487.85230621483,14093.9385914838,23050.9592375722,477.822473391356,206756.288940178,88288.1017878995,477.822473391356,53981.5750022724,338154.644107187,477.822473391356,70074.6119336064,69578.3845498503,1487.85230621483,1027985.65626433,44519.3253867001,1487.85230621483,268394.664507394,1020706.06357489,1487.85230621483,8
61530.6444849094,-45.4842798416442,34746.762677098,126.249244050148,34719.0353898068,126.355474746351,13446.7752333573,61.7059703208627,7620.30902782569,-124.298128872226,7620.30606023633,-124.298038854876,5073.23545954309,-89.3402034396351,5.82640476895692,59.5672686203992,5073.24662407327,90.6597138800935,1804.42183617254,-116.420429432397,0.150538337801827,162.133880346336,1804.44159507719,63.5748496398265,12158.3299821467,-127.308715680308,1.20903502608402,104.352169165432,12157.5799115097,52.6868151588539,0.627361059015838,1.00509999076204,2.94239357494063,1.3867120584022,0.377738931746207,1.55568151653843,542661.672216295,340444.80136892,4120.26625668173,7960777.80311233,1303946.8321747,4120.26625668173,2078463.13288913,4994281.99315032,4120.26625668173,42809.5849867163,43027.9134746755,784.090342634096,628011.174127783,164802.373967201,784.090342634096,163966.148126468,631214.025314295,784.090342634096,8345.7128939738,24556.3719975277,1.94658200250698,122430.548091139,94054.0238744351,1.94658200250698,31965.1404473764,360238.858079827,1.94658200250698,42809.5849867163,43027.9134746755,784.090342634096,628011.174127783,42413.6237500521,784.090342634096,163966.148126468,631214.025314295,784.090342634096,8
60773.1274423779,-44.6049245832808,34702.2753438756,125.47349115653,34426.9960627628,126.501877639927,13290.8305256915,62.0761266284319,7534.04936170469,-123.930423791776,7534.05268256394,-123.9303636561,5336.42676848673,-90.9931666203153,7.04202097881987,-120.088434569089,5338.83334736779,88.9924606487342,1797.45119507602,-118.652237171778,0.103904634501505,123.109553641744,1797.40259552482,61.3448444020751,12022.1814005769,-126.800666979981,1.20915636614454,104.362462257501,12021.4231957762,53.1948440139311,0.630388822018139,1.0065107877981,3.22627538233641,1.34791807715734,0.376121965779963,1.87835730517907,541753.81402798,341515.548648932,4535.81917495602,7947459.63880491,1308047.93026231,4535.81917495602,2074985.92071271,5009989.71974293,4535.81917495602,42290.8910709121,42566.2380884675,776.082311889521,620402.000266878,163034.098596514,776.082311889521,161979.484544996,624441.306040134,776.082311889521,7646.2982969777,24669.06396154,1.42934644116336,112170.224792094,94485.648410614,1.42934644116336,29286.293701993,361892.034877875,1.42934644116336,42290.8910709121,42566.2380884675,776.082311889521,620402.000266878,42280.5429310543,776.082311889521,161979.484544996,624441.306040134,776.082311889521,8
111218.167112532,-102.173847419179,62440.70549823,70.4214745543523,62499.8906305299,69.7054761987563,22128.9949650338,-11.2225488690331,13314.8986153065,156.903861372364,13314.8835585969,156.903899815311,5611.59210823936,-78.2764188919084,5.94503387995594,164.396550211032,5607.7145770089,101.646806557769,2876.55973966916,177.041681795121,0.20735044765607,125.245006948252,2876.6909779933,-2.96157691454538,20766.8937551032,-169.253770391204,1.20933813757214,104.303552837869,20766.9689746606,10.7428994904408,1.89771737423163,0.989393308251875,1.76767064078499,2.18044314075932,0.908324065979754,0.412772499974331,272523.325065823,517172.248860786,7036.21650847489,3997882.5630966,1980835.40379845,7036.21650847489,1043798.95062112,7586851.20012609,7036.21650847489,75482.2294642371,74681.6127238487,2251.03503653644,1107314.71856893,286040.062710296,2251.03503653644,289106.526519459,1095569.7726809,2251.03503653644,13296.9580778239,23504.6424059182,0.837638594762393,195064.686036394,90025.7659490115,0.837638594762393,50929.0384033492,344810.118560475,0.837638594762393,75482.2294642371,74681.6127238487,2251.03503653644,1107314.71856893,52543.7254327565,2251.03503653644,289106.526519459,1095569.7726809,2251.03503653644,8
75697.3284088669,-56.0207937844674,43271.8205241067,115.53562230777,43257.8082593043,115.572594999214,16663.0893389846,54.2525663189178,9384.03176241274,-131.82470991761,9384.03236777373,-131.82465888655,6740.42126676156,-99.7882288138836,3.0002725941065,52.1429183531948,6730.26479135102,80.2579069502885,2217.38001545174,-118.314172153446,0.101751377117645,132.618472261376,2217.34142838301,61.6833661276069,14918.3089565278,-138.486760049593,1.20958001552044,104.286583517696,14917.755342966,41.5091089525132,0.624281150175213,0.999806215576745,3.62164939725003,1.78143102536751,0.375525065401532,1.84021837188251,513676.865676688,320678.784523041,5391.37606039267,7535574.37279518,1228240.47699683,5391.37606039267,1967447.64222355,4704317.03667943,5391.37606039267,52756.0698162563,52745.8465116937,945.072405003104,773924.843185352,202023.291860361,945.072405003104,202062.448415389,773774.868605973,945.072405003104,7099.35458887896,25711.3732676777,2.83784368135985,104146.630066486,98477.8254461261,2.83784368135985,27191.4298277746,377182.580005911,2.83784368135985,52756.0698162563,52745.8465116937,945.072405003104,773924.843185352,43063.0435886798,945.072405003104,202062.448415389,773774.868605973,945.072405003104,8
117369.472953995,-93.219499016102,67440.2231770712,78.2439288873408,67313.725642453,78.5416613793623,22192.1541568609,11.8709726737176,12584.5782538217,-178.473482277999,12584.5845194013,-178.473489577244,5159.09030193882,-88.5113370685041,8.65163601561004,-171.738257082699,5160.6613533316,91.3433366120984,2993.20046441891,-152.934101941999,0.0772732331753236,-13.1522326257003,2993.13520122737,27.0668939710958,20194.6959233165,179.349867049588,1.20976723178278,104.267441031836,20195.007070132,-0.653449535496376,1.50381812393895,0.990419608274354,2.82323108886787,5.54687765876848,0.513398515664595,2.72364656990061,317126.010263765,476899.841807098,8458.37331794406,4652198.2895654,1826586.96942509,8458.37331794406,1214632.90031424,6996060.10400623,8458.37331794406,70950.1481910719,70270.4179784088,1736.56515842459,1040829.66195167,269144.626530059,1736.56515842459,271748.079583158,1030858.1060705,1736.56515842459,8659.743392124,24448.4567662626,1.50998160728255,127037.335611187,93640.6948314135,1.50998160728255,33167.917143107,358655.755344444,1.50998160728255,70950.1481910719,70270.4179784088,1736.56515842459,1040829.66195167,49621.9595860008,1736.56515842459,271748.079583158,1030858.1060705,1736.56515842459,8
90860.995588797,-67.3012868836317,52734.7560684719,103.859434423961,52395.2765663052,104.51931257198,19618.1544226166,45.7542553620866,10970.1972750039,-140.710266675149,10970.1937184465,-140.710201642572,5242.66220481156,-90.8031173113447,6.83016074221542,43.4715606189455,5243.72654091224,89.1849466443633,2832.42875958685,-132.345857033525,0.158090922409948,147.50628859623,2832.45363980944,47.6509954334419,17368.4357429184,-151.730413684575,1.20862796037996,104.348773775101,17368.1449083506,28.2657162779813,0.710474034081661,0.999561863593425,3.19983752840736,2.12325193510202,0.289087829511764,1.07658559330535,468961.575458462,333185.022345265,6813.54878941496,6879606.74498177,1276140.95638479,6813.54878941496,1796182.40099977,4887781.9570026,6813.54878941496,61600.9638335066,61573.974208571,1104.73942302361,903678.314949509,235836.142278666,1104.73942302361,235939.515970362,903282.380579898,1104.73942302361,7712.85548405307,24679.8844290555,2.78508201974,113146.610272468,94527.0921756028,2.78508201974,29541.2161825139,362050.769761925,2.78508201974,61600.9638335066,61573.974208571,1104.73942302361,903678.314949509,46773.0332740256,1104.73942302361,235939.515970362,903282.380579898,1104.73942302361,8
73774.489331762,-55.2480668206624,41632.555779807,117.950492849388,41717.9484973868,117.704936951818,16146.6091613844,55.5717578355205,9103.35608482484,-130.481078871453,9103.34000207496,-130.480941580585,4214.29371829671,-79.5452361430301,8.92279311545361,53.4042045516462,4076.36142394067,102.580611963936,2338.30803110284,-125.164452288519,0.328100475723011,175.984150916468,2338.47111971514,54.8286718548015,14490.875578064,-136.558021377011,1.20859825811952,104.36028629706,14490.2878567754,43.4378022139638,0.616664153065557,1.00379316797241,1.77616963840423,1.55157079769152,0.387129014906851,0.224598840712709,520715.667456091,321106.686059777,4520.52152076693,7638832.700838,1229879.39423412,4520.52152076693,1994407.14709968,4710594.29787175,4520.52152076693,51105.8817223988,51299.7349161499,919.495189028941,749716.793453577,196484.500765892,919.495189028941,195742.018410802,752560.595182881,919.495189028941,13379.006125926,23763.384472894,65.8829286027216,196268.320480397,91016.7809306674,65.8829286027216,51243.2928492348,348605.831817872,65.8829286027216,51105.8817223988,51299.7349161499,919.495189028941,749716.793453577,45460.4764530275,919.495189028941,195742.018410802,752560.595182881,919.495189028941,8
61900.9885930344,-45.8621382068548,35014.0432699376,125.715047161154,35035.7486402895,125.633955165214,13532.5096589744,61.4682301870772,7667.71008247464,-124.534866296278,7667.71685151059,-124.53481633898,4688.0748796765,-86.4764102583259,2.33740851291651,-120.660890479347,4800.97048380744,92.6136312287343,1931.01918872265,-113.922099787359,0.120588541881662,97.8820269339432,1930.91537493086,66.0760191015304,12238.5956946545,-127.618265358146,1.20904090840654,104.296862981613,12237.8498976725,52.3772792360214,0.627839717443285,1.00393941334941,2.64290047716293,1.42570608057471,0.376099695906126,1.21719439658821,540828.244976279,339553.452511255,4259.00861467846,7933881.65838124,1300532.85283167,4259.00861467846,2071440.87367992,4981206.01862654,4259.00861467846,43133.6217559389,43303.5429212927,788.937606380126,632764.752373478,165858.0697579,788.937606380126,165207.250111392,635257.474286015,788.937606380126,9231.95784932927,24399.1458051403,44.4638278630097,135431.649016325,93451.8275868901,44.4638278630097,35359.5711962668,357932.369808206,44.4638278630097,43133.6217559389,43303.5429212927,788.937606380126,632764.752373478,45577.8808540094,788.937606380126,165207.250111392,635257.474286015,788.937606380126,8
102685.466196871,-105.787479356031,57042.2173913252,66.4472644736332,57028.2611799002,66.3116007877446,23010.362758586,-25.2405990957408,14410.1491796893,143.325878719862,14410.1490724561,143.325867179634,4602.17405796624,-107.657773803157,17.2994719797798,150.4738515851,4600.20319295155,72.2248428587582,3014.1386438206,168.246224090127,0.0352173482190721,-129.515126098737,3014.16155946265,-11.7532232010613,23568.2865411547,-154.906629700318,1.20901003718488,104.283920010223,23568.0601847354,25.0904832548427,1.95213977886785,0.988750482499391,6.2638446681286,1.59415985231974,0.963389296368455,4.66968481580886,270997.213134171,529024.439721544,6237.85762384719,3975494.69490436,2026230.80024766,6237.85762384719,1037953.74807781,7760721.3346009,6237.85762384719,81882.6942290558,80961.5534273291,2586.03168072566,1201208.72368868,310093.033275926,2586.03168072566,313621.119548851,1187695.70512966,2586.03168072566,4127.25909899779,25852.5099012425,2.55635802352587,60546.3667422952,99018.3966797026,2.55635802352587,15807.9265891639,379253.036493284,2.55635802352587,81882.6942290558,80961.5534273291,2586.03168072566,1201208.72368868,57669.9325980167,2586.03168072566,313621.119548851,1187695.70512966,2586.03168072566,8
70924.6004433768,-53.1039631886231,40366.8092722165,118.782632517611,40227.9489563322,119.190775878744,15547.3243533321,56.8728248163287,8775.93036051495,-129.152172225251,8775.93316052494,-129.152122291842,4504.99123011546,-83.8713482539172,5.69324399017903,-125.215552735353,4511.73091346731,96.0533946518368,2198.27846744095,-112.455346514451,0.0997332281771857,119.195670429835,2198.21538976423,67.542621901929,13978.3168185688,-134.413721599444,1.20932952513922,104.24882401605,13977.6878535045,45.5820444054421,0.619441305939251,0.999192149306979,2.23832493738879,1.70805551840966,0.379750843367728,0.530269418979123,524910.118144322,325151.009084045,4772.64321399044,7700364.75965974,1245369.66512262,4772.64321399044,2010472.42601021,4769924.00293221,4772.64321399044,49419.1998650669,49379.2765302074,889.852118883632,724973.384847029,189128.901213178,889.852118883632,189281.812656709,724387.714595658,889.852118883632,10783.7443964645,24137.5240010332,1.09278095371237,158196.160556544,92449.78284624,1.09278095371237,41303.1107780496,354094.411172873,1.09278095371237,49419.1998650669,49379.2765302074,889.852118883632,724973.384847029,46114.4597233978,889.852118883632,189281.812656709,724387.714595658,889.852118883632,8
75441.5071200374,-112.673011895914,39946.1026571513,53.6072036140955,39611.2054803887,52.1574943575718,28163.234308052,-52.2609241628766,18575.9054772966,119.509639952935,18575.8532133663,119.509689611227,4762.66607064714,-93.373359431403,0.44793323346646,124.397304170811,3424.70097869074,65.8958354549964,4437.80886361142,126.589358479759,0.654846982541033,102.148580564457,4438.39946814433,-53.4141365279662,42599.6648404895,-129.402115181143,1.20839075177407,104.334874265978,42598.9496795844,50.5965743299282,1.80007732614839,0.990768562119938,2.61117258268389,0.866446139065101,0.809308764028447,1.74472644361878,310694.776038849,559274.621700283,6640.15897189949,4557852.90037433,2142092.83957174,6640.15897189949,1190000.45634438,8204487.66188349,6640.15897189949,105728.817627384,104752.788615324,3374.74091919394,1551028.32503326,401216.485982998,3374.74091919394,404954.801073339,1536710.1034005,3374.74091919394,10105.1135609859,26386.1954753535,658.322116211344,148240.73239903,101062.480216714,658.322116211344,38703.8684792091,387082.136077326,658.322116211344,105728.817627384,104752.788615324,3374.74091919394,1551028.32503326,68039.739081583,3374.74091919394,404954.801073339,1536710.1034005,3374.74091919394,8
112684.910431351,-85.2203476536999,64572.6036935243,88.0264884139872,65078.7096205197,87.1341932562756,22234.4699347021,27.1649758469598,12380.2735923328,-161.231263043283,12380.2801923272,-161.231261620682,4970.99146799549,-84.2218282172587,1.64259460721207,-155.794722587513,4972.2922447576,95.7332371075586,3431.76466446911,-150.504336006483,0.0847647997533002,21.584122994198,3431.6726961322,29.4958711787946,19849.6921156934,-174.599578296035,1.20813240995177,104.318960469996,19849.8790692189,5.39697664569838,1.10059099994117,0.994639669367005,2.32035710373744,4.98938004904663,0.105951330574162,2.66902294530918,374794.628223588,412495.594649177,7620.57383526588,5498189.59003032,1579910.52225219,7620.57383526588,1435511.03210606,6051257.97875758,7620.57383526588,69645.2196844599,69271.8982799437,1427.54916423845,1021686.52651029,265320.169254042,1427.54916423845,266750.037652222,1016209.94892492,1427.54916423845,10386.4023168337,24100.1623981401,0.82257033167395,152367.202718323,92306.6831615291,0.82257033167395,39781.2401431008,353546.321204063,0.82257033167395,69645.2196844599,69271.8982799437,1427.54916423845,1021686.52651029,53626.230385887,1427.54916423845,266750.037652222,1016209.94892492,1427.54916423845,8
85947.6977847508,-64.4083909534854,48583.9721375343,109.521143029076,48290.0490844957,110.205857419043,18604.3503131651,48.9804178655153,10430.313864603,-137.296489848571,10430.3158831097,-137.296439442077,4789.08165184848,-85.5906242515533,6.48607086634265,-133.224586887896,4790.75446779442,94.3874386992213,2853.71040935585,-126.430943188816,0.112857549744783,121.740614508472,2853.67442466695,53.5669390476027,16545.6739277216,-146.711665549215,1.20826439935939,104.308756025711,16545.2812836317,33.2843777446708,0.645578139829168,0.999391600727935,2.43598966081764,2.00453987975865,0.353813460898766,0.431449781058997,494968.563493162,319540.884493831,4777.78494639573,7261125.95607123,1223882.17535012,4777.78494639573,1895792.46855226,4687624.18778576,4777.78494639573,58637.7202924278,58602.0451460864,1046.82091934154,860207.908589885,224453.276478124,1046.82091934154,224589.91682003,859684.558724474,1046.82091934154,9938.92472461992,24211.117868819,1.33460285786203,145802.763278668,92731.6567076734,1.33460285786203,38067.3441268006,355174.023865477,1.33460285786203,58637.7202924278,58602.0451460864,1046.82091934154,860207.908589885,49579.0669015915,1046.82091934154,224589.91682003,859684.558724474,1046.82091934154,8
69803.7918664274,81.1966086033352,55014.6081155309,-93.1874269873666,53307.1674066904,-93.2099079350363,62707.7106017036,-91.6579734412547,40304.6126257923,86.1813635441314,40304.5554811938,86.1813578839968,575.435961400587,-69.773533394067,38.7557298299972,87.5151038436081,4492.64825902857,90.3493832329306,8336.08975833081,90.4205705031572,0.661484260020046,90.2910039991007,8336.73813021825,-89.5794352037544,197922.740824819,-116.198987671279,1.21228856175365,104.121481554355,197921.814460905,63.8007852476046,0.988508346077977,0.997346293810433,2.94461173290274,0.443327123221023,0.00883794773245594,2.50128460968172,772022.598609972,763150.782086766,13116.9468472113,11325473.4601299,2922964.42998212,13116.9468472113,2956944.61415458,11195325.038623,13116.9468472113,227620.840276014,227016.8014433,6033.11670626221,3339168.81469533,869503.184957276,6033.11670626221,871816.730410936,3330307.64174377,6033.11670626221,8363.08032772726,24626.0244562338,1331.69691167874,122685.326138309,94320.8016384597,1331.69691167874,32031.6599246449,361260.650801865,1331.69691167874,227620.840276014,227016.8014433,6033.11670626221,3339168.81469533,78488.6327488032,6033.11670626221,871816.730410936,3330307.64174377,6033.11670626221,8
116106.884665371,-89.3488287234027,67123.4921382859,82.2085358223096,67482.2268609241,81.5369552441217,22323.8959892288,19.6831786958782,12507.3003540019,-169.704214889289,12507.3017509749,-169.704206841675,5156.71820021923,-89.0166860295943,8.9380549677857,16.3256766459566,5154.94242627566,91.0554178791536,2582.13648623009,-161.45108108523,0.0285662020902394,58.8890694265121,2582.10724491502,18.5485150273585,20116.1898467517,-179.098307207634,1.21020122559456,104.366166906542,20116.4713116417,0.898340634282649,1.34572437500457,0.995176531357217,2.89627890459431,7.10245495997587,0.350547843647357,4.20617605538157,336784.185147381,453218.687068884,8895.26069648659,4940581.21814786,1735885.13882297,8895.26069648659,1289926.20707868,6648660.57195137,8895.26069648659,70285.2746728932,69946.2558544591,1574.92307168052,1031076.05189151,267903.044420609,1574.92307168052,269201.529557016,1026102.68888689,1574.92307168052,8483.63512697068,24570.9734525204,0.737027649436193,124453.84973047,94109.9493017184,0.737027649436193,32493.4001184878,360453.059569909,0.737027649436193,70285.2746728932,69946.2558544591,1574.92307168052,1031076.05189151,41435.6798507935,1574.92307168052,269201.529557016,1026102.68888689,1574.92307168052,8
107516.360339845,-102.912386205221,59790.758213609,67.7391529770633,59792.7803999035,66.0624643614442,22496.0911240945,-18.7164575240529,13833.4033724884,149.52328092532,13833.3865742777,149.523301267374,5592.641165616,-81.4272591293563,14.7569007591243,-23.0290300955184,5601.69900335161,98.7230022692685,3146.28651153908,-179.783094868859,0.211761561688665,133.227047238686,3146.43242891399,0.214073942428466,21876.5304921439,-162.018957307807,1.20876264847494,104.243898507829,21876.4518184204,17.9778836000052,2.0287081533559,0.987538295677391,1.97768537614047,1.91832110630842,1.04116985767851,0.0593642698320531,261039.782006037,529573.534105896,7835.75096917223,3829420.44503681,2028333.9014851,7835.75096917223,999815.522074883,7768776.47947396,7835.75096917223,78549.6852360602,77570.8222840144,2426.05200146001,1152313.90511665,297106.102310015,2426.05200146001,300855.271750468,1137954.10994425,2426.05200146001,12053.1393077237,23837.3173454691,0.830564972524078,176818.022667543,91299.9532235039,0.830564972524078,46165.0545253459,349690.417667675,0.830564972524078,78549.6852360602,77570.8222840144,2426.05200146001,1152313.90511665,60396.4247923237,2426.05200146001,300855.271750468,1137954.10994425,2426.05200146001,8
44986.4889432207,-34.2460054375557,24954.5659129112,138.916029760999,25031.3221118741,138.414756651749,9505.98340161313,70.2128255435746,5419.42657037901,-115.921866510947,5419.43494862253,-115.921829457057,4098.76922282496,-83.7759955205135,1.5015884507225,-111.993777401488,4102.13627847164,96.1987747254107,1091.50665288894,-107.828395514221,0.11413768740039,86.0505461167126,1091.39754375432,72.1701607097869,8644.01121455749,-115.46448080631,1.21046224104313,104.344524148697,8643.0814739104,64.5303818148807,0.692248996437943,1.00948813554954,2.13632687109184,1.19060301803201,0.317239139111602,0.945723853059828,560105.685405248,387732.598620969,2591.35583254107,8216679.26087451,1485065.10209509,2591.35583254107,2145275.91912257,5687987.97239284,2591.35583254107,30435.4006250504,30724.1758316856,576.778174996817,446483.461297705,117677.495987055,576.778174996817,116571.450265727,450719.756899128,576.778174996817,11339.7416334341,24225.3947627441,0.773016085754016,166352.569400718,92786.3390248422,0.773016085754016,43432.6508178128,355383.464085923,0.773016085754016,30435.4006250504,30724.1758316856,576.778174996817,446483.461297705,36679.9657406872,576.778174996817,116571.450265727,450719.756899128,576.778174996817,8
107497.89051957,-80.4728452101952,60940.7300833121,94.1546660988018,61170.8353154823,93.7426587037777,21830.4832994214,34.2511340786813,12139.7040167198,-153.262155279168,12139.6952757249,-153.262099458247,6587.46526631532,-106.339557156446,3.79543201727021,-148.39712676584,6997.27453103098,70.7016119960961,2530.14428094543,-140.574824078946,0.175152256246938,151.714577730147,2530.20888128747,39.4215117217438,19274.0766981091,-167.559919356117,1.21039545113741,104.318817311161,19274.1163313707,12.4364844597435,0.899647891865673,0.996627437336186,3.89437998116709,3.5348438749345,0.0969795454705127,0.359536106232595,416025.940832032,374276.860630971,6152.45825638542,6103047.70883929,1433527.91646006,6152.45825638542,1593432.19655329,5490594.0052129,6152.45825638542,68104.6213776154,67874.9342743241,1299.98779000315,999086.145034015,259969.619671657,1299.98779000315,260849.350451871,995716.664403339,1299.98779000315,6926.20054118137,26973.2567331254,178.500721078658,101606.482180603,103310.999401869,178.500721078658,26528.2278312523,395694.250160951,178.500721078658,68104.6213776154,67874.9342743241,1299.98779000315,999086.145034015,39305.46311065,1299.98779000315,260849.350451871,995716.664403339,1299.98779000315,8
60714.4440075162,-44.1445742970332,34852.1052859482,125.033472455941,34955.6115549692,124.66911317454,13316.9286049693,61.973466878781,7548.17278165784,-124.02812820771,7548.17494377828,-124.028074713949,4653.35157884309,-86.218416518555,0.201446609818699,60.0176958244569,4656.60767477921,93.7546357750082,1507.84046501486,-110.429447808225,0.0880409825197909,130.952841960064,1507.79552012309,69.5676334351971,12030.9789028649,-126.866664155976,1.21045069985445,104.315108797947,12030.2200330168,53.1288441425691,0.635845503534746,1.00215765354352,2.47800061073339,1.44237304974558,0.366312150008779,1.03562756098781,537544.467130101,341795.232374656,5173.92952579697,7885709.05447974,1309119.15445696,5173.92952579697,2058863.58742713,5014092.64447417,5173.92952579697,42429.0116585104,42520.5587658636,776.84394479918,622428.211743017,162859.140988803,776.84394479918,162508.503939425,623771.196179674,776.84394479918,9823.09445175933,24341.6340507514,1.37504994533084,144103.54788844,93231.5502624992,1.37504994533084,37623.6994691081,357088.679676401,1.37504994533084,42429.0116585104,42520.5587658636,776.84394479918,622428.211743017,36635.402671934,776.84394479918,162508.503939425,623771.196179674,776.84394479918,8
78406.8647838872,-57.9299749880988,44959.2717176884,113.484126450886,45009.3954818373,113.360040117479,17246.9211964651,52.8122322947411,9700.36503884085,-133.3032370162,9700.35411903403,-133.303169244075,4465.51052628077,-82.0865997299763,4.18178207681968,50.7052991238347,4600.69902716584,96.1234614508074,1961.84142906562,-116.593857226217,0.188524438552583,179.134606785736,1961.91906720599,63.4012106835621,15391.1154103977,-140.703581048757,1.21084307875473,104.276653689771,15390.6031437927,39.2923342464611,0.632817258665271,0.998445013491071,2.26753622811633,1.95113060832465,0.365627754825799,0.31640561979168,506422.904599386,320473.154213888,5741.54832174164,7429159.68518147,1227452.88679383,5741.54832174164,1939664.04990716,4701300.46616309,5741.54832174164,54494.3248269485,54409.5868870294,973.589462659507,799424.82340093,208395.628824406,973.589462659507,208720.185897618,798181.728585638,973.589462659507,10681.9123666321,24221.6232769022,66.6496967889068,156702.297613497,92771.8937550177,66.6496967889068,40913.0811691968,355328.136867672,66.6496967889068,54494.3248269485,54409.5868870294,973.589462659507,799424.82340093,37234.1966341794,973.589462659507,208720.185897618,798181.728585638,973.589462659507,8
42560.7220896706,-31.8431155122511,23729.6910619027,139.958102356452,23734.6682131217,139.923422479809,8969.22687217249,71.3887711015515,5117.06767179542,-114.779013609888,5117.06763321013,-114.778903742729,3667.80104603158,-80.6999955070169,6.52654368818582,69.1598606278469,3662.09391232556,99.35186239409,1127.25821738486,-109.363667722592,0.118459273727438,158.453153891636,1127.25369541112,70.6303156487383,8165.20526363865,-113.947168494034,1.20945164441732,104.375551544813,8164.25644558929,66.0475683122259,0.703843117073073,1.0129334124715,1.85453610099026,1.15930031967759,0.309090295398432,0.695235781312667,560160.8067303679,394265.32827127,2722.41788065814,8217487.88371258,1510086.28643602,2722.41788065814,2145487.04079924,5783822.28658247,2722.41788065814,28717.84705009,29089.2668112824,547.532407079965,421287.16851484,111415.586774529,547.532407079965,109993.001911825,426735.849234195,547.532407079965,12997.8614540431,24105.0033021926,0.0248540147989517,190676.976556459,92325.2244389367,0.0248540147989517,49783.4603433377,353617.336651627,0.0248540147989517,28717.84705009,29089.2668112824,547.532407079965,421287.16851484,39723.316039173,547.532407079965,109993.001911825,426735.849234195,547.532407079965,8
60008.8527577951,-44.2939604924768,34074.3686270833,126.539070712106,34118.2295082486,126.372688088907,13091.8340852616,62.4973193403525,7423.63501995671,-123.509662185757,7423.64658433746,-123.509641363934,4949.6651684605,-88.5030505785323,2.89088431782079,-119.649600538127,4666.52348310409,93.6222748358653,1631.14693183477,-115.6273287568,0.138703374489202,69.9554831872694,1631.00475793553,64.3722074221269,11841.2405211194,-126.159682642713,1.2096129161889,104.354380192713,11840.4711821883,53.8357999009172,0.634409661026824,1.00512715986044,2.47140552212351,1.36422375647174,0.370717498833619,1.10718176565178,541856.25589439,343758.843627224,4416.45808342205,7948962.44797309,1316640.03497008,4416.45808342205,2075378.28607312,5042898.57213356,4416.45808342205,41687.9973047543,41901.7383311975,765.674165739688,611557.62529626,160488.980122127,765.674165739688,159670.324841695,614693.179005027,765.674165739688,9823.24522039316,24277.222482853,112.491953271883,144105.759645147,92984.8457759607,112.491953271883,37624.2769321261,356143.77015682,112.491953271883,41687.9973047543,41901.7383311975,765.674165739688,611557.62529626,39405.7031803617,765.674165739688,159670.324841695,614693.179005027,765.674165739688,8
14939.7094975626,153.554266191349,19397.5659890967,-50.5174793682217,17545.5162838982,-46.6496970355544,46484.7594160814,-81.1492059302795,30435.4850913388,95.274885141966,30435.4800073776,95.2748755750065,4137.86333879676,-91.8651925716457,3.32601833650494,-82.5497363967373,4162.4086710939,88.1902527661627,5221.43043720424,101.300262121229,0.0901013992832494,138.443883651008,5221.49897182002,-78.6991384700857,118260.707324169,-117.176344747231,1.20948038311149,104.340361181701,118259.801296696,62.8232668413603,1.18954544107367,0.996381985658405,2.7875289929259,0.551078133644805,0.193163455415266,2.2364508592811,536481.828261024,638169.513026769,7906.3360840721,7870120.27724562,2444270.29449625,7906.3360840721,2054793.54558332,9361865.69649897,7906.3360840721,172322.14933922,171698.685331536,4921.77943525162,2527944.04263268,657627.773801735,4921.77943525162,660015.720142891,2518797.90483168,4921.77943525162,8880.82248419417,24755.5501557195,7.18189931172223,130280.537810628,94816.9015197046,7.18189931172223,34014.6781469638,363160.776361105,7.18189931172223,172322.14933922,171698.685331536,4921.77943525162,2527944.04263268,60442.4677422716,4921.77943525162,660015.720142891,2518797.90483168,4921.77943525162,8
65506.9001593452,-48.5697906646478,37153.3447224619,123.038018771227,36962.0251501602,123.696979047665,14364.5017786823,59.6446770960726,8126.76453794863,-126.356348615876,8126.76770232291,-126.356296946619,4684.00032862502,-86.1359157713149,1.25749339467025,-122.485766378609,3644.4978487698,107.120466397755,1765.72776159368,-112.834261757701,0.0939242126824841,123.629530733699,1765.67676962514,67.1631928417256,12949.4722231211,-130.291615970615,1.20986944853173,104.31167950447,12948.771505842,49.7040201169343,0.619789986411763,1.00145876366316,1.5015925520767,1.5295719107098,0.381668777251393,0.0279793586330936,537077.038428119,332874.970349434,4374.92753425372,7878851.93479396,1274953.41785829,4374.92753425372,2057073.27612625,4883233.53360624,4374.92753425372,45692.9898107482,45759.6450839451,829.97163388645,670310.356649359,175265.253012308,829.97163388645,175009.954849483,671288.181040676,829.97163388645,15606.5700602716,23434.7093659672,470.680738065091,228946.400454477,89757.9135231799,470.680738065091,59775.1456605486,343784.209747213,470.680738065091,45692.9898107482,45759.6450839451,829.97163388645,670310.356649359,39713.817100415,829.97163388645,175009.954849483,671288.181040676,829.97163388645,8
114728.261177778,-87.3950557625923,65786.3352166107,85.8066559063152,65742.4427482514,85.8861884658427,22336.8953959721,24.5296387101593,12456.6181166525,-164.198628716884,12456.6181289354,-164.198611071353,5231.06158157343,-91.4336438683816,4.34613470688038,-158.495092282538,4855.73757479318,104.286096718942,2827.36287716745,-142.429348637717,0.0461918082639366,108.612685692807,2827.34580906137,37.5697780949777,19991.0236199388,-176.492100045929,1.21027096563377,104.281159474254,19991.2497810717,3.50449240260511,1.16241390372915,0.993010208586678,1.61884018463863,6.07052862123478,0.169403695142477,4.45168843659616,366736.656462455,426299.788479101,7417.52080109027,5379980.16780939,1632782.33801462,7417.52080109027,1404647.97674604,6253763.74884874,7417.52080109027,70022.4569088889,69533.0145408474,1477.38939543273,1027220.54867639,266320.277700009,1477.38939543273,268194.90413805,1020040.49130567,1477.38939543273,14225.9935472336,23029.6100206716,477.650819805881,208693.51836755,88206.3315754155,477.650819805881,54487.3622562723,337841.453807009,477.650819805881,70022.4569088889,69533.0145408474,1477.38939543273,1027220.54867639,44441.9617017162,1477.38939543273,268194.90413805,1020040.49130567,1477.38939543273,8
60597.3898456505,-44.474749433354,34597.0086950901,125.6023217315,34323.0000332731,126.630950667813,13249.3977809827,62.1664721154611,7511.09944291676,-123.840514558483,7511.10277575429,-123.840454276903,5318.93294185537,-90.885155515199,7.02024687213984,-119.998346631121,5321.33166154368,89.1004609898355,1791.86359669524,-118.561984389325,0.103905541567982,123.113534755997,1791.81485721119,61.435090429595,11985.8595346363,-126.669137966438,1.20915636505601,104.362465321796,11985.0991696483,53.3263677555373,0.630795264558535,1.0065606218129,3.20759025793604,1.34556473245307,0.375765357254366,1.86202552548297,542020.823729505,341904.168900688,4521.01560941499,7951376.63721099,1309536.39518866,4521.01560941499,2076008.60178484,5015690.72947406,4521.01560941499,42162.2253380818,42438.8357533152,773.979895313281,618514.49030924,162546.131470374,773.979895313281,161486.678445273,622572.329965958,773.979895313281,7687.81797336877,24659.3700361633,1.42492699324119,112779.313170967,94448.5194451093,1.42492699324119,29445.3193363554,361749.826223911,1.42492699324119,42162.2253380818,42438.8357533152,773.979895313281,618514.49030924,42281.2941062269,773.979895313281,161486.678445273,622572.329965958,773.979895313281,8
61350.7800197945,-45.3513004151677,34640.9012206366,126.381025127616,34613.3047233414,126.487280773395,13404.5982409711,61.7981511840972,7596.96538105541,-124.206286187132,7596.96244165377,-124.206196006269,5056.46806338096,-89.2285949010825,5.80828206669336,59.6592389982765,5056.47918955489,90.771322356723,1798.72399237056,-116.327627593886,0.15026358545273,162.112834738896,1798.74342332182,63.6676437550118,12121.4094479524,-127.174036373535,1.20903503846728,104.352111340018,12120.6571496864,52.8214892007535,0.6277824484166,1.00514653136976,2.92379619322528,1.38403015469121,0.377364082953159,1.53976603853407,542935.25426406,340845.223253581,4106.65181531075,7964791.21700294,1305480.49885411,4106.65181531075,2079510.98688217,5000156.13133713,4106.65181531075,42678.7457824514,42898.3932864427,781.955454234695,626091.779620272,164306.295194755,781.955454234695,163465.017355079,629313.980604435,781.955454234695,8395.68582491074,24547.2742543895,1.94052698646407,123163.644640476,94019.1783626303,1.94052698646407,32156.5431203727,360105.395343575,1.94052698646407,42678.7457824514,42898.3932864427,781.955454234695,626091.779620272,42413.6573601604,781.955454234695,163465.017355079,629313.980604435,781.955454234695,8
111927.140038871,-101.762904074811,62902.4281094753,70.894729124832,62974.6797129301,70.1875180952284,22086.8990227096,-9.78425752846177,13233.6835545142,158.357167898436,13233.6687400049,158.357207425348,5597.55454338107,-77.8702548455434,5.9246113878398,165.852091303504,5593.82821422125,102.052331394569,2878.86110272584,178.434662736114,0.206145556257571,125.71365754433,2878.98895652508,-1.56861492960051,20633.0962798202,-170.52386724597,1.20933221922959,104.30365731787,20633.1982358011,9.47278650448717,1.87940794608527,0.989437105220125,1.74489687830461,2.27650927482199,0.889970840865141,0.531612396517376,274118.256593008,515180.02960794,7079.45157712889,4021280.00601392,1973204.9510105,7079.45157712889,1049907.74095673,7557625.59673638,7079.45157712889,74999.6307420708,74207.4175340128,2217.90629052354,1100235.05661392,284223.834901463,2217.90629052354,287258.112114393,1088613.38947777,2217.90629052354,13450.9121615312,23470.4546410053,0.834762772882232,197323.172889297,89894.8224669023,0.834762772882232,51518.7020990297,344308.588391696,0.834762772882232,74999.6307420708,74207.4175340128,2217.90629052354,1100235.05661392,52369.574104852,2217.90629052354,287258.112114393,1088613.38947777,2217.90629052354,8
75436.6412526702,-55.825024797914,43115.7824894409,115.725789023691,43101.8411784488,115.762789288431,16607.2276468936,54.3907267298594,9353.697144644,-131.68311046204,9353.69777116583,-131.683059261954,6715.48565067581,-99.6318083787866,2.99034647597927,52.2821767721254,6705.36440647325,80.4143714419801,2209.63210068264,-118.175217502053,0.101781938823662,132.62167472305,2209.59329350153,61.8223133696629,14871.3392490658,-138.273176161682,1.20958023865597,104.286608967583,14870.7816310881,41.7226877667657,0.623773300181427,0.999845937785053,3.64250327177169,1.77400582821169,0.376072637603626,1.86849744356,514302.434139761,320808.1266347,5371.46700487591,7544751.38268942,1228735.87371338,5371.46700487591,1969843.64889615,4706214.46902857,5371.46700487591,52586.3536928441,52578.2521227182,942.268350034056,771435.129212055,201381.384062926,942.268350034056,201412.414105561,771316.280207361,942.268350034056,7052.66086013336,25689.3402577319,2.82845304325716,103461.638996775,98393.4362194246,2.82845304325716,27012.5869156918,376859.358548616,2.82845304325716,52586.3536928441,52578.2521227182,942.268350034056,771435.129212055,43051.4807756989,942.268350034056,201412.414105561,771316.280207361,942.268350034056,8
117339.186882472,-92.8581194276281,67472.6998349062,78.6182903717965,67343.1762212546,78.9150540994249,22209.6416889561,12.6963584316817,12575.275354183,-177.551810843906,12575.2816291704,-177.55181750526,5152.71259050273,-88.1529026075267,8.65444733273584,-170.875558881401,5154.39932887779,91.7017049929408,2999.31122335223,-152.251798017859,0.0769674011531377,-10.9779951028903,2999.24491092056,27.7491621765799,20195.8018778475,179.36998219617,1.2097671551033,104.267441997575,20196.1126142255,-0.633334517113401,1.48511595538401,0.990533304117292,2.77266889513246,5.73052042117334,0.494582651266718,2.95785152604089,319541.756500046,474556.56098965,8473.55180112999,4687636.98000616,1817611.90625325,8473.55180112999,1223885.51524468,6961684.47205526,8473.55180112999,70885.0899840373,70214.04239454,1718.95242880423,1039875.2663181,268928.700883076,1718.95242880423,271498.898386592,1030031.08341591,1718.95242880423,8806.78707839638,24418.3045983241,1.51047273691307,129194.447811472,93525.2081983132,1.51047273691307,33731.1131388608,358213.426870683,1.51047273691307,70885.0899840373,70214.04239454,1718.95242880423,1039875.2663181,49516.3958809425,1718.95242880423,271498.898386592,1030031.08341591,1718.95242880423,8
90514.3977270214,-67.0413047713527,52527.0602734212,104.107347779894,52188.9522767242,104.768091460421,19558.70693923,45.9634756988852,10938.6765656364,-140.487429717127,10938.6730531811,-140.487364577608,5222.57309141719,-90.5725896237689,6.80988613097059,43.6853800035385,5223.63394890821,89.4154606011682,2823.70399189536,-132.139156675286,0.157744627253635,147.559373915307,2823.72840251164,47.8576915168176,17319.6489798389,-151.411149930041,1.20862654819089,104.348715968507,17319.3516123541,28.5849745553969,0.707303399477668,0.999619073779064,3.15802633207028,2.10872688961556,0.292315674301396,1.04929944245472,470094.94158804,332499.750262476,6789.12485295517,6896233.08214374,1273516.27726519,6789.12485295517,1800523.337235,4877729.10259062,6789.12485295517,61424.1999210302,61400.8018326803,1101.09563456195,901085.210805843,235172.870082836,1101.09563456195,235262.487733216,900741.963821749,1101.09563456195,7808.55475455109,24659.6215302849,2.77681423494752,114550.506415056,94449.4826995397,2.77681423494752,29907.7565441395,361753.515610731,2.77681423494752,61424.1999210302,61400.8018326803,1101.09563456195,901085.210805843,46740.0702869865,1101.09563456195,235262.487733216,900741.963821749,1101.09563456195,8
73525.0938125277,-55.062759961278,41486.2009563942,118.131853588946,41571.1539099616,117.886142009127,16092.5601125646,55.7016444438062,9073.90655652763,-130.348667715668,9073.89054092228,-130.348530310923,4198.82662684834,-79.3778200389445,8.89329445427363,53.5348438129433,4061.45144315184,102.750049388988,2330.51440085453,-125.034326970776,0.327105920976149,176.068093635113,2330.67677124658,54.9587917371282,14445.115065276,-136.358459816625,1.20859822155373,104.360281834429,14444.5236696083,43.6373586840538,0.616440641481952,1.0038460758489,1.7666686984569,1.54677731289711,0.387405434366946,0.219891385559795,521268.133400328,321330.862537398,4503.76335206264,7646937.30606634,1230738.01861806,4503.76335206264,1996523.16183974,4713882.9383238,4503.76335206264,50940.8426386684,51136.7649832635,916.795829341387,747295.691058338,195860.305222672,916.795829341387,195109.897757028,750169.846967703,916.795829341387,13446.9609216809,23756.3249497069,65.6651179060333,197265.208702576,90989.7420601676,65.6651179060333,51503.568348521,348502.269509409,65.6651179060333,50940.8426386684,51136.7649832635,916.795829341387,747295.691058338,45452.1717003586,916.795829341387,195109.897757028,750169.846967703,916.795829341387,8
61718.9004633097,-45.7274594012429,34906.60378785,125.848380554321,34928.2065532749,125.76726814531,13489.8941033245,61.5615264951136,7644.134566576,-124.441843693692,7644.14133846009,-124.44179355414,4672.51213542476,-86.3611589341976,2.33010740509073,-120.567816570363,4785.02659382836,92.7281836482266,1924.83819411343,-113.827111804169,0.12062724087614,97.9865962962305,1924.73436223533,66.1709999130601,12201.3031219034,-127.481666913416,1.20904090814385,104.296925179803,12200.5550594599,52.5138724199888,0.628239732442439,1.00398531434747,2.62646160636712,1.42267628949969,0.375745581905028,1.20378531686743,541113.254037254,339948.845937422,4244.89089274122,7938062.70510421,1302047.25987634,4244.89089274122,2072532.494585,4987006.38996597,4244.89089274122,43001.4610548569,43172.8353945609,786.78308947848,630825.971675515,165357.443328188,786.78308947848,164701.057839338,633340.011471188,786.78308947848,9286.63121575945,24390.9803406826,44.3249705890355,136233.700357303,93420.5528208483,44.3249705890355,35568.9771342465,357812.583481779,44.3249705890355,43001.4610548569,43172.8353945609,786.78308947848,630825.971675515,45577.1802516445,786.78308947848,164701.057839338,633340.011471188,786.78308947848,8
103923.139162256,-105.328874581235,57805.5434770397,67.0195573323385,57794.3508466267,66.8866164699988,22850.845528719,-23.5094364308853,14243.2511327631,144.948294681701,14243.2508783829,144.948283964304,4657.70292480565,-107.177548827984,17.1478868184409,152.177376965697,4655.94909227303,72.7069999230396,3010.82022112098,170.014820075584,0.0324846193417208,-131.275454256692,3010.84354510552,-9.98469117590889,23042.3642846935,-156.798455341792,1.20901087473756,104.283901977196,23042.1772488146,23.1985747183207,1.94441384018548,0.988645449979096,6.61976312198452,1.65667696356684,0.955768390206384,4.96308615841767,271151.972799755,527231.64870544,6290.04949156155,3977764.99954107,2019364.1829376,6290.04949156155,1038546.4972544,7734421.31811304,6290.04949156155,80919.4721134402,80000.667919663,2543.0066932785,1187078.37760004,306412.719730923,2543.0066932785,309931.856498608,1173599.63678284,2543.0066932785,3902.11009664189,25831.0445156734,2.53395664972267,57243.4594759177,98936.1815264626,2.53395664972267,14945.5773119572,378938.142013495,2.53395664972267,80919.4721134402,80000.667919663,2543.0066932785,1187078.37760004,57468.7261803487,2543.0066932785,309931.856498608,1173599.63678284,2543.0066932785,8
70691.6100121561,-52.9309806352347,40228.2357001947,118.951765595743,40090.0740446488,119.36013415025,15495.6372984851,56.9931014497513,8747.65798985735,-129.030233630353,8747.66080144256,-129.030183508029,4488.70324267715,-83.7196984302392,5.67452082524161,-125.094842098019,4495.41757924393,96.2049735796674,2190.61205663124,-112.331094014385,0.0998280972021677,119.258668403434,2190.54884039567,67.6668670575051,13934.1554877488,-134.230590336423,1.20932967854254,104.248852592735,13933.5232250557,45.7651705343162,0.619379189658569,0.999229137441896,2.22341194846995,1.70171325171626,0.379849947783327,0.521698696753689,525396.602913855,325419.722162148,4755.43863374297,7707501.42943602,1246398.8703434,4755.43863374297,2012335.72447029,4773865.98965635,4755.43863374297,49260.9627164787,49222.9892847444,887.279959436058,722652.065976351,188530.301211617,887.279959436058,188675.744278504,722095.000556154,887.279959436058,10852.0693407253,24128.6206377931,1.08918763804159,159198.478810289,92415.6818341351,1.08918763804159,41564.8039931292,353963.799965038,1.08918763804159,49260.9627164787,49222.9892847444,887.279959436058,722652.065976351,46106.1398509516,887.279959436058,188675.744278504,722095.000556154,887.279959436058,8
78031.1855498887,-111.976983614642,41485.5408222945,54.88847809828,41165.3200105915,53.5195273172738,27585.3184175457,-50.3932468020316,18160.0447930809,121.088282861554,18159.9935727428,121.088335297894,4814.01424274087,-93.1075234464687,0.438328988588374,126.150687091414,3538.1884059557,66.6254826807362,4345.20715779601,128.41879839877,0.644900458799087,102.862437489355,4345.78352109421,-51.5848668402675,40410.990288907,-130.72932531607,1.20836455438947,104.335611254277,40410.2979376853,49.2692701335558,1.83154753850857,0.990527593059305,2.76926585337994,0.893131334994045,0.841019945449267,1.8761345183859,304184.756968425,557128.842877347,6627.54671851231,4462351.74750682,2133874.23412538,6627.54671851231,1165066.25640905,8173009.35910554,6627.54671851231,103376.204829122,102396.983348996,3309.254987001,1516515.79410911,392193.452581117,3309.254987001,395943.995229657,1502150.73937531,3309.254987001,9528.23176217038,26386.2068620686,644.213208159256,139777.949685311,101062.523829279,644.213208159256,36494.3379148414,387082.30311899,644.213208159256,103376.204829122,102396.983348996,3309.254987001,1516515.79410911,67628.5263973007,3309.254987001,395943.995229657,1502150.73937531,3309.254987001,8
112367.874097191,-84.8856543687708,64401.5192529127,88.3528047888359,64910.2995626054,87.4601652084491,22219.4024537079,27.641515802854,12369.1561883009,-160.692649236788,12369.1628442344,-160.692647363654,4956.08221201307,-83.8868091315018,1.64141077471342,-155.296002527759,4957.39318662853,96.0681966571121,3429.5059882853,-150.042683132775,0.0855024857465364,22.8834583219856,3429.41313155166,29.9575050830221,19821.8066323681,-174.209518393177,1.20813398778075,104.318964280838,19821.9854572678,5.78702809049459,1.08891540431628,0.994758496192894,2.28855165655583,4.849281282034,0.0941569081233891,2.56072962547817,376867.91447265,410377.277461821,7609.88625526487,5528604.43595747,1571797.09835825,7609.88625526487,1443451.98178656,6020182.53468543,7609.88625526487,69577.3630692068,69212.6730557911,1418.62942118825,1020691.0785836,265093.329122814,1418.62942118825,266490.138196728,1015341.12240932,1418.62942118825,10519.5813930285,24074.6054232893,0.821978930593595,154320.922849838,92208.7967016311,0.821978930593595,40291.3329211897,353171.403629221,0.821978930593595,69577.3630692068,69212.6730557911,1418.62942118825,1020691.0785836,53527.0077413778,1418.62942118825,266490.138196728,1015341.12240932,1418.62942118825,8
85626.5361596937,-64.1718108323552,48396.2897781283,109.750689316807,48103.7797899259,110.436162544443,18544.2125888651,49.159822677074,10398.1445657494,-137.10823322558,10398.1466128488,-137.108182644699,4770.50336556923,-85.3780764484052,6.4654650095181,-133.04228639034,4772.16990051017,94.5999604752049,2844.15915753379,-126.254461952223,0.112966285299052,121.755977000898,2844.12281878078,53.7434135841399,16496.2463913362,-146.432783599098,1.20826389731057,104.308727011241,16495.8481892679,33.563254530606,0.643891524935347,0.999444889642563,2.41250840865618,1.99325613136609,0.355553364707216,0.419252277290087,495872.299752916,319287.971261102,4759.12730803699,7274383.65221021,1222913.485544,4759.12730803699,1899253.89321873,4683913.98278639,4759.12730803699,58457.474553966,58425.0242043714,1043.53626895463,857563.726501268,223775.263786346,1043.53626895463,223899.552747102,857087.683994525,1043.53626895463,10029.5324129406,24196.3312811089,1.33036334891266,147131.966557441,92675.0221985675,1.33036334891266,38414.3830819597,354957.106501948,1.33036334891266,58457.474553966,58425.0242043714,1043.53626895463,857563.726501268,49553.448008035,1043.53626895463,223899.552747102,857087.683994525,1043.53626895463,8
61399.2527061609,83.2003554522276,50015.0283527805,-91.0116476104834,48362.7172763132,-90.9950459737184,60632.6142056186,-90.620633713608,39054.5440406944,87.0924126720162,39054.488017054,87.0924071643038,789.323593881965,-81.7964813979336,37.5030187809977,88.5030825592183,4608.40451090408,90.1566481112651,8035.57037455646,91.6152882745796,0.648780425437869,91.0375681854619,8036.20643752769,-88.3847534476217,187091.618249096,-116.214240387222,1.21208022538542,104.129761416453,187090.692479682,63.7855193104647,1.00441895674734,0.997206783097725,2.99244493523033,0.454052775100036,0.00721217364961924,2.5383921601303,742373.486710132,745654.00303828,12570.3601224731,10890524.7545575,2855949.54380441,12570.3601224731,2843384.74957995,10938649.5124038,12570.3601224731,220616.103933019,219999.8753026,5896.46090019215,3236410.22227765,842627.466556,5896.46090019215,844987.700483204,3227370.22654209,5896.46090019215,8225.62237233715,24614.7220072176,1288.65015989884,120668.835392498,94277.5118231029,1288.65015989884,31505.1784957394,361094.845310423,1288.65015989884,220616.103933019,219999.8753026,5896.46090019215,3236410.22227765,77734.2110812812,5896.46090019215,844987.700483204,3227370.22654209,5896.46090019215,8
108443.338344495,-102.492982093153,60417.4794630124,68.2682383633056,60451.6880161539,66.6197386605165,22398.9404596428,-17.1083379861933,13709.890995255,151.083619640751,13709.8743736768,151.083641292747,5585.02593034035,-81.0404448553473,14.667648147842,-21.4248899213944,5593.71715106022,99.1110420175732,3155.22216162862,-178.239988665,0.210658194826436,133.77285481597,3155.36461536153,1.757157917289,21573.5327498182,-163.688811020055,1.20876273601808,104.243896706816,21573.4892578098,16.3079807864891,2.01575897061699,0.987464048561357,1.94961361339329,1.99640607873945,1.02829492205563,0.046792465346156,261784.290852871,527694.032653282,7884.14925149039,3840342.29525315,2021135.17218935,7884.14925149039,1002667.08552497,7741204.43189637,7884.14925149039,77831.7335202611,76856.0386884657,2387.70408458751,1141781.64463933,294368.390348022,2387.70408458751,298105.425485504,1127468.32538859,2387.70408458751,12209.2852696412,23803.3887714946,0.825540921715609,179108.66409538,91170.0024756106,0.825540921715609,46763.1133929813,349192.689797039,0.825540921715609,77831.7335202611,76856.0386884657,2387.70408458751,1141781.64463933,60219.1944408545,2387.70408458751,298105.425485504,1127468.32538859,2387.70408458751,8
113925.292614779,-86.2465805948613,66115.952686675,85.2784217955406,66507.1748214933,84.6114000406684,22323.6007496341,24.9187617187394,12445.4014620621,-163.773454483652,12445.4033376026,-163.77344357583,5051.17284957694,-85.9223558010537,8.92612702377112,21.8196524480847,5049.12972186347,94.1502519519871,2581.10071616182,-156.12733944892,0.0379464064355442,65.6548268395273,2581.06496163095,23.8721052256029,19956.8137163468,-176.283950108341,1.2102057510975,104.366156151993,19957.0370580854,3.71263529444725,1.21098349241042,0.996156344025534,2.49478516220281,5.66646413743256,0.214827148384882,3.17167897522975,357195.392513384,432557.723898767,8881.20363775132,5240011.03759757,1656751.02554815,8881.20363775132,1368103.72390003,6345566.86657903,8881.20363775132,69865.2146351144,69596.6767854748,1471.11917466784,1024913.82449287,266564.112183242,1471.11917466784,267592.64625675,1020974.40834804,1471.11917466784,9746.33287991471,24315.0066547006,0.736043137762876,142977.465379651,93129.5639534417,0.736043137762876,37329.6928987711,356698.059158519,0.736043137762876,69865.2146351144,69596.6767854748,1471.11917466784,1024913.82449287,40607.7077577173,1471.11917466784,267592.64625675,1020974.40834804,1471.11917466784,8
44096.2810145537,-33.6399299315667,24450.0072165971,139.528293515712,24524.458939554,139.027274712191,9298.42929733597,70.6597803690241,5302.5312048325,-115.486593023204,5302.53953394041,-115.486554736742,4007.92373182094,-83.2403234837482,1.46893185780161,-111.551527866781,4011.21468829965,96.7343593568927,1067.59834132888,-107.375781464284,0.113669654841475,86.8310099267519,1067.48980750956,72.6227147113977,8457.17245831414,-114.875891925015,1.21046004841797,104.344743566073,8456.23480847177,65.1189221648847,0.696822275529434,1.00986623894095,2.0770992569199,1.18283334784745,0.313043963411515,0.894265909072455,560467.275601175,390546.082344193,2533.98631673426,8221983.74311996,1495841.1021207,2533.98631673426,2146660.85550177,5729261.42124686,2533.98631673426,29779.6838446538,30073.4973210511,565.435133325532,436864.179417726,115185.314642842,565.435133325532,114059.971708369,441174.385796603,565.435133325532,11652.7279457904,24203.872557291,0.756207545026889,170944.038847801,92703.9062442295,0.756207545026889,44631.4281493215,355067.736065653,0.756207545026889,29779.6838446538,30073.4973210511,565.435133325532,436864.179417726,36710.044816065,565.435133325532,114059.971708369,441174.385796603,565.435133325532,8
59170.684120787,-43.0004314698116,33920.0071506385,126.166274574312,34019.4050208997,125.80111310912,12950.6514671142,62.7683884659465,7345.14571916952,-123.237753991233,7345.14796209128,-123.237699097186,4519.22613437713,-85.2346385979727,0.195961181757888,60.8141559505683,4522.38622338556,94.7382374100051,1465.37665586145,-109.604862184844,0.0882124343495623,131.05335885196,1465.33072978966,70.3921492593227,11709.667602874,-125.713143979776,1.21045093761744,104.314858648203,11708.8898998755,54.2823167495072,0.639358830617068,1.00245975590422,2.35581914617606,1.41520365519421,0.36310092528715,0.940615490981845,539975.26972563,345237.957013915,5025.99555294732,7921368.61979821,1322305.22711649,5025.99555294732,2068173.87012593,5064596.97764093,5025.99555294732,41292.463618226,41394.0329994106,758.242165779774,605755.196355152,158544.4042132,758.242165779774,158155.380582029,607245.206275897,758.242165779774,10306.5528220771,24280.3744693242,1.33752121624543,151195.820772641,92996.9182845072,1.33752121624543,39475.4064357864,356190.00939799,1.33752121624543,41292.463618226,41394.0329994106,758.242165779774,605755.196355152,36632.3558539544,758.242165779774,158155.380582029,607245.206275897,758.242165779774,8
104074.671841273,-77.6996998039042,58985.1688616066,96.8404476823599,59214.5915038254,96.4234577515787,21460.2318361527,37.2367343111408,11941.9994428402,-149.950382569425,11941.9912467391,-149.950326440857,6421.94613138997,-103.750261930689,3.73256411355013,-145.297923086107,6828.00453241459,73.2973132068762,2484.70744785642,-137.760297722132,0.170185711170692,153.53681100098,2484.76745682617,42.2360514980101,18911.1480003389,-163.87689816278,1.21041135173079,104.319039061025,18911.109848314,16.1194364211264,0.835367125428132,0.997188464586633,4.28794831738503,3.08630097925687,0.161821339158501,1.20164733812816,431102.471066285,360128.832019607,5986.48441353573,6324218.49237117,1379339.16981119,5986.48441353573,1651177.2223551,5283044.22255154,5986.48441353573,66985.529648735,66797.1974599445,1248.87970034879,982669.211517164,255841.750779614,1248.87970034879,256563.086984434,979906.402229358,1248.87970034879,6211.29446186879,26633.7096365532,175.545017786847,91118.9008036871,102010.490893091,175.545017786847,23790.0467408854,390713.137383144,175.545017786847,66985.529648735,66797.1974599445,1248.87970034879,982669.211517164,38846.9087214961,1248.87970034879,256563.086984434,979906.402229358,1248.87970034879,8
75978.0783323873,-56.1070927858003,43501.6744626004,115.250195521363,43549.5705707817,115.12520217707,16734.5390713362,54.1084380779786,9422.79125432373,-131.969854148188,9422.78076171132,-131.969785132068,4316.52749701131,-80.449775968762,4.05921598667754,52.0134719797445,4446.98275984183,97.7431713660112,1900.00824318929,-115.28259817274,0.184039941113651,179.630385055679,1900.08169025135,64.7123964316401,14962.7487610061,-138.69325427438,1.21084742691632,104.277090725158,14962.1983311899,41.302615412979,0.626443572294315,0.998722582050242,2.11920576867566,1.86794496558994,0.372279009755926,0.251260803085717,512508.692172542,321057.775956455,5553.13679251215,7518437.4158695,1229692.06232589,5553.13679251215,1962973.38932253,4709876.79286853,5553.13679251215,52943.6339484905,52876.0028001592,947.716228964486,776676.385181034,202521.806977495,947.716228964486,202780.84286604,775684.24482545,947.716228964486,11382.0017544606,24120.8037771294,64.6960241299882,166972.520008342,92385.7422649037,64.6960241299882,43594.5124491794,353849.127611989,64.6960241299882,52943.6339484905,52876.0028001592,947.716228964486,776676.385181034,37126.1917131942,947.716228964486,202780.84286604,775684.24482545,947.716228964486,8
58495.7878482759,-43.1825614813661,33177.5277516066,127.642366075225,33219.6411533735,127.475685945159,12734.7821218616,63.2708945788751,7225.50860485734,-122.741711947271,7225.52006159023,-122.741689830401,4808.42328494609,-87.5622468330099,2.81262900589285,-118.878941803526,4533.48154729103,94.5766853403479,1586.38867980663,-114.847803286655,0.137834603758954,71.2865062688413,1586.2476177782,65.1516749252795,11527.2451970526,-125.04281340497,1.20961347114625,104.354011767196,11526.4578062837,54.9526215008197,0.638418358071605,1.00551864083678,2.35246908094544,1.34308524708509,0.367100282765171,1.00938383386035,544040.332717652,347325.335938333,4290.82465306592,7981002.57755126,1330300.15353364,4290.82465306592,2083743.5777253,5095218.56132553,4290.82465306592,40577.7856921195,40801.719917306,747.465049261742,595270.96195679,156275.76987377,747.465049261742,155418.073347421,598556.048596391,747.465049261742,10296.030010324,24221.0922557735,109.447203940717,151041.452460818,92769.8598766451,109.447203940717,39435.1027301756,355320.346855164,109.447203940717,40577.7856921195,40801.719917306,747.465049261742,595270.96195679,39413.9757055581,747.465049261742,155418.073347421,598556.048596391,747.465049261742,8
41757.070582261,-31.3015024640594,23271.0525269572,140.507882652576,23275.8892176057,140.473223891036,8782.10312635083,71.7940617554267,5011.47993101522,-114.385179961719,5011.48001702823,-114.38506875139,3590.49710073802,-80.2091189745635,6.39089204325224,69.5607030433338,3584.91370307369,99.8428946596375,1103.77148108136,-108.959869693245,0.117359213987765,158.077393004944,1103.76540619221,71.0340464258451,7996.3024495191,-113.421475872049,1.20945481435204,104.375271562697,7995.34678428842,66.5732123757167,0.708171065502898,1.0133735205395,1.81486961182388,1.15324683111313,0.305202455036599,0.661622780710749,560389.37346787,396851.539705243,2665.04858690965,8220840.92871943,1519991.80472592,2665.04858690965,2146362.48043617,5821761.67982107,2665.04858690965,28125.0997674676,28501.2313668832,537.181892236159,412591.64116889,109163.336330852,537.181892236159,107722.70452926,418109.443956487,537.181892236159,13275.2335636497,24092.8179845323,0.0243374207486777,194745.990172882,92278.5531245316,0.0243374207486777,50845.8307546374,353438.579589316,0.0243374207486777,28125.0997674676,28501.2313668832,537.181892236159,412591.64116889,39757.8916484269,537.181892236159,107722.70452926,418109.443956487,537.181892236159,8
45722.963322735,-124.008149088061,24068.4146017633,31.5949049563795,24472.4997983471,35.4989468256716,35315.8822533687,-67.9552281625279,23396.0453798059,106.383124641078,23396.03919372,106.383115393284,4894.20066611812,-91.1882357195052,2.5365244097281,-70.1835079245905,4911.91320410057,88.891091718823,3929.96221977442,116.220137971803,0.090529965536935,136.834572505455,3930.04445587954,-63.7793932632639,70299.7736137161,-120.95601269865,1.20965686363471,104.334286548732,70298.9223595007,59.0432866362542,1.48837816936893,0.994665941464244,3.18164070745471,0.705074806957328,0.493712227904682,2.47656590049739,392528.656593735,584231.083325827,6168.74937630466,5758345.5336632,2237679.25754043,6168.74937630466,1503434.61332089,8570595.78398736,6168.74937630466,132769.289496235,132061.090334311,4053.69739704132,1947708.61269771,505810.750237769,4053.69739704132,508523.242982631,1937319.42094698,4053.69739704132,7764.08118396595,24702.5167508893,5.47743320214619,113898.084783557,94613.776842959,5.47743320214619,29737.4171198134,362382.783048492,5.47743320214619,132769.289496235,132061.090334311,4053.69739704132,1947708.61269771,56636.5877850957,4053.69739704132,508523.242982631,1937319.42094698,4053.69739704132,8
63733.1017783133,-47.2530292626852,36102.9697214812,124.336487634871,35919.885732802,124.997392261706,13954.1551269069,60.5547931291374,7900.52261147158,-125.444502712229,7900.52585103226,-125.444449558003,4541.88101243249,-85.0016566623916,1.22187809916969,-121.57665687851,3536.16039927302,108.346350523067,1713.85697778904,-111.897197998365,0.0943194248688333,123.927406190462,1713.80486827873,68.1001882735287,12593.2307690056,-128.940882765056,1.20986866858252,104.31118412909,12592.5069889521,51.0547063018528,0.62257001062435,1.00178369390664,1.45855879754785,1.49399303676553,0.379213683282292,0.0354342392176781,540102.687636035,336251.735979807,4242.10466130316,7923237.82435938,1287886.85913575,4242.10466130316,2068661.89690727,4932770.25649067,4242.10466130316,44426.54094592,44505.7842962984,809.40344499276,651731.712665298,170462.806931576,809.40344499276,170159.294834221,652894.202549945,809.40344499276,16057.375437836,23420.6262103845,457.355515781667,235559.658082533,89703.9732484711,457.355515781667,61501.7875174332,343577.611643643,457.355515781667,44426.54094592,44505.7842962984,809.40344499276,651731.712665298,39690.9940726057,809.40344499276,170159.294834221,652894.202549945,809.40344499276,8
111955.155291819,-84.3813865470666,64302.3995516047,88.7511271502379,64256.1807333968,88.8308676200717,22214.3709231059,28.9132545006436,12359.9257501076,-159.242722159241,12359.9262312967,-159.242702039914,5111.6449158511,-88.4585478450767,4.3202875456735,-153.90873278451,4702.3297110776,107.484920180239,2810.73931714133,-138.716170032909,0.0523627863740207,107.01357041248,2810.71573585123,41.2828682936117,19748.4011266111,-173.049467427754,1.210263855219,104.28114484967,19748.555485868,6.94704997678764,1.05572457123866,0.993774743638969,1.48634643986221,5.09750412220915,0.0619498275996889,3.61115768234694,385495.681734781,406977.263313805,7326.21949340919,5655172.68580323,1558774.61230522,7326.21949340919,1476497.42629021,5970304.75900018,7326.21949340919,69442.805031858,69010.5057681056,1394.57195505408,1018717.12926711,264319.002731907,1394.57195505408,265974.763822265,1012375.35397805,1394.57195505408,15376.6140986863,22854.9756227175,474.816221359085,225572.975706779,87537.4596493784,474.816221359085,58894.3851189185,335279.589370895,474.816221359085,69442.805031858,69010.5057681056,1394.57195505408,1018717.12926711,43790.044140657,1394.57195505408,265974.763822265,1012375.35397805,1394.57195505408,8
59056.6673031046,-43.3365001850445,33675.3715583613,126.730377047895,33412.4119443503,127.760977625014,12885.3479043924,62.9577647881488,7309.24521540006,-123.054152156112,7309.24865264013,-123.054090556292,5165.70582388478,-89.9372243156429,6.82885661863836,-119.209701875606,5168.03552464046,90.0482974472822,1742.76175781149,-117.771632663139,0.103912562295729,123.148492058938,1742.71179817211,62.2253811755001,11666.0747232885,-125.522478905925,1.20915634258947,104.362492042138,11665.2956969432,54.4729792711586,0.63466223215724,1.00701002433104,3.04357503139891,1.3254446856231,0.372347792173798,1.71813034577581,544275.930062865,345431.376683156,4391.30606673616,7984458.76068021,1323046.04901764,4391.30606673616,2084645.94548278,5067434.41962073,4391.30606673616,41030.4668618825,41318.0914328982,755.449798533238,601911.737218139,158253.538367441,755.449798533238,157151.899726688,606131.153141175,755.449798533238,8075.1773915419,24577.408283014,1.38608088266776,118461.826633591,94134.5955198538,1.38608088266776,30928.9551099343,360547.457715904,1.38608088266776,41030.4668618825,41318.0914328982,755.449798533238,601911.737218139,42291.3988121639,755.449798533238,157151.899726688,606131.153141175,755.449798533238,8
59774.2908750954,-44.1886060856661,33714.1549107315,127.534618661271,33687.6953213807,127.641076309029,13033.9801229863,62.605296522902,7391.62578825156,-123.403276445469,7391.62309667998,-123.403184782919,4909.63482220081,-88.2491855569348,5.64897310087926,60.4641324203141,4909.64561156602,91.7507311565632,1748.67154281646,-115.514728483948,0.14787098086622,161.905652699469,1748.68808732933,64.4804729989141,11796.3023083508,-126.000252176431,1.20903539778111,104.351607158182,11795.5307727155,53.9952259112314,0.631785059543799,1.00556613761326,2.76568539773634,1.36112436463928,0.373781078069456,1.40456103309705,545244.315753726,344477.212494386,3987.4101264263,7998664.85576184,1319391.47897775,3987.4101264263,2088354.98568209,5053436.95216839,3987.4101264263,41527.737993371,41758.8870978093,763.13901015404,609206.641554231,159941.841753441,763.13901015404,159056.511323132,612597.569556031,763.13901015404,8847.91577120744,24470.5514488295,1.88729991197374,129797.800510888,93725.3202720874,1.88729991197374,33888.6412564494,358979.881531258,1.88729991197374,41527.737993371,41758.8870978093,763.13901015404,609206.641554231,42417.5931236617,763.13901015404,159056.511323132,612597.569556031,763.13901015404,8
116249.094984368,-98.2119123434821,65826.5273129049,74.8329992088067,65999.4531065156,74.1821045914687,21998.6154703985,1.59987939097994,12768.485584578,170.253859421513,12768.4727975828,170.253906613194,5447.81940755794,-74.1525176634134,5.83559739015948,177.508595039955,5445.21315831076,105.764559422133,2921.70558253707,-170.754371537803,0.196495500770283,129.627892013286,2921.80792032155,9.24229238543464,20170.8294645524,-178.199597543554,1.20929749624334,104.304199402781,20171.0914614906,1.79704893167032,1.69750162970505,0.990235769680855,1.56399330899675,3.45385845681024,0.707265860024196,1.8898651478135,292300.886818216,496181.231738154,7400.2414508943,4288016.88187963,1900437.1419624,7400.2414508943,1119549.52425737,7278915.64519345,7400.2414508943,72171.6173500724,71466.9170557611,1961.11186816043,1058748.45936451,273727.369974342,1961.11186816043,276426.461611826,1048410.59555724,1961.11186816043,14818.1172387941,23175.4362134033,0.82223571143205,217379.897711829,88764.8644162638,0.82223571143205,56755.271205862,339980.705531697,0.82223571143205,72171.6173500724,71466.9170557611,1961.11186816043,1058748.45936451,50940.6228192402,1961.11186816043,276426.461611826,1048410.59555724,1961.11186816043,8
73158.9330893305,-54.1142415502828,41753.109478344,117.390294803177,41739.7915338798,117.427526929553,16113.1813843637,55.591937435122,9084.9132132279,-130.455482770027,9084.91402285693,-130.45543003786,6496.32571289766,-98.2631251354486,2.90249620618332,53.4917383529614,6486.51651402929,81.7834513608416,2141.27002799466,-116.963444665315,0.102043971391509,132.654501236171,2141.22931573511,63.0340190772769,14454.3265021984,-136.422232961864,1.20958199784671,104.286833094844,14453.7345119925,43.573585198126,0.620380918674267,1.00020130977602,3.79036321080764,1.711687300635,0.379820391101749,2.07867591017263,519602.664565423,322351.578388694,5196.55215101554,7622505.08980433,1234647.48997875,5196.55215101554,1990144.20465599,4728856.71021208,5196.55215101554,51082.4303608347,51092.713753449,917.560177901249,749372.764958197,195691.583417142,917.560177901249,195652.196717244,749523.621021663,917.560177901249,6728.1037458477,25501.9569167582,2.74534228466085,98700.4273550995,97675.7342222652,2.74534228466085,25769.4919430829,374110.468737761,2.74534228466085,51082.4303608347,51092.713753449,917.560177901249,749372.764958197,42958.5511872564,917.560177901249,195652.196717244,749523.621021663,917.560177901249,8
116260.337217973,-89.659012643376,67225.4029788331,81.8709189525011,67073.7650153739,82.1619106329204,22324.3785903677,19.2531429952345,12514.2763184276,-170.173563379017,12514.282809465,-170.173564904632,5067.73412248209,-84.9525543809301,8.67385389116635,-164.009826788862,5070.2593100075,94.9008212422892,3036.44693987396,-146.831235718982,0.0775835605875367,6.72267423733655,3036.37114269332,33.1694532196721,20148.1719733043,-179.2489889656,1.20976550043834,104.267454071223,20148.4544436771,0.747666130374066,1.32986189664991,0.9915492474294,2.39048418092284,6.65751190313084,0.338312649220511,4.267027722208,340940.053641608,453403.186379751,8550.80490268451,5001547.28108424,1736591.7946185,8550.80490268451,1305843.7112855,6651367.15340689,8550.80490268451,70449.3419509543,69853.9919933652,1582.1277096286,1033482.89802102,267549.662113362,1582.1277096286,269829.928071639,1024749.18976389,1582.1277096286,10104.948614816,24155.7198127558,1.51386615376112,148238.312659669,92519.47511635,1.51386615376112,38703.2367144271,354361.341419632,1.51386615376112,70449.3419509543,69853.9919933652,1582.1277096286,1033482.89802102,48626.7037950964,1582.1277096286,269829.928071639,1024749.18976389,1582.1277096286,8
87473.2006026268,-64.7616569955114,50700.1779698001,106.283526597061,50374.787459988,106.951816491134,19019.4738681999,47.7589842391173,10652.0088650438,-138.583840205749,10652.0057338919,-138.583774050018,5044.16726546609,-88.5527478609321,6.62575351622347,45.5172239294306,5045.19594080706,91.4351759301802,2744.64135107629,-130.362864132775,0.154758345946207,147.966425395066,2744.66166445918,49.6339424846172,16877.7568367106,-148.650278765802,1.20861491236398,104.348187653144,16877.4033817182,31.3457975168804,0.682266841718058,1.00012155380362,2.82809175785802,1.99140097927396,0.317854712085565,0.836690778584062,479740.2607218,327310.87252766,6570.59671623975,7037728.68869795,1253642.21645519,6570.59671623975,1837466.13465534,4801608.92530653,6570.59671623975,59817.1958627988,59824.466870478,1069.38939365743,877510.665391511,229135.306953234,1069.38939365743,229107.458070267,877617.33015061,1069.38939365743,8659.30589553045,24489.3116319211,2.70172705767363,127030.91759173,93797.1741562264,2.70172705767363,33166.2414755834,359255.091034313,2.70172705767363,59817.1958627988,59824.466870478,1069.38939365743,877510.665391511,46470.2341550654,1069.38939365743,229107.458070267,877617.33015061,1069.38939365743,8
71345.5214940979,-53.4433754671319,40208.0412951257,119.71880035067,40289.1441986425,119.471788962336,15615.4024219485,56.8325176827548,8813.4706025901,-129.19878848296,8813.45518207097,-129.198649993042,4063.50053109682,-77.9105173908619,8.63270088803935,54.6712159771563,3931.03575506499,104.234956031733,2261.69452769747,-123.901730098097,0.318379650400472,176.765039005172,2261.85050652104,56.0913368781594,14039.6230056876,-134.627609444348,1.20859793268585,104.360242569714,14039.0000469106,45.3681631048955,0.615346275367665,1.00432152646764,1.68838763524351,1.50642080172932,0.388975251099979,0.181966833514192,525944.012638585,323637.689229078,4356.85552448348,7715531.86056642,1239573.45785783,4356.85552448348,2014432.3732474,4747723.7928801,4356.85552448348,49481.2439166879,49695.0784219258,893.00231560625,725883.56320354,190338.462571275,893.00231560625,189519.449255186,729020.488234352,893.00231560625,14036.2825354381,23698.6858776181,63.7409596471859,205910.481921397,90768.977092815,63.7409596471859,53760.7449842071,347656.71164312,63.7409596471859,49481.2439166879,49695.0784219258,893.00231560625,725883.56320354,45387.9094264195,893.00231560625,189519.449255186,729020.488234352,893.00231560625,8
60123.1641964522,-44.5499894514307,33966.1918050553,127.015523112877,33986.9024742905,126.934244811187,13115.4074154171,62.3782882708077,7436.74328973275,-123.628693448464,7436.75008495753,-123.628641664833,4536.26646369069,-85.3498501096931,2.26592380168796,-119.753431757419,4645.43479769909,93.7333585425987,1870.56489049257,-112.994760441859,0.120943221891811,98.9027158275313,1870.46092008656,67.0032866617517,11872.892491267,-126.291380129833,1.20904063169392,104.297467523145,11872.1248694903,53.7041117508206,0.632070132926141,1.00439903356897,2.48868188707848,1.39683019275089,0.372328900642828,1.09185169432758,543520.293963781,343542.944453742,4121.23356650637,7973373.67508673,1315813.11371236,4121.23356650637,2081751.76324321,5039731.35868187,4121.23356650637,41838.755493433,42022.8055833325,767.793821529918,613769.228775033,160952.683075636,767.793821529918,160247.747853477,616469.220216015,767.793821529918,9773.19656762961,24322.3772767174,43.1042825853653,143371.552266232,93157.7943719743,43.1042825853653,37432.5842349158,356806.185247297,43.1042825853653,41838.755493433,42022.8055833325,767.793821529918,613769.228775033,45575.0146298955,767.793821529918,160247.747853477,616469.220216015,767.793821529918,8
112158.023953951,-101.479133701932,62988.7405797737,71.5706152235906,62999.4053504226,71.4545321165846,22080.0058712244,-9.3999180911048,13214.1114755416,158.751992110064,13214.1104702723,158.751989576636,5027.81559163869,-103.195503224277,16.3188469805116,166.288079632702,5027.74194378064,76.7009743985389,3042.30030531095,-176.249259934939,0.0144648255821054,-171.70903597357,3042.32087780709,3.75072517485126,20604.6275159076,-170.916634360639,1.20901622590036,104.283797646384,20604.7374471486,9.08001755567702,1.81380087719186,0.988388924030883,8.07087455657906,2.3927742470641,0.825411953160981,5.67810030951496,281216.301347612,510070.37406495,6709.24224009621,4125407.42097796,1953634.32125791,6709.24224009621,1077094.15395285,7482667.59894365,6709.24224009621,74907.6530986514,74037.8946478548,2208.5005948289,1098885.75626786,283574.540714863,2208.5005948289,286905.826057196,1086126.51027045,2208.5005948289,3172.49482472723,25604.8077617697,2.41144236495321,46540.0961118751,98069.6660226629,2.41144236495321,12151.0581455786,375619.277570077,2.41144236495321,74907.6530986514,74037.8946478548,2208.5005948289,1098885.75626786,55826.944774873,2208.5005948289,286905.826057196,1086126.51027045,2208.5005948289,8
68654.6042120993,-51.4194965969119,39017.7431870102,120.431761360416,38885.6836117618,120.842007151717,15040.1213244749,58.0418049328527,8498.11025244335,-127.969474243132,8498.11316328385,-127.96942241333,4346.16519747558,-82.3903789009382,5.50942100272658,-124.043199472846,4352.65636610095,97.5336712932151,2123.22790574354,-111.24425663783,0.100632684090394,119.816978242122,2123.1634998951,68.7536381693145,13543.6608296071,-132.64061444101,1.20933084179438,104.249102954246,13543.0002114725,47.3551000710622,0.619549247512246,0.999560965349566,2.10082299059997,1.6482688742743,0.38001171783732,0.45255411632566,529513.996760193,328059.998239979,4604.63586708392,7767903.07417487,1256511.46308651,4604.63586708392,2028105.86588869,4812598.50435311,4604.63586708392,47864.1214270076,47843.1074191886,864.605951468254,702160.581685086,183245.178395431,864.605951468254,183325.664714555,701852.308859557,864.605951468254,11450.1153016949,24054.6654708211,1.0575019271316,167971.737094559,92132.4241509266,1.0575019271316,43855.395986796,352878.887059263,1.0575019271316,47864.1214270076,47843.1074191886,864.605951468254,702160.581685086,46040.018454707,864.605951468254,183325.664714555,701852.308859557,864.605951468254,8
96389.668176802,-106.900313142364,52738.6600442971,63.0932339027945,52581.0400919698,62.1410505203365,23941.307409514,-33.4166612730011,15306.8553890433,135.837210059396,15306.8129398999,135.83728828551,5138.17961107586,-90.4106366431836,0.375414045989651,142.290433314327,4342.78116243111,71.9012170600406,3753.2390589172,145.124164765848,0.567269220766118,109.291511788845,3753.69430896664,-34.8809008378809,26998.0844443681,-145.925184240395,1.20818588923999,104.340273439967,26997.67624421,34.0724022839972,2.00177825363977,0.988824815992104,4.82961259689623,1.19487082458198,1.01295343764766,3.63474177231425,269973.679944421,540427.441567845,6836.60376965024,3960479.59301881,2069905.745716,6836.60376965024,1034033.48595298,7928001.92328913,6836.60376965024,87151.4072576953,86177.4742450435,2796.75382228594,1278500.07459257,330070.672528413,2796.75382228594,333800.959674791,1264212.60100489,2796.75382228594,5449.4181467495,26318.5785272963,551.888844031814,79942.2720335956,100803.498717023,551.888844031814,20871.9636812702,386090.204037958,551.888844031814,87151.4072576953,86177.4742450435,2796.75382228594,1278500.07459257,64374.5271543803,2796.75382228594,333800.959674791,1264212.60100489,2796.75382228594,8
109292.97937936,-81.9238266221177,62708.1906614285,91.2269934918723,63233.362873326,90.3287317445521,22018.9818177383,31.5503374313858,12244.844832476,-156.289472186534,12244.8519812808,-156.289466662081,4813.4936362156,-80.9196897005483,1.62643894003709,-151.21203763321,4814.86765912277,99.0347161791942,3398.50135565407,-146.250501335673,0.0924320353898085,32.8576998768665,3398.40099899286,33.749534532036,19536.3554921527,-170.553954335297,1.20814866843715,104.319038343483,19536.4577849785,9.44251525945484,0.993701779892763,0.995743929338056,2.04212944430764,3.87522979487463,0.00204214944529335,1.833100350567,394727.822221792,392241.739514989,7488.10815731544,5790607.01409115,1502335.6844654,7488.10815731544,1511857.697012,5754136.49656189,7488.10815731544,68840.5942608567,68547.6038272723,1347.35186110988,1009882.77374868,262546.02950121,1347.35186110988,263668.220077167,1005584.64130333,1347.35186110988,11683.2171648444,23858.6417765691,0.814494138793822,171391.311818615,91381.628503223,0.814494138793822,44748.205731006,350003.244363305,0.814494138793822,68840.5942608567,68547.6038272723,1347.35186110988,1009882.77374868,52703.9399291961,1347.35186110988,263668.220077167,1005584.64130333,1347.35186110988,8
82816.6957212225,-62.1003697758125,46753.795292086,111.762728787144,46473.9942218874,112.454679300919,18005.662432454,50.7082173178516,10109.3419527463,-135.489870021592,10109.3442434108,-135.489817858016,4606.9253257296,-83.5149592021543,6.28074390591308,-131.471169256094,4608.53516024826,96.4628454185921,2758.80600007887,-124.727018054102,0.113885061824233,121.9076508218,2758.7666245639,55.2707964659594,16052.4445943617,-144.021774137028,1.20825981178323,104.308466743093,16051.9987493348,35.9742179094017,0.631036622297656,0.999916683225965,2.224537455422,1.90019965555157,0.368880060928308,0.324337799870426,503538.219640208,317751.057319532,4594.54669803575,7386841.7232399,1217026.90993063,4594.54669803575,1928615.34010394,4661367.65048071,4594.54669803575,56839.4554233481,56834.7197432843,1014.73614350021,833827.591374151,217684.195701624,1014.73614350021,217702.333957789,833758.119549135,1014.73614350021,10821.7046929852,24073.2874210616,1.29235814503673,158753.033284827,92203.7485856877,1.29235814503673,41448.5035353997,353152.068703951,1.29235814503673,56839.4554233481,56834.7197432843,1014.73614350021,833827.591374151,49344.4194213602,1014.73614350021,217702.333957789,833758.119549135,1014.73614350021,8
15212.549418909,177.423583801749,18694.7243020079,-42.7910262957314,17744.7991752578,-40.3024562559398,45063.8143945777,-79.891008739777,29556.1867972802,96.3437188938454,29556.1394324224,96.3437162288702,2582.40037572944,-98.9394782277537,28.0573165168584,98.6519480274955,5382.67035317549,90.3149026365638,5818.57520897718,104.298964809325,0.550413575960201,97.976199859062,5819.11281739196,-75.7016228228222,111937.866453223,-117.420854824953,1.21060257853775,104.185500191796,111936.960087364,62.5787337177263,1.21195921829776,0.995634161318086,2.85297457827557,0.572251427277353,0.216325056979673,2.28072315099822,525139.10203892,636447.175604676,8777.0199138405,7703723.92430821,2437673.52340019,8777.0199138405,2011349.4634118,9336599.22528631,8777.0199138405,167361.390292683,166630.717461085,4817.41422865397,2455170.33753025,638216.81313009,4817.41422865397,641015.382884389,2444451.45989997,4817.41422865397,8556.3015120577,24410.9106979614,964.069393829506,125519.85636969,93496.8886207588,964.069393829506,32771.721603377,358104.959291527,964.069393829506,167361.390292683,166630.717461085,4817.41422865397,2455170.33753025,72091.8161221939,4817.41422865397,641015.382884389,2444451.45989997,4817.41422865397,8
114358.741959294,-98.883730353393,64575.5876877124,72.5604712034622,64862.1721888188,71.0899916694638,22001.6172596731,-4.21679975422963,12971.9112930185,164.100151950281,12971.8962685807,164.100184067608,5479.65514113051,-77.4674173744624,14.2157755374756,-8.38048315839266,5485.608371295,102.694699961835,3259.50772766662,-166.516051137529,0.201957697986808,138.277594882464,3259.62439906427,13.4810235876757,20311.8812388846,-174.956475311983,1.20876331220522,104.24388600387,20312.0746135454,5.0401589036988,1.85005479193886,0.987458455227344,1.72860869024328,2.9063929262381,0.862596336711517,1.17778423599482,275493.476373583,509678.026112843,8289.70440841947,4041454.30551602,1952131.57876573,8289.70440841947,1055175.00739526,7476911.90432186,8289.70440841947,73478.7571217299,72557.2199994486,2090.04882224845,1077924.03378324,277903.36873777,2090.04882224845,281432.972968759,1064405.20125203,2090.04882224845,13596.3896825928,23502.8373612639,0.800100436680806,199457.309644873,90018.8523987109,0.800100436680806,52075.8994830935,344783.638784671,0.800100436680806,73478.7571217299,72557.2199994486,2090.04882224845,1077924.03378324,58753.2205594305,2090.04882224845,281432.972968759,1064405.20125203,2090.04882224845,8
56051.0716328373,-41.6842683497973,32224.9997831073,129.641149666329,32366.4068258505,129.042969415795,12116.7887295468,64.7625518378552,7097.13604782397,-122.460367081265,7097.13336704271,-122.46027975421,4369.5324985929,-84.1049846806891,2.91064593209289,62.1037992337408,4364.17489716711,95.9421043009497,1450.05918585582,-117.172076721048,0.135249027978936,162.519051671662,1450.08348766258,62.8226548047211,11086.8672752548,-123.648329967197,1.21014303503522,104.374809379649,11086.0580038546,56.3470204550955,0.639500549619078,1.00634321249567,2.22830708879661,1.31116083782593,0.366842662876588,0.917146250970685,547943.577236664,350410.21880309,4272.83251434307,8038262.67885925,1342115.64674415,4272.83251434307,2098693.50001903,5140473.40111301,4272.83251434307,39956.4997857334,40209.9523544574,890.484195567695,586156.776625172,154009.224942381,890.484195567695,153038.469410896,589874.89361508,890.484195567695,10867.1288456548,24215.3002416386,1.17931495802405,159419.399834762,92747.6757268133,1.17931495802405,41622.483809851,355235.378743502,1.17931495802405,39956.4997857334,40209.9523544574,890.484195567695,586156.776625172,36319.2034982813,890.484195567695,153038.469410896,589874.89361508,890.484195567695,9
57503.4298659822,-42.6941401554099,33285.5545826412,127.82436910065,33341.0493424272,127.605931478534,12468.2613528558,63.9672939148813,7297.78708338812,-123.24491856211,7297.79159883284,-123.24487281505,4103.21240569173,-81.3026053859115,2.16878015992669,-118.679599849927,4103.00782932605,98.6995733737063,1479.78557878482,-115.348503990107,0.0921904053908279,106.956080476367,1479.7227642562,64.6490812905874,11399.1647448967,-124.754603194767,1.21043383828493,104.343547076645,11398.3724867621,55.2407979863253,0.635744672280636,1.00485589845551,1.98721033096325,1.35677182754169,0.369111226174872,0.630438503421565,544814.295297784,346362.785617895,4635.91506404939,7992356.51029391,1326613.46354426,4635.91506404939,2086707.9527151,5081098.07038681,4635.91506404939,41115.609096449,41315.2623191578,913.129727167154,603160.762984554,158242.702502464,913.129727167154,157478.005299753,606089.650401955,913.129727167154,12105.9225694198,24057.0143957922,0.808688560710382,177592.346412151,92141.4208319238,0.808688560710382,46367.2211221147,352913.345490232,0.808688560710382,41115.609096449,41315.2623191578,913.129727167154,603160.762984554,36415.1275354706,913.129727167154,157478.005299753,606089.650401955,913.129727167154,9
112746.112193899,-86.6135281824825,66337.9744702887,86.1840289179505,66395.1769447075,86.0830650895569,22020.9146779916,25.9175767680727,12621.9328087705,-164.388463089946,12621.9273960697,-164.388422209816,5394.9985955616,-94.7576258296163,0.196380808167497,22.3448350045053,4861.66184841396,103.709018827273,2624.76245654327,-149.791861360645,0.126796206449269,136.336349163287,2624.79390786916,30.2054913487144,19851.3801504098,-175.841807762252,1.21039787848275,104.329106826804,19851.5937443203,4.15475367908644,1.15677575806488,0.994884962279517,1.63549031404494,5.53173479729372,0.161890795785362,3.89624448324878,367502.332952637,425117.789791898,8462.6157626169,5391212.54466494,1628255.13290643,8462.6157626169,1407580.61495883,6236423.97824368,8462.6157626169,71135.4366977335,70771.5762557616,1780.79836492663,1043547.82080925,271064.126388905,1780.79836492663,272457.758098818,1038210.03434268,1780.79836492663,14071.0260909958,23013.0268804972,575.894503540772,206420.16546834,88142.8160421748,575.894503540772,53893.817215082,337598.181247022,575.894503540772,71135.4366977335,70771.5762557616,1780.79836492663,1043547.82080925,40841.7213896137,1780.79836492663,272457.758098818,1038210.03434268,1780.79836492663,9
60163.3537383441,-44.5052349369995,35011.605885981,125.511267466894,35194.2796711779,124.862985969943,13116.4684388256,62.488685554707,7666.74417548215,-124.709356347695,7666.75202772319,-124.709326723655,4211.81275249739,-81.9779116027303,3.4848126207956,-120.116421557424,4215.46023641941,97.9831740373956,1533.3947010802,-111.124520060216,0.111960399995632,80.9132289989897,1533.28390167136,68.8746150854659,11971.5217342776,-126.830280769865,1.21072738825505,104.298764594848,11970.7618946129,53.1652075316542,0.630790246804119,1.00188102118917,2.04942572815143,1.4659168287747,0.371090774385054,0.583508899376728,538965.009559387,339973.87139875,5172.25053290621,7906548.23148159,1302143.11057193,5172.25053290621,2064304.44536707,4987373.51030494,5172.25053290621,43252.7210567714,43334.0803415686,954.483034505587,634511.923988826,165975.031956387,954.483034505587,165663.415561445,635705.454362632,954.483034505587,11751.745828332,24084.3302512799,0.383791351872438,172396.618607542,92246.0440280724,0.383791351872438,45010.6792166007,353314.065620606,0.383791351872438,43252.7210567714,43334.0803415686,954.483034505587,634511.923988826,36658.4779607108,954.483034505587,165663.415561445,635705.454362632,954.483034505587,9
69736.6286280949,-51.5370790609796,41303.0040553845,117.400896107569,41292.1464416474,117.429798415767,15352.6145460537,57.3874629979085,8928.62784891489,-129.833225033025,8928.62279155293,-129.833163629367,5374.8224047421,-91.4237099449702,5.18854149251842,54.8168190728443,4547.08020071407,95.881647004558,1791.89771070982,-113.134122587239,0.134350924952761,171.2243109778,1791.9322194233,66.8617077149076,13917.8144842358,-134.399383257235,1.21054597802921,104.302090527838,13917.1857047671,45.596358303731,0.625373505731652,0.999173019922106,2.19050702935023,1.74534822764453,0.373799514190454,0.4451588017057,518835.744801609,324466.128625475,6526.43353922615,7611254.4742825,1242746.48597352,6526.43353922615,1987206.80454726,4759876.89359777,6526.43353922615,50364.8761116248,50323.2253624548,1093.4795214565,738846.335265255,192744.345140049,1093.4795214565,192903.872799803,738235.324065365,1093.4795214565,10964.8007634795,24018.4731478267,344.990615111324,160852.234463069,91993.8029567481,344.990615111324,41996.5796613016,352347.950278045,344.990615111324,50364.8761116248,50323.2253624548,1093.4795214565,738846.335265255,36984.1577241704,1093.4795214565,192903.872799803,738235.324065365,1093.4795214565,9
26189.5945722089,96.8432657685521,36177.4010357104,-78.5101114261232,33657.3083465484,-77.853300834227,51515.9542097814,-85.839455360467,35341.8720279398,90.7990463145772,35341.935258309,90.7990240772746,632.845543671841,115.891247289341,7.50558634759976,-87.2102939972926,4556.54614220048,-84.0824437865682,6961.49971731245,93.2590986880657,0.784319705982224,-101.411336678782,6960.73498956015,-86.7392658845305,148286.821904729,-116.493535201972,1.20986343618224,104.359539154221,148285.905940007,63.5061590120484,1.09003436708658,0.996767462541867,0.591048717759567,0.479605390465091,0.0932669045447127,0.111443327294476,648701.507299616,707106.936937447,14568.6678694154,9516368.71471908,2708309.38443143,14568.6678694154,2484609.17032381,10373168.9489113,14568.6678694154,200934.419050897,200284.891014687,6498.51623977362,2947682.40500332,767116.572557238,6498.51623977362,769604.347438274,2938153.91121446,6498.51623977362,46109.8841465686,27253.1879008716,1325.05514755347,676426.143602375,104383.171330892,1325.05514755347,176606.713109145,399800.804835232,1325.05514755347,200934.419050897,200284.891014687,6498.51623977362,2947682.40500332,66482.4678832249,6498.51623977362,769604.347438274,2938153.91121446,6498.51623977362,9
79654.0254295577,-110.683542062752,43568.2016503786,53.9392276914079,43762.9290407788,54.8277242920749,26296.6878969133,-47.4205571374407,18281.9407370028,122.16489035209,18281.9246899125,122.164897989971,4754.4025156155,-94.2719426049934,2.22354503375092,128.335327318176,4759.11083379706,85.7801809615051,3337.62637706063,133.460159229049,0.193989246605042,113.355172594673,3337.81422500813,-46.5409941506866,38114.2324990415,-132.265252600899,1.20986010530158,104.338927331672,38113.5669835382,47.7332289284103,1.93376743563711,0.992410308958421,3.66426084014932,0.934791349092648,0.941357126678687,2.72946949105667,292082.766041135,564820.14148116,7674.58392251432,4284817.07778532,2163332.88471845,7674.58392251432,1118714.09397568,8285839.73268301,7674.58392251432,104507.990201262,103714.806844258,3905.81910568685,1533118.94176023,397240.883956487,3905.81910568685,400278.876963108,1521483.04266228,3905.81910568685,6805.13890379444,24935.8039969506,2.87280200007657,99830.5233372555,95507.2966272685,2.87280200007657,26064.5463829416,365805.077316318,2.87280200007657,104507.990201262,103714.806844258,3905.81910568685,1533118.94176023,54275.8002349342,3905.81910568685,400278.876963108,1521483.04266228,3905.81910568685,9
58125.7935445187,-42.7917859723509,33741.2542924421,127.21995651125,33578.7260477442,127.860218148069,12648.6189277691,63.5258929825037,7400.51141881569,-123.681578495916,7400.5176004697,-123.681534507851,4419.15796350093,-84.3178400948673,3.30723983100684,-119.098887962395,4420.77400505469,95.6676126359484,1613.25814394338,-113.031477254145,0.10333932419091,98.1414270288783,1613.17156558672,66.9666159529109,11564.3581301851,-125.35477050818,1.20994823142099,104.319779492234,11563.5752627583,54.6406589326935,0.631461642413791,1.00378585924212,2.25727019323817,1.39806946379636,0.37232421682833,0.859200729441809,545526.891436,344479.306847067,4703.99128890782,8002810.20512835,1319399.50061454,4703.99128890782,2089437.28643766,5053467.67605619,4703.99128890782,41747.3026712282,41905.3520828796,925.291739544934,612427.627489527,160502.821250085,925.291739544934,159897.471928194,614746.192283189,925.291739544934,10722.6287216421,24203.8702065223,0.446587568886077,157299.601369746,92703.8972404868,0.446587568886077,41069.0299806326,355067.701580175,0.446587568886077,41747.3026712282,41905.3520828796,925.291739544934,612427.627489527,39555.3462813978,925.291739544934,159897.471928194,614746.192283189,925.291739544934,9
66564.5684849093,-49.2700788422865,39079.5112198957,120.37097337413,38948.0179516614,120.767916632771,14615.9141473938,59.0991269159734,8515.02095437131,-128.10226362712,8515.02638388688,-128.102221979664,4732.07071202939,-86.3114584882043,0.182619045110297,-123.62342734225,4367.39723617453,97.4118099319043,1855.93598796306,-114.601432434225,0.0954967239716354,103.07573942946,1855.86263272597,65.3967548037311,13290.0688552661,-131.835853992236,1.20988387010487,104.311261014794,13289.3950189663,48.1598140382154,0.619959682264567,1.00085036584049,2.08657896947642,1.6025763422434,0.38089068357592,0.484002627233022,528717.583104312,327783.584829039,5760.44763234713,7756219.78700271,1255452.76461288,5760.44763234713,2025055.50042707,4808543.55472435,5760.44763234713,48041.5156786741,48082.3685425325,1048.52832294656,704762.932824607,184161.578888528,1048.52832294656,184005.107230864,705362.239148323,1048.52832294656,11508.4560531852,24013.3023717199,156.489245997021,168827.588508544,91973.9982274729,156.489245997021,44078.8484753835,352272.095649346,156.489245997021,48041.5156786741,48082.3685425325,1048.52832294656,704762.932824607,39787.6927696081,1048.52832294656,184005.107230864,705362.239148323,1048.52832294656,9
70688.2784775242,-52.4739819335715,41680.5685118561,117.166813171426,41545.518126831,117.53202231622,15546.5960511804,56.9006475562172,9037.06996535464,-130.328739871178,9037.06810916008,-130.328683345103,4599.79646625994,-84.6179273858854,8.23837734572853,54.3288978262082,4598.03225130196,95.4012103186905,1967.00494618005,-113.636395485306,0.111370072767534,155.319439454091,1966.99525072996,66.3604086517443,14090.8954952958,-135.130996358274,1.21006739581353,104.290464506252,14090.2795797458,44.8647673900819,0.62195750768659,0.99897589069066,2.31540456666394,1.77225810724064,0.37701838300407,0.543146459423299,519481.161207602,323095.208314816,6209.0579022251,7620722.65097833,1237495.68705087,6209.0579022251,1989678.83136231,4739765.66677322,6209.0579022251,51004.5067032118,50952.2725130788,1106.01238250272,748229.634798649,195153.67562783,1106.01238250272,195353.73921077,747463.365864127,1106.01238250272,10466.8138153897,24234.9085065745,1.96637584512961,153546.829188357,92822.7778721381,1.96637584512961,40089.2263963521,355523.029499489,1.96637584512961,51004.5067032118,50952.2725130788,1106.01238250272,748229.634798649,40081.4057837872,1106.01238250272,195353.73921077,747463.365864127,1106.01238250272,9
91002.897151876,-67.6930070745685,54476.7918241054,102.255457543894,54251.4134271941,102.665878313702,19612.7429245909,45.3624404323817,11271.0968155136,-142.448903772262,11271.0979238902,-142.448863751059,4203.10783992813,-71.9629985008169,3.14629911777828,-137.486675794744,4205.98849138253,107.950950988736,2724.25431342763,-136.669443580758,0.0957646309166159,120.676486819153,2724.2326393128,43.3285914372747,17492.3438480381,-153.108898597739,1.20912637370694,104.367316346517,17492.0816625217,26.8872351130689,0.734483561880424,1.00001749680028,1.55949815829569,2.14451420946901,0.265533934919858,0.585016051173317,460073.99525784,337916.786765535,8248.77466989479,6749227.0723295,1294264.21513805,8248.77466989479,1762141.83994053,4957196.34002435,8248.77466989479,63447.7255626729,63448.8356948554,1374.0296259832,930770.074942695,243017.099914021,1374.0296259832,243012.847966754,930786.360440804,1374.0296259832,15001.6188712703,23394.9970011999,1.26479517404962,220071.843352075,89605.8101218995,1.26479517404962,57458.1057664255,343201.634400299,1.26479517404962,63447.7255626729,63448.8356948554,1374.0296259832,930770.074942695,43759.1223960882,1374.0296259832,243012.847966754,930786.360440804,1374.0296259832,9
68870.7321932868,-51.4858441521491,40000.070759117,119.924908300595,39891.0982799913,120.255066461494,15084.6374448354,58.047153555449,8778.69143565319,-129.167801985127,8778.69293115318,-129.167744843376,5711.76831249343,-93.5622957255263,5.68552686308471,55.420612841485,5709.45094509963,86.4516857342678,2089.89180816778,-121.286788609983,0.106645901008674,132.910478452529,2089.86112179899,58.7104006836472,13703.4116558038,-133.486802704028,1.20914584473714,104.346773629831,13702.7678907433,46.5089175036207,0.613609923069391,1.00294483544721,3.65994939961825,1.54919057112967,0.389334912377822,2.11075882848858,528017.059376006,323996.507183037,5210.12625128313,7745943.19288823,1240947.77619817,5210.12625128313,2022372.40556789,4752987.60668802,5210.12625128313,49478.7457233466,49624.4524876363,1077.81863986835,725846.915024542,190067.956272117,1077.81863986835,189509.880857371,727984.414749156,1077.81863986835,6817.09960937622,24950.2396224743,0.993813602278892,100005.985368904,95562.5869066218,0.993813602278892,26110.3574045558,366016.846109152,0.993813602278892,49478.7457233466,49624.4524876363,1077.81863986835,725846.915024542,42544.0752121032,1077.81863986835,189509.880857371,727984.414749156,1077.81863986835,9
114729.693362501,-89.6810708531622,67749.8071267033,82.3213934842942,67773.3741122921,82.2765596174622,22000.3815570523,20.3524877745928,12690.7844801828,-170.829129987998,12690.7707750433,-170.82906851177,5649.88298289081,-101.875574756334,14.4678075992258,16.3303390756581,5474.39627396083,81.7678771148119,3055.6369885746,-155.030793660915,0.236930410986021,145.339358044561,3055.7554793356,24.9653771918237,20032.527118358,-178.871517327615,1.20941191500251,104.327925728135,20032.8032489759,1.12511501971128,1.32160214303431,0.992943040404089,5.3840696277022,6.36632412094034,0.32865910263022,0.982254493238139,341603.657064501,451464.125244802,9087.31942133925,5011282.2590079,1729164.94417419,9087.31942133925,1308385.39668538,6622921.37285465,9087.31942133925,71693.3987030454,71187.4612851045,1911.57562198758,1051733.05255544,272657.018876556,1911.57562198758,274594.823450896,1044311.01489788,1911.57562198758,4695.15892740019,25279.0625782502,126.759398800681,68877.3850909343,96822.0205939811,126.759398800681,17983.0550659692,370840.637103648,126.759398800681,71693.3987030454,71187.4612851045,1911.57562198758,1051733.05255544,48554.3673986993,1911.57562198758,274594.823450896,1044311.01489788,1911.57562198758,9
78496.3244607402,-58.6450052196615,46111.6639348139,112.34302165613,46519.5175677944,111.404669231755,17194.5219065466,52.7740861789624,9952.44906812063,-134.576759759764,9952.44813185564,-134.576708087987,4614.57497613849,-83.8330431011641,6.0968533778822,50.150217605819,4613.86605508545,96.1760677566169,2363.9472848516,-120.982962012984,0.109194563356703,141.913820009602,2363.9323511872,59.0144171224153,15494.036878162,-141.531960131546,1.20950611963094,104.293693582252,15493.54153895,38.4639593121643,0.639661770771608,0.999052537814864,2.25379785526245,1.93649615060779,0.359390767043255,0.317301704654665,499185.948812404,319310.167961647,6698.80100382559,7322994.46301677,1222998.50172649,6698.80100382559,1911945.5900127,4684239.60556399,6698.80100382559,56136.3308638538,56083.143813148,1208.90104552922,823512.843396493,214805.564424837,1208.90104552922,215009.277584802,822732.5961184,1208.90104552922,10718.4005439994,24157.1081579097,1.69219867803127,157237.574540786,92524.7926546355,1.69219867803127,41052.8355232022,354381.708266693,1.69219867803127,56136.3308638538,56083.143813148,1208.90104552922,823512.843396493,43320.3197313029,1208.90104552922,215009.277584802,822732.5961184,1208.90104552922,9
101136.155661665,-75.6643049276184,60508.3951139002,94.9754022755113,60967.2551286367,94.242027332899,21091.9396285614,38.1748877228306,12065.0396250761,-150.36562743118,12065.0331227618,-150.365582600572,5160.97302497361,-89.6286180501011,3.79063482399902,35.1790909097434,5155.61764500356,90.4571135466161,2939.40014088867,-131.80834782469,0.137438525246716,153.248066418001,2939.43742834718,48.1890580426441,18765.8448494708,-163.219788704832,1.20975942353816,104.25944858223,18765.7917570806,16.7765212277064,0.8898134948229,0.994880214105522,2.96609376318506,3.53151370830388,0.105066719282622,0.565419945118813,417528.144972704,371522.177865085,9272.73812961879,6125084.85277461,1422977.13156988,9272.73812961879,1599185.82922042,5450183.15893419,9272.73812961879,68026.6937814443,67678.4116741741,1518.20614036199,997942.957096463,259216.913150993,1518.20614036199,260550.877860256,992833.702821227,1518.20614036199,8285.13864964925,24574.4980758482,1.86789064484537,121541.931620973,94123.4490567575,1.86789064484537,31733.1333975381,360504.765346434,1.86789064484537,68026.6937814443,67678.4116741741,1518.20614036199,997942.957096463,45803.0234597233,1518.20614036199,260550.877860256,992833.702821227,1518.20614036199,9
69211.9363328557,-51.2108787170877,40900.0219288004,117.972998610094,40777.3859692149,118.31142626174,15219.7254235392,57.7393170266187,8854.53015957951,-129.481326803178,8854.53958765567,-129.481301404919,5897.75372763052,-94.6933456498667,6.10264298459965,-124.910653283174,6124.98633435985,84.0762480234413,2272.75063497169,-124.176428594992,0.12732330775699,72.5660781175485,2272.62497642457,55.8226479078284,13826.583613624,-133.987831243532,1.20870606374582,104.351803024598,13825.9490464851,46.0079052499215,0.622453129159513,1.00415860893059,3.85075155494414,1.51698995420936,0.38170547977108,2.33376160073478,520551.281055592,324018.773781047,6283.85093366496,7636421.17322287,1241033.06009682,6283.85093366496,1993777.52630558,4753314.25485254,6283.85093366496,49891.6305166272,50099.1102968555,1086.54241970258,731903.882497786,191885.955971949,1086.54241970258,191091.282059817,734947.584519877,1086.54241970258,6552.03067848722,25230.2423232264,85.0754312458425,96117.4578215326,96635.0328161436,85.0754312458425,25095.109730481,370124.450163544,85.0754312458425,49891.6305166272,50099.1102968555,1086.54241970258,731903.882497786,45413.3706570172,1086.54241970258,191091.282059817,734947.584519877,1086.54241970258,9
103822.315584732,-77.8970342900883,62158.0930422681,92.7712538183586,62177.9272384725,92.7394263870625,21389.0927115698,35.8617399290428,12225.9034886487,-152.982607796538,12225.9012163868,-152.982560555981,6374.99923267032,-104.112274810127,2.65474722823766,-147.332326173872,6381.45311682638,75.8333075259933,3180.67780763865,-143.399414866056,0.125461325100465,131.198745752871,3180.68191899313,36.5983397396037,19061.4313672139,-166.245759527241,1.20870160545231,104.342225295032,19061.4435312376,13.7506074922162,0.940372617200376,0.996731847586347,5.71281938838024,3.26939580010231,0.0563592303859719,2.44342358827793,407447.399400689,383152.377345913,9258.76767549367,5977201.59567859,1467522.27283685,9258.76767549367,1560575.29323416,5620796.70806253,9258.76767549367,68910.6461397169,68685.435645209,1566.11129579609,1010910.42591365,263073.942871157,1566.11129579609,263936.527671116,1007606.61656521,1566.11129579609,4562.68773591615,26065.8109608665,2.06560076283807,66934.0495382113,99835.366831333,2.06560076283807,17475.6735762374,382382.135944697,2.06560076283807,68910.6461397169,68685.435645209,1566.11129579609,1010910.42591365,48862.8729180828,1566.11129579609,263936.527671116,1007606.61656521,1566.11129579609,9
78446.9317712462,-58.6747642188083,46277.2679037935,111.887311386885,46421.2708848788,111.558775192583,17174.508573644,52.8246467827001,9941.39555482061,-134.526035259959,9941.40469673389,-134.52600827864,5070.17518469196,-88.94617548874,3.93358274886603,-129.826632057661,5076.88342603938,90.9883267048591,2539.9946438451,-123.808809111215,0.124134344365297,72.6186558902487,2539.87450513702,56.1904015123836,15485.3443608073,-141.485759171465,1.20883021119429,104.309825415797,15484.8487371544,38.5101612249799,0.640933191311514,1.000166002949,2.88585521689605,1.84870093772006,0.359232811637487,1.03715427917599,498980.837070739,319813.38030704,6772.14913895254,7319985.49981962,1224925.86892683,6772.14913895254,1911159.98598905,4691621.6667534,6772.14913895254,56070.4024947768,56079.7103469426,1208.19472261821,822545.682596284,214792.413813155,1208.19472261821,214756.763557087,822682.227605283,1208.19472261821,8487.46135504195,24493.5846296514,1.64474817007123,124509.980010272,93813.5402802853,1.64474817007123,32508.0550580042,359317.775368266,1.64474817007123,56070.4024947768,56079.7103469426,1208.19472261821,822545.682596284,46175.5257924523,1208.19472261821,214756.763557087,822682.227605283,1208.19472261821,9
63931.745379272,-46.8756787829823,37589.2002841143,122.045181765254,37770.669209597,121.479032586621,14050.8690292222,60.3367286369034,8196.19425903144,-126.858813998764,8196.19243748912,-126.858739428108,5359.64734792941,-91.2392966592475,6.85989251450732,57.7611328497971,5357.2945340849,88.7758172546968,2056.74501322692,-113.337532146235,0.131543787022968,155.278967894352,2056.74369973883,66.6587963235965,12810.7942333871,-129.971516971326,1.20885868317944,104.293114734706,12810.0883352745,50.0240941459295,0.625700371409811,1.001432459562,3.25774362607376,1.54915602776453,0.375732088152188,1.70858759830923,529885.695634554,331549.676563286,6006.16676023443,7773355.84944896,1269877.37431996,6006.16676023443,2029529.51979029,4863791.64210084,6006.16676023443,46305.9977941006,46372.3292634186,1014.60002765702,679303.105901524,177611.911242176,1014.60002765702,177357.853289336,680276.180131068,1014.60002765702,7585.77467136411,24712.5090844682,1.37171074085145,111282.350891989,94652.0487497818,1.37171074085145,29054.4805282473,362529.36931288,1.37171074085145,46305.9977941006,46372.3292634186,1014.60002765702,679303.105901524,45814.0484304596,1014.60002765702,177357.853289336,680276.180131068,1014.60002765702,9
89459.1158741405,-66.6493538112322,53392.7965477889,103.491556502822,53470.4261902476,103.347662394913,19346.1651144199,46.2163567080164,11126.8894936859,-141.51762598013,11126.8887934987,-141.517579464645,5368.43936541446,-92.0962092177569,6.80239244187035,43.4939383792019,5046.74354345195,91.6018584512984,2862.94719267218,-124.271106237625,0.109849067287763,137.244990796666,2862.92475636176,55.7267464685865,17282.6950095399,-151.649947120502,1.20916464963457,104.272250358008,17282.4006357016,28.3461645714984,0.719419829393837,0.996211033284517,2.7429836229182,2.58149315041086,0.276791203890679,0.161490472507341,464491.845516294,334164.644256161,8139.14083184012,6814036.37447045,1279893.03273404,8139.14083184012,1779062.76758099,4902152.88600493,8139.14083184012,62790.9176339864,62553.0049370366,1354.39539356061,921134.7860559,239585.954324117,1354.39539356061,240497.190172849,917644.63701106,1354.39539356061,8884.30533379985,24369.5040316178,152.764855251366,130331.630771956,93338.2958292327,152.764855251366,34028.0179033414,357497.528755697,152.764855251366,62790.9176339864,62553.0049370366,1354.39539356061,921134.7860559,47581.7330116628,1354.39539356061,240497.190172849,917644.63701106,1354.39539356061,9
47297.7192165081,-34.9685480648031,27362.000597185,134.314725553851,27217.1765951127,135.076898141202,10074.982830483,69.1211834148547,5923.17722305492,-118.195153673855,5923.18218884867,-118.195070818616,4354.72109377839,-85.1943778504016,2.93205789504341,-113.566343886159,4359.90329753061,94.7688542059004,1594.00543898412,-110.18094428147,0.118617102145787,122.512295938071,1593.93216210608,69.8156672032698,9270.93473766983,-117.586393951499,1.2080957016522,104.332739656447,9270.03577652559,62.4086175283197,0.674100558495333,1.01027812366891,2.31668651707774,1.23416508304132,0.336177565173575,1.08252143403642,554574.582140455,373839.035548196,3946.89502247951,8135538.67853477,1431850.99078096,3946.89502247951,2124091.09106364,5484171.16686067,3946.89502247951,33451.6937508634,33795.5143961692,758.881405498265,490732.098327081,129441.112807142,758.881405498265,128124.236063893,495775.903521989,758.881405498265,10464.3209050203,24242.5511510352,0.985464635550521,153510.258509885,92852.0501711833,0.985464635550521,40079.6782329905,355635.146122968,0.985464635550521,33451.6937508634,33795.5143961692,758.881405498265,490732.098327081,48690.0510653441,758.881405498265,128124.236063893,495775.903521989,758.881405498265,9
106736.639004201,-80.5358348998584,63530.7608536055,90.8399816771095,63832.4281964761,90.3529693050504,21649.6381033895,33.0771394545225,12371.9157131524,-156.154845581375,12371.9196058205,-156.154825556703,7046.71323216559,-110.563451904448,3.9737283550762,-150.272262984484,6751.37734106022,71.5508377382166,3429.89429227045,-149.287352752442,0.0703764125866318,71.8654857138223,3429.83767918358,30.7118746304984,19352.2951953226,-169.475669985961,1.20807043609955,104.355695757472,19352.3757867988,10.5207613235763,1.00423048612022,0.996654527983529,4.70849775404703,3.64329002184099,0.00757595813668732,1.06520773220604,393479.260796958,395143.869348352,9182.24689510616,5772290.77657976,1513451.21035259,9182.24689510616,1507075.54816396,5796710.37259193,9182.24689510616,69767.465602115,69534.060498283,1623.97254378995,1023479.85859474,266324.283849844,1623.97254378995,267218.255044385,1020055.83536839,1623.97254378995,5624.06488389601,26480.8968744391,131.281483412409,82504.3174840945,101425.198604081,131.281483412409,21540.8828679816,388471.393573042,131.281483412409,69767.465602115,69534.060498283,1623.97254378995,1023479.85859474,52589.4264594821,1623.97254378995,267218.255044385,1020055.83536839,1623.97254378995,9
70002.6474322095,-52.2800414943165,40993.0713994046,118.22025391701,41026.7268796864,118.125997423277,15358.7334688645,57.3283428937662,8931.97820368665,-129.897080927046,8931.97766746486,-129.897011615577,5206.38788310029,-90.2321446412382,2.77667070526867,-125.292993800664,4271.61076840993,99.1409813569889,2417.87123980065,-119.304246410092,0.130941035546808,142.030472214011,2417.85117628557,60.6926869421113,13952.5842225113,-134.533194096687,1.20836001227372,104.298524694258,13951.9588538967,45.4625598992429,0.619797562977195,1.0017575962496,1.91790816830747,1.62773813702223,0.381960033272408,0.290170031285239,520991.313352719,322909.146348303,5858.05436684493,7642876.39112929,1236783.04608574,5858.05436684493,1995462.90589601,4737036.16135787,5858.05436684493,50427.5885508881,50516.2198914017,1095.98018618245,739766.318783582,193483.538699872,1095.98018618245,193144.069407848,741066.529291059,1095.98018618245,12372.7786577184,23729.8532522985,404.749895695096,181507.091331719,90888.3520966872,404.749895695096,47389.3138360711,348113.933070835,404.749895695096,50427.5885508881,50516.2198914017,1095.98018618245,739766.318783582,48810.4644086398,1095.98018618245,193144.069407848,741066.529291059,1095.98018618245,9
85640.855886513,-63.7875761952695,50988.2282432716,106.291976661153,51307.1435768721,105.669031897727,18653.6822403423,48.512530406676,10751.3894661241,-139.060834489277,10751.3900122717,-139.060784576896,5598.97649923539,-94.0632291761389,9.48389900878579,45.8216574616866,5922.78044191645,83.3457187580871,2942.0003802475,-125.194440821244,0.113020166420513,129.512681062304,2941.96836415123,54.8034428188416,16720.491465946,-148.150202523397,1.20844972165563,104.28208107007,16720.1266514565,31.8458495507645,0.688690812752408,0.997734487879261,4.36534043484751,2.22952161200706,0.309043675126853,2.13581882284046,474937.817057348,327085.311236079,7910.9868167712,6967277.45014166,1252778.28805788,7910.9868167712,1819072.16541927,4798299.96980958,7910.9868167712,60685.6200995598,60548.1360916697,1305.64607206584,890250.338638484,231907.051990082,1305.64607206584,232433.633203372,888233.465705807,1305.64607206584,5809.74080049669,25361.4964323915,141.667160307367,85228.1595962717,97137.7527260016,141.667160307367,22252.045212917,372049.931273242,141.667160307367,60685.6200995598,60548.1360916697,1305.64607206584,890250.338638484,50070.9961892744,1305.64607206584,232433.633203372,888233.465705807,1305.64607206584,9
60883.7719267128,-45.6937494347287,35082.2105284323,125.92453890145,35176.6970110801,125.574222679947,13251.390332464,62.0651468742336,7743.0462612309,-125.131305973879,7743.04542483502,-125.131229874198,5729.43601069988,-93.2682383050061,0.721006559715545,-120.580405317802,5431.48381408466,88.3607448203896,2051.33718334792,-108.267869578025,0.124817072695494,149.965248890016,2051.31553353334,71.7286943946413,12112.5695181906,-127.375076043344,1.20873440160976,104.245502409316,12111.8192771665,52.6204415222942,0.625313930012583,1.00053926908242,3.28718972129051,1.51832530004128,0.375225339069839,1.76886442124923,541401.524912007,338545.915257532,4562.32548129498,7942291.60222096,1296673.85717362,4562.32548129498,2073636.60865115,4966425.57509073,4562.32548129498,43829.7568468934,43853.392879651,965.281273369418,642976.965735451,167964.064939761,965.281273369418,167873.535932076,643323.703333782,965.281273369418,7503.43057854409,24665.199872207,112.751305891372,110074.373509577,94470.8484576564,112.751305891372,28739.0921934887,361835.349178174,112.751305891372,43829.7568468934,43853.392879651,965.281273369418,642976.965735451,48978.209449096,965.281273369418,167873.535932076,643323.703333782,965.281273369418,9
57377.4481942618,-42.6009358422821,33209.3086941911,127.917028915846,33264.6105557575,127.698561436484,12438.4887579349,64.0325009681226,7280.79493575118,-123.180464300636,7280.79945499119,-123.180418445555,4093.05323939821,-81.2201064826118,2.16364711381837,-118.61477863185,4092.84919435902,98.7820733974036,1476.24469778094,-115.283080102383,0.0922140305391088,107.004028553453,1476.18183415289,64.7144996029096,11372.7148380133,-124.661270566284,1.21043377814058,104.34357495164,11371.9210904918,55.3341264269129,0.636118798021037,1.00488648945177,1.98047398822516,1.35497998043724,0.368767691430732,0.625494007787921,544989.385918628,346677.993104781,4624.36615699218,7994925.06746186,1327820.74825634,4624.36615699218,2087378.57203275,5085722.1241821,4624.36615699218,41020.1280082814,41220.5724311041,911.231878809683,601760.06754904,157880.028203811,911.231878809683,157112.300604166,604700.561771615,911.231878809683,12145.316274184,24053.4829597891,0.806774812969511,178170.247057296,92127.8949834727,0.806774812969511,46518.1040151074,352861.539772625,0.806774812969511,41020.1280082814,41220.5724311041,911.231878809683,601760.06754904,36415.9102340964,911.231878809683,157112.300604166,604700.561771615,911.231878809683,9
55930.8953547493,-41.5959047726143,32153.0909638956,129.729266781538,32294.0138805119,129.131026356592,12088.3577027331,64.8246427054334,7080.87695627773,-122.399162713679,7080.87429359595,-122.399075283704,4358.911298165,-84.0281049431922,2.90387488208606,62.1654750957614,4353.5671117421,96.0190076341032,1446.67774308444,-117.1103772217,0.135050503065041,162.504063747679,1446.70182971688,62.8843485406917,11061.529082861,-123.560236682855,1.21014308138958,104.374793815638,11060.7184287492,56.4351095402719,0.639905025898807,1.00637610980667,2.22002044286943,1.30966801547233,0.366471083907866,0.910352427397095,548095.600225974,350729.129257624,4262.39535938748,8040492.83680263,1343337.11429268,4262.39535938748,2099275.76737788,5145151.77697336,4262.39535938748,39865.1075469623,40119.2918501366,888.659556676146,584816.064090943,153661.983695233,888.659556676146,152688.425527859,588544.915532293,888.659556676146,10905.8442560198,24211.197195114,1.17657136480089,159987.349987227,92731.9605374593,1.17657136480089,41770.7687491387,355175.187572149,1.17657136480089,39865.1075469623,40119.2918501366,888.659556676146,584816.064090943,36320.6109887037,888.659556676146,152688.425527859,588544.915532293,888.659556676146,9
112524.642797785,-86.34725935016,66216.3809929736,86.4443084735537,66273.8985041215,86.3433404078204,22014.2150178364,26.3194892112566,12614.0443489771,-163.923467332114,12614.038999379,-163.923426361856,5386.27016719917,-94.4948159955549,0.196310535177357,22.7704006884166,4848.63388334108,103.98831139666,2624.07444909904,-149.412874786333,0.126556053029271,136.464667224645,2624.10530246829,30.58447886176,19832.2636109099,-175.556280193049,1.2103980359397,104.329106951267,19832.4712653884,4.4402748979499,1.14670670899711,0.994955953327538,1.62248964501756,5.43451327044732,0.15175075566957,3.81202362542976,369196.6935394,423360.325421179,8453.64227398619,5416068.5992569,1621523.82113535,8453.64227398619,1414070.23122199,6210642.19915646,8453.64227398619,71085.9034203458,70727.3428057394,1771.61845373742,1042821.17392164,270894.706656835,1771.61845373742,272268.03935476,1037561.13524934,1771.61845373742,14173.7713208296,22996.797198893,575.679350228324,207927.424939414,88080.6543001542,575.679350228324,54287.344495934,337360.093879366,575.679350228324,71085.9034203458,70727.3428057394,1771.61845373742,1042821.17392164,40780.7619793921,1771.61845373742,272268.03935476,1037561.13524934,1771.61845373742,9
60026.4585679921,-44.4028799606998,34927.9341983485,125.612535904387,35109.9536913078,124.964123193124,13084.2339890068,62.559836701251,7648.41767700163,-124.638643023456,7648.42552436638,-124.638613281504,4200.99215169019,-81.8877540526438,3.47633099994355,-120.045551973493,4204.62979791461,98.0733096231159,1529.54740935273,-111.051199143579,0.111926472825121,81.0346771334266,1529.43666594802,68.9479306307071,11943.0676308747,-126.726836951791,1.21072736452436,104.298804621822,11942.3060914009,53.2686471857624,0.631099465510168,1.00190634052457,2.04167770283446,1.46332490414634,0.370806875014404,0.578352798688113,539185.621344726,340279.757441425,5158.9259742301,7909784.57835065,1303314.69296869,5158.9259742301,2065149.41652679,4991860.81969767,5158.9259742301,43149.8224690875,43232.0807242884,952.452022392128,633002.41477757,165584.360466322,952.452022392128,165269.300900548,634209.132933013,952.452022392128,11794.2650218974,24080.0879165283,0.382857388592421,173020.369776404,92229.7953471167,0.382857388592421,45173.5331286982,353251.831108656,0.382857388592421,43149.8224690875,43232.0807242884,952.452022392128,633002.41477757,36657.7568749371,952.452022392128,165269.300900548,634209.132933013,952.452022392128,9
21522.1154440473,103.375897676429,33190.4815768991,-75.097793311739,30754.3227494907,-74.1956204525087,50184.6957036203,-84.8921574533975,34495.0094872771,91.5949629826318,34495.0713686508,91.5949400358924,500.873113981822,134.627462244661,7.31709283393606,-86.3263222600185,4258.98639376076,-81.901011982942,6785.28416019864,94.1631119882128,0.768594722369342,-100.96007554532,6784.53635648146,-85.8351941702741,141792.283349607,-116.59231350295,1.20985540356697,104.359844264248,141791.368797754,63.4073660681274,1.10834742220955,0.996656185997612,0.611513390809265,0.48814916593634,0.111691236211936,0.123364224872925,628898.312999611,697037.824045052,14115.7282013522,9225858.36971841,2669743.40308569,14115.7282013522,2408760.4207744,10225456.3417478,14115.7282013522,196165.693564362,195509.751971434,6383.98936706659,2877725.80783423,748827.183488564,6383.98936706659,751339.523106476,2868103.22798296,6383.98936706659,44572.8746778929,27256.9097323947,1291.7759297317,653878.409926189,104397.426418368,1291.7759297317,170719.771614831,399855.403630934,1291.7759297317,196165.693564362,195509.751971434,6383.98936706659,2877725.80783423,65957.412933147,6383.98936706659,751339.523106476,2868103.22798296,6383.98936706659,9
69557.8898097259,-51.4006202819858,41190.744180084,117.533299938982,41179.9280343164,117.562215892211,15312.3751155486,57.4822076928632,8906.09015787972,-129.736977684906,8906.08512358804,-129.736916164533,5359.51522134099,-91.3100410831343,5.1751271866947,54.9119789002459,4534.1452165886,96.0007771230774,1786.99647527063,-113.036584400902,0.134135586214788,171.226362372663,1787.03071089768,66.959239400847,13883.2650374245,-134.255213947038,1.21054564921052,104.302028044977,13882.6336560983,45.7405235635263,0.625223167459202,0.999195549732261,2.17928345971087,1.74012525810982,0.373972382273059,0.439158201601055,519239.75142297,324640.722055398,6508.04697621265,7617181.20010138,1243415.20098679,6508.04697621265,1988754.20122356,4762438.15703807,6508.04697621265,50238.5251258858,50198.1107308975,1091.00063854347,736992.78235343,192265.140209258,1091.00063854347,192419.932475457,736399.908312345,1091.00063854347,11018.4453153124,24012.315627389,344.098598883726,161639.193224584,91970.2188713502,344.098598883726,42202.0451086945,352257.620235346,344.098598883726,50238.5251258858,50198.1107308975,1091.00063854347,736992.78235343,36978.5029069157,1091.00063854347,192419.932475457,736399.908312345,1091.00063854347,9
81483.8913421941,-110.201850579531,44712.3969926132,54.8687559992347,44898.3540216052,55.7232903383284,25917.891949959,-45.9152983490762,17977.426617158,123.411117031988,17977.4107085328,123.411125473592,4794.04370068465,-94.0488864719798,2.18903988942556,129.740914379201,4798.59000615547,86.0031372093277,3290.29096745703,134.988235575201,0.192784633133472,113.77447091619,3290.4762788291,-45.0129880408721,36642.1897071629,-133.427928802766,1.20985364387223,104.339103756624,36641.544816768,46.5704709254987,1.95698028372392,0.99225845411009,3.65489528188666,0.958169817849479,0.964721829613834,2.69672546403718,287818.85992273,563255.83415268,7694.3839532665,4222266.11662507,2157341.38895374,7694.3839532665,1102382.79194543,8262891.54287085,7694.3839532665,102771.377241233,101975.767908151,3846.95955532793,1507643.05021932,390580.143940348,3846.95955532793,393627.428743493,1495971.56236045,3846.95955532793,6818.30318171838,24920.1841293353,2.82821784684593,100023.641622287,95447.470550283,2.82821784684593,26114.9672395027,365575.935842419,2.82821784684593,102771.377241233,101975.767908151,3846.95955532793,1507643.05021932,54043.2847151854,3846.95955532793,393627.428743493,1495971.56236045,3846.95955532793,9
57997.1868259852,-42.6959661543674,33662.971339041,127.315118574046,33501.0187369904,127.95547303405,12618.1350807705,63.5928005969376,7383.13224587956,-123.615339907504,7383.13842821538,-123.615295794949,4408.05945907009,-84.2346433926292,3.29934118155665,-119.03233680414,4409.67131528196,95.7508014565998,1609.32787197882,-112.963507715958,0.103362995728257,98.219899038807,1609.24127878456,67.0345798356945,11537.3088465029,-125.258559086162,1.20994820604676,104.319793903951,11536.5244312354,54.7368661731772,0.631830745431148,1.00381624743879,2.24823974078816,1.39599700234457,0.371985502007647,0.852242738443592,545708.064998238,344795.133495626,4692.14891825871,8005467.9982739,1320609.15679448,4692.14891825871,2090131.2041935,5058100.81287459,4692.14891825871,41649.632129202,41808.5774311418,923.354970333553,610994.81304401,160132.162041717,923.354970333553,159523.381346226,613326.520434406,923.354970333553,10763.668505121,24199.307289883,0.445521124715735,157901.649780553,92686.4206901816,0.445521124715735,41226.2175641859,355000.764172653,0.445521124715735,41649.632129202,41808.5774311418,923.354970333553,610994.81304401,39555.6265157994,923.354970333553,159523.381346226,613326.520434406,923.354970333553,9
66399.9664994416,-49.1450000057882,38977.4210814309,120.493272107353,38846.431434002,120.890358753491,14578.1452957491,59.1856641710066,8493.75630881871,-128.015038258074,8493.76174043907,-128.014996484074,4718.96084060982,-86.2040803161102,0.182151448164606,-123.53721536008,4355.33128107268,97.5217524424287,1851.01175231876,-114.513129043338,0.0955540913574676,103.159628230825,1850.9383414881,65.4850524924177,13257.3022760218,-131.705907981882,1.20988373145551,104.311217786685,13256.6261616823,48.2897559608954,0.620037239492977,1.00087771811887,2.07714667524668,1.5987441097007,0.380840478625893,0.478402565545976,529047.336301553,328029.049961528,5744.53743847215,7761057.22452134,1256392.92724903,5744.53743847215,2026318.4970574,4812144.49703924,5744.53743847215,47922.1617326223,47964.2238822705,1046.19192311529,703012.025596237,183709.069833117,1046.19192311529,183547.966457276,703629.071988887,1046.19192311529,11558.1117530376,24007.8933999516,156.089805518513,169556.031318164,91953.2811785585,156.089805518513,44269.0361130315,352192.746720547,156.089805518513,47922.1617326223,47964.2238822705,1046.19192311529,703012.025596237,39783.98716411,1046.19192311529,183547.966457276,703629.071988887,1046.19192311529,9
70504.9599818968,-52.3342868323667,41566.268441255,117.302409872202,41431.7436362606,117.667796059614,15505.7075930541,56.9978560997643,9014.20302764052,-130.22976245519,9014.20118852778,-130.229705803257,4586.60606278358,-84.4961729240633,8.21701198363665,54.4266054736373,4584.84706469511,95.5229792667342,1961.59878857044,-113.536562434889,0.111278766933722,155.310614283107,1961.58890374362,66.4602355631109,14055.868297131,-134.982586644637,1.21006705056421,104.290405740545,14055.2496851804,45.0131730637131,0.621782845850961,0.999000335020451,2.30259893597765,1.76675109751335,0.37721748916949,0.535847838464302,519896.352179178,323262.633405503,6191.36846439727,7626813.44979423,1238136.94641436,6191.36846439727,1991269.06552056,4742221.77158744,6191.36846439727,50876.2695952503,50825.4103702458,1103.49306220525,746348.412713392,194667.777506887,1103.49306220525,194862.574798738,745602.31434266,1103.49306220525,10521.6617757664,24227.1672095963,1.96127588375358,154351.441800354,92793.1277214207,1.96127588375358,40299.3010513236,355409.465656111,1.96127588375358,50876.2695952503,50825.4103702458,1103.49306220525,746348.412713392,40074.6993320833,1103.49306220525,194862.574798738,745602.31434266,1103.49306220525,9
90729.7420545857,-67.482994192083,54307.4738200512,102.454153619081,54082.7583869471,102.865011295588,19566.9922215108,45.5341817622402,11246.4518258733,-142.262966034163,11246.4529610604,-142.262925920309,4190.24686414709,-71.7575789816977,3.13915087946851,-137.310038126435,4193.1178111175,108.156282786681,2718.01694463131,-136.494580831855,0.095816832725556,120.668167281056,2717.99496187677,43.5034500267246,17454.5221748519,-152.848891745739,1.20912601362538,104.367303001109,17454.2546355047,27.1472375329993,0.731519005098418,1.00006186034551,1.55144766526014,2.13212814526127,0.268542855247088,0.58068048000113,461025.450079696,337248.87856735,8225.58117637837,6763184.79371337,1291706.04190202,8225.58117637837,1765786.03276101,4947398.21159395,8225.58117637837,63309.0501459555,63312.9664656712,1370.46134391738,928735.724193852,242496.703508282,1370.46134391738,242481.703506324,928793.176106635,1370.46134391738,15073.7452647411,23386.1268977087,1.26192190818989,221129.928382876,89571.8364988571,1.26192190818989,57734.3590148355,343071.511108754,1.26192190818989,63309.0501459555,63312.9664656712,1370.46134391738,928735.724193852,43731.4351152204,1370.46134391738,242481.703506324,928793.176106635,1370.46134391738,9
68695.6209226086,-51.3532105430218,39893.3520775272,120.054699904241,39784.8108949692,120.384989772019,15045.2299829525,58.1391857325936,8756.57887469642,-129.074583131237,8756.58038515787,-129.074525869275,5695.65378474639,-93.4534250764316,5.67087184937152,55.5129296726374,5693.34279184919,86.5605665202845,2084.41528200924,-121.194631174019,0.106628894840708,132.899476915122,2084.38441984035,58.8025526191561,13669.4355272077,-133.347372358885,1.20914572786004,104.346747764493,13668.7892730035,46.6483437905669,0.613632941656064,1.00298002588184,3.64312644978558,1.54571367310875,0.389347084225774,2.09741277667683,528377.535376234,324229.861337899,5195.31545198249,7751231.33002429,1241841.55225168,5195.31545198249,2023753.07443603,4756410.88249945,5195.31545198249,49354.5244029635,49501.6021630702,1075.38551497436,724024.60403298,189597.423924712,1075.38551497436,189034.097421845,726182.216092086,1075.38551497436,6845.43339602929,24938.7794653198,0.991251804192223,100421.638420178,95518.6930490635,0.991251804192223,26218.8794063641,365848.727059353,0.991251804192223,49354.5244029635,49501.6021630702,1075.38551497436,724024.60403298,42539.7335984244,1075.38551497436,189034.097421845,726182.216092086,1075.38551497436,9
114583.067964406,-89.4059480422302,67682.2845094359,82.5954384846154,67706.0872650772,82.550646577103,22005.9060316057,20.850496960239,12684.921121004,-170.253515984288,12684.9075259433,-170.253454417548,5647.3388279664,-101.592213455245,14.4686231107457,16.8581073272909,5470.31795182209,82.0457771977794,3056.90489456482,-154.562719832206,0.236090745095346,145.661456564126,3057.02244114669,25.4334604726996,20022.2828808672,-178.669893757074,1.20941104708046,104.327929212438,20022.5548662885,1.32673410901167,1.30913462757649,0.993038054540714,5.24540429503805,6.35431722080618,0.316096573035774,1.10891292576813,343440.427110566,449609.755640101,9086.69060354324,5038227.44227911,1722062.47304815,9086.69060354324,1315420.45926636,6595718.00629371,9086.69060354324,71651.8713168137,71153.0348966503,1899.52815118689,1051123.85107419,272525.161435974,1899.52815118689,274435.768286864,1043805.98415206,1899.52815118689,4814.477998836,25253.8835734605,126.766491021498,70627.7807131178,96725.5818074266,126.766491021498,18440.0622653482,370471.264301593,126.766491021498,71651.8713168137,71153.0348966503,1899.52815118689,1051123.85107419,48471.7079395094,1899.52815118689,274435.768286864,1043805.98415206,1899.52815118689,9
78276.5241954937,-58.4780095136854,45976.0346633774,112.503992316215,46382.317740322,111.564960377209,17149.2206871613,52.8942126166288,9927.45682905701,-134.451860290697,9927.45591383612,-134.451808491503,4600.71804549181,-83.6846576189382,6.08107650875725,50.2718755478455,4600.01129853121,96.3244611404756,2357.47069265696,-120.863186575823,0.109160491788948,141.904904439236,2357.4555236447,59.1341869090846,15456.132503515,-141.345011079986,1.20950602483845,104.293685474016,15455.6335665987,38.650904368908,0.638812038363703,0.999083595225194,2.2395838899774,1.92907854828543,0.360271556861492,0.310505341691967,499783.635376285,319267.802855546,6678.9777927555,7331762.44899141,1222836.23798895,6678.9777927555,1914234.80546987,4683618.11483866,6678.9777927555,55996.1340712424,55944.8189466089,1206.0447634134,821456.174256529,214275.762616117,1206.0447634134,214472.306061455,820703.387896147,1206.0447634134,10782.1897716342,24147.6185112311,1.68781932094148,158173.354407751,92488.446102492,1.68781932094148,41297.1563674828,354242.496355284,1.68781932094148,55996.1340712424,55944.8189466089,1206.0447634134,821456.174256529,43307.4597719963,1206.0447634134,214472.306061455,820703.387896147,1206.0447634134,9
69035.28781379,-51.0757273781279,40789.4269645955,118.104351952621,40667.2645901241,118.442931578606,15179.8435513564,57.8331018263085,8832.17465698982,-129.386189929867,8832.1840858094,-129.386164408801,5881.03761528622,-94.58324222889,6.08686909662887,-124.816536687283,6107.64800081531,84.1854582008355,2266.85347112709,-124.082564343281,0.127362831275011,72.7065572465233,2266.72781427277,55.9165069577567,13792.2580191692,-133.845386281726,1.20870621536563,104.351833397721,13791.62089709,46.1503461634953,0.622349778110992,1.00419883469642,3.84716727286495,1.51370527710249,0.381849056585428,2.33346199576246,520941.363674137,324207.742091437,6266.1432100995,7642143.63568906,1241756.83272817,6266.1432100995,1995271.59228249,4756086.39596342,6266.1432100995,49765.9542171395,49974.9132324069,1084.07962924987,730060.22714757,191410.265439734,1084.07962924987,190609.925869511,733125.629359794,1084.07962924987,6554.68301351515,25216.9619735993,84.8555417975328,96156.3672394955,96584.1673902161,84.8555417975328,25105.2685105347,369929.629121371,84.8555417975328,49765.9542171395,49974.9132324069,1084.07962924987,730060.22714757,45408.6269934033,1084.07962924987,190609.925869511,733125.629359794,1084.07962924987,9
100839.779329368,-75.4258784691422,60330.7955504621,95.2013879351182,60789.1825248512,94.4672533099421,21055.5748083849,38.412223178588,12045.4437007926,-150.09960819551,12045.4372406823,-150.099563255824,5146.67796918357,-89.4054904342173,3.78430182561023,35.4264416387303,5141.3282890156,90.6803105564966,2933.69401491536,-131.591645604464,0.137234480000576,153.317108176549,2933.73090526875,48.4057573078443,18732.2815033855,-162.906674912473,1.2097600705349,104.259460273234,18732.2218071753,17.0896293496567,0.884144544359192,0.994926224082475,2.93096576623571,3.49800340946982,0.110781679723283,0.567037643234111,418813.417115581,370291.597847172,9251.404796218,6143939.63185673,1418263.85379432,9251.404796218,1604108.58478152,5432130.70637835,9251.404796218,67915.9973175226,67571.4067659182,1513.41940307719,996319.054031277,258807.070760725,1513.41940307719,260126.89634289,991263.954408762,1513.41940307719,8378.02987158763,24555.7187421235,1.86476832871912,122904.634047866,94051.5218232613,1.86476832871912,32088.918576505,360229.274906023,1.86476832871912,67915.9973175226,67571.4067659182,1513.41940307719,996319.054031277,45760.7688177971,1513.41940307719,260126.89634289,991263.954408762,1513.41940307719,9
103529.04003145,-77.6509981521825,61984.9643038673,93.0050841523648,62004.7960851526,92.9732268659559,21357.8650168451,36.1260383791699,12208.7878512645,-152.683534364397,12208.7856281071,-152.683487035816,6360.85310895821,-103.883714932454,2.65098424327506,-147.055641658951,6367.30292731766,76.0618724657744,3176.00364934611,-143.137280672868,0.125372098465649,131.226174101352,3176.00724987138,36.8604714708556,19030.1213739047,-165.922955897676,1.20870074847254,104.342213820436,19030.1267285951,14.0734049931195,0.933825620508594,0.996795619127076,5.7138147891244,3.2293098401448,0.0629699986184823,2.4845049489796,408823.415160305,381769.779340515,9239.47500835501,5997387.57209212,1462226.74686007,9239.47500835501,1565845.60837353,5600514.17093945,9239.47500835501,68812.6107407077,68592.1089270342,1560.71636754857,1009472.25906253,262716.489686288,1560.71636754857,263561.03964056,1006237.52546384,1560.71636754857,4557.21984323642,26039.1101375755,2.06267425826863,66853.8362471256,99733.0992866185,2.06267425826863,17454.7308527482,381990.438258527,2.06267425826863,68812.6107407077,68592.1089270342,1560.71636754857,1009472.25906253,48808.8735725655,1560.71636754857,263561.03964056,1006237.52546384,1560.71636754857,9
78227.2324167889,-58.5078272266503,46140.9652317323,112.047913549536,46284.4152116856,111.719138783427,17129.2346645918,52.94471914481,9916.41654135502,-134.401215896108,9916.42568652878,-134.401188771205,5054.95329692314,-88.8022667546581,3.92339624783176,-129.705069545269,5061.64191535744,91.1321788173008,2533.15358021127,-123.689238663123,0.124242002603221,72.8000671384741,2533.03337900647,56.3099662234958,15447.4469243186,-141.298895183597,1.20883019771968,104.309824422634,15446.9477075182,38.6970212203388,0.640060706496537,1.00020225016201,2.86365072006336,1.84212931718781,0.360141543665475,1.02152140287555,499577.646039531,319760.021073939,6752.13551100406,7328740.61158576,1224721.49628642,6752.13551100406,1913445.84014555,4690838.89358144,6752.13551100406,55930.1402743252,55941.452154257,1205.33916309996,820488.053638215,214262.867373763,1205.33916309996,214219.541436801,820653.997479991,1205.33916309996,8549.23163475269,24482.013326848,1.64048961451459,125416.142167634,93769.2207207738,1.64048961451459,32744.6430752906,359148.025825915,1.64048961451459,55930.1402743252,55941.452154257,1205.33916309996,820488.053638215,46162.3045085372,1205.33916309996,214219.541436801,820653.997479991,1205.33916309996,9
63778.492914194,-46.7589367207329,37493.8101354779,122.159739255018,37674.6028419212,121.59341526538,14015.0734861743,60.4174681020475,8175.9652058312,-126.777871291492,8175.96340397827,-126.777796570749,5345.12650961989,-91.1424949209168,6.84261421769527,57.8418374577833,5342.78001703153,88.8726289474419,2051.37689051107,-113.254829418756,0.131433947432649,155.257712001018,2051.37533658582,66.7414926953427,12779.4872798653,-129.851617151841,1.20885860997201,104.293074161759,12778.7793289826,50.143989848891,0.625864126042725,1.0014638394365,3.24085345201087,1.54582441054661,0.375599713393779,1.69502904146426,530179.164308969,331820.119316295,5990.02759785585,7777660.99762656,1270913.20441533,5990.02759785585,2030653.54208937,4867759.00293614,5990.02759785585,46192.3273605491,46259.9455110033,1012.37252762972,677635.575079619,177181.467195562,1012.37252762972,176922.481090538,678627.524757999,1012.37252762972,7622.54880498364,24703.5636077526,1.36825548021068,111821.822761176,94617.7864377162,1.36825548021068,29195.3301310209,362398.140305707,1.36825548021068,46192.3273605491,46259.9455110033,1012.37252762972,677635.575079619,45811.170679169,1012.37252762972,176922.481090538,678627.524757999,1012.37252762972,9
89190.9743648215,-66.4443959498226,53226.5649319877,103.685872029129,53303.9522071816,103.541828772128,19299.7624711885,46.3804523744864,11101.8178409059,-141.34086067231,11101.8171649909,-141.340814030046,5352.27599396551,-91.9162076810612,6.78647542835671,43.6623170036264,5031.4107652241,91.7852207352021,2855.49517800997,-124.113117526878,0.109854989368005,137.256225009071,2855.47247692658,55.884730211775,17244.3708163203,-151.399284800633,1.20916322006227,104.272191354014,17244.071314043,28.5968225668388,0.716775939853428,0.996246569660143,2.71766890340116,2.56562269007309,0.279470629806715,0.152046213328071,465399.513315959,333587.173564374,8115.95236894348,6827351.74580054,1277681.2466348,8115.95236894348,1782539.25054469,4893681.46430612,8115.95236894348,62650.2445465427,62415.0912178622,1350.93848948265,919071.129731244,239057.727262027,1350.93848948265,239958.394379796,915621.460268424,1350.93848948265,8961.86221340576,24355.3742539387,152.40733613181,131469.380344583,93284.1769859727,152.40733613181,34325.0706034233,357290.246711894,152.40733613181,62650.2445465427,62415.0912178622,1350.93848948265,919071.129731244,47554.1954519197,1350.93848948265,239958.394379796,915621.460268424,1350.93848948265,9
47209.5769510428,-34.9061245751332,27309.0446919633,134.377766279238,27164.6327751378,135.139940484556,10054.1395615567,69.166660474603,5911.13252069238,-118.150920570817,5911.13749189977,-118.150837566153,4345.52997398251,-85.1399275469816,2.92602735044509,-113.52139181348,4350.70105772394,94.8232912377664,1590.70337861336,-110.135260953872,0.118630367887589,122.52153090979,1590.63003654302,69.8613447590662,9252.03797604851,-117.525251631018,1.2080957799527,104.332729716474,9251.13815405031,62.4697556032442,0.67451673394197,1.01031968586921,2.30969277295701,1.23324072640764,0.335802951927237,1.07645204654937,554638.346183243,374112.845786497,3938.60248435465,8136474.08894324,1432899.71877274,3938.60248435465,2124335.31544676,5488187.92827746,3938.60248435465,33383.8115198863,33728.3219678884,757.485337878007,489736.274620974,129183.757272116,757.485337878007,127864.238496923,494790.199133819,757.485337878007,10494.7842511401,24239.7273386014,0.983438005116368,153957.151928041,92841.234610884,0.983438005116368,40196.3567180509,355593.721153241,0.983438005116368,33383.8115198863,33728.3219678884,757.485337878007,489736.274620974,48693.2541435922,757.485337878007,127864.238496923,494790.199133819,757.485337878007,9
106453.62673419,-80.2825215869475,63366.9742690307,91.0825165719275,63668.9881915715,90.5951344703564,21625.1029988302,33.3762926600442,12357.7711620872,-155.813158447987,12357.7751010916,-155.813138219382,7034.67021366064,-110.317476763568,3.96931902137476,-149.957697057199,6739.35407585483,71.7951825178369,3426.06688592699,-148.977995104305,0.0711024223748198,72.1258814746284,3426.00969024058,31.0212241840577,19323.90018673,-169.14982305924,1.20807043379438,104.355695752427,19323.9739222044,10.8466017017568,0.996606041707496,0.996733004141002,4.74471055624838,3.58532669738905,0.00012696243350574,1.15938385885932,394962.31092472,393621.82531433,9165.7296405142,5794046.9335786,1507621.58837389,9165.7296405142,1512755.81852872,5774382.17994122,9165.7296405142,69684.8595203283,69457.1993728405,1617.70982771709,1022268.03786747,266029.895976582,1617.70982771709,266901.863258607,1018928.29242097,1617.70982771709,5575.05700083344,26452.0318035408,131.135855095185,81785.3780644952,101314.641716131,131.135855095185,21353.1764509235,388047.946649375,131.135855095185,69684.8595203283,69457.1993728405,1617.70982771709,1022268.03786747,52521.2508617509,1617.70982771709,266901.863258607,1018928.29242097,1617.70982771709,9
69821.9966594394,-52.1426989902277,40881.6194878667,118.354036910226,40915.1431197976,118.259737385249,15318.3687999904,57.4238244152762,8909.37625955222,-129.80005028191,8909.37574477389,-129.799980823911,5191.50434296349,-90.1167113324264,2.76947202077221,-125.19713437987,4259.45743168359,99.2634157037551,2411.41129489187,-119.2082562691,0.130877195760286,142.017180356082,2411.39099513744,60.7886712640504,13917.8774533251,-134.387809720335,1.20836009980307,104.298540754751,13917.2494634458,45.6079402318419,0.619693983673119,1.00179473124913,1.90944527587752,1.62358704391741,0.382100747576014,0.285858231960112,521389.418942101,323101.886069243,5841.37207079306,7648716.54955858,1237521.26369853,5841.37207079306,1996987.70087028,4739863.62858247,5841.37207079306,50300.5524322538,50390.8284055526,1093.48905917633,737902.715059207,193003.273381979,1093.48905917633,192657.504937488,739227.052120744,1093.48905917633,12425.1189273338,23725.0846380139,403.700743172579,182274.916438773,90870.0876982729,403.700743172579,47589.7837169028,348043.978104984,403.700743172579,50300.5524322538,50390.8284055526,1093.48905917633,737902.715059207,48804.0690507505,1093.48905917633,192657.504937488,739227.052120744,1093.48905917633,9
85388.3398596465,-63.5946211279422,50830.9966695754,106.475550346022,51148.8116506205,105.852012723252,18606.7440081345,48.6601066939922,10725.8560118365,-138.903824060195,10725.8565824073,-138.903774006058,5582.06872695574,-93.8979938976784,9.46056188961593,45.9723814777044,5905.0149909645,83.5087731422035,2934.22287862216,-125.049956725694,0.113081240564777,129.516005263178,2934.19058317691,54.9479215739702,16681.7620487756,-147.921398933863,1.20844916963697,104.282052270998,16681.3926363066,32.074649010181,0.686715785730601,0.99777322288173,4.33729752158977,2.21828018101255,0.311057437151129,2.11901734057722,475741.219318035,326699.005228419,7887.98839074873,6979063.25925866,1251298.68698037,7887.98839074873,1822149.298125,4792632.90974538,7887.98839074873,60542.2222492922,60407.4082140983,1302.42217323898,888146.7103893,231368.04634388,1302.42217323898,231884.401222607,886169.005616938,1302.42217323898,5842.97865883447,25342.7368556647,141.318524145969,85715.75475625,97065.9011643164,141.318524145969,22379.3504321877,371774.73066548,141.318524145969,60542.2222492922,60407.4082140983,1302.42217323898,888146.7103893,50047.3496159169,1302.42217323898,231884.401222607,886169.005616938,1302.42217323898,9
60743.1862840497,-45.5889383237835,34997.6638564497,126.028306217894,35091.8016433918,125.677921024104,13218.5486509753,62.1378994367894,7724.39262014727,-125.058888581188,7724.3917992531,-125.058812316655,5714.50410749663,-93.1826307715072,0.719235572513264,-120.508055968451,5417.32048879045,88.4473262470272,2046.09676105879,-108.191427812096,0.1247698076685,149.952053169422,2046.0749204398,71.8051298238315,12083.5653691327,-127.268890958684,1.20873440391211,104.245495780089,12082.8133727569,52.7266224497213,0.625641984365495,1.00056863308967,3.27261385059358,1.51530663314338,0.374926648724172,1.7573072174502,541621.754471984,338861.309243373,4550.41439393352,7945522.34189251,1297881.85620039,4550.41439393352,2074480.11583919,4971052.36480201,4550.41439393352,43724.8956906005,43749.7591131324,963.215953258992,641438.665891986,167567.134450546,963.215953258992,167471.904384124,641803.409142404,963.215953258992,7534.45271204989,24657.3543020968,112.474623899227,110529.464267709,94440.7989275985,112.474623899227,28857.9109052139,361720.255661193,112.474623899227,43724.8956906005,43749.7591131324,963.215953258992,641438.665891986,48976.3699420332,963.215953258992,167471.904384124,641803.409142404,963.215953258992,9
56266.0319037974,-41.7805864104265,32537.3864801778,128.733368579294,32590.9984729637,128.514654956945,12175.6012412444,64.6074264638089,7130.63124471582,-122.61282424642,7130.63579695002,-122.612777417459,4003.56405461827,-80.4919420707677,2.1183089248036,-118.043488407815,4003.36469549929,99.5102476615749,1444.9815792992,-114.706191178095,0.0924153740923291,107.427433546229,1444.91828822879,65.2913382972299,11138.8438809696,-123.841335255578,1.21043316476584,104.343819538608,11138.0371400228,56.1540239982435,0.639565171317591,1.00516220976235,1.92307064606694,1.33946309279259,0.365597038444758,0.583607553274352,546488.069251785,349514.735634037,4522.61310166543,8016910.56159813,1338685.83246337,4522.61310166543,2093118.71955988,5127336.77676631,4522.61310166543,40176.2773034781,40383.675674389,894.429153693049,589380.884894583,154674.607323868,894.429153693049,153880.245219762,592423.392652327,894.429153693049,12492.3727238538,24023.7152849706,0.789871418553489,183261.521091217,92013.88100786,0.789871418553489,47847.3743000792,352424.851764096,0.789871418553489,40176.2773034781,40383.675674389,894.429153693049,589380.884894583,36424.3730289687,894.429153693049,153880.245219762,592423.392652327,894.429153693049,9
54870.289519392,-40.8179311405113,31519.0961874855,130.505715157731,31655.7784415926,129.906986548874,11837.3144321005,65.3723410081523,6937.19913850694,-121.859847435744,6937.19663593067,-121.859759075541,4265.31978820295,-83.3493328817607,2.84406974474387,62.7093119964105,4260.09395266189,96.6979875500658,1416.81372109648,-116.566269695658,0.133305910199466,162.359474684411,1416.83590353668,63.4284040262606,10837.5175532442,-122.78592040643,1.21014353358148,104.374657254687,10836.6948282833,57.2093879828282,0.643595977820495,1.00667265208219,2.1493002275565,1.29672141947201,0.363076674261696,0.852578808084492,549395.350383103,353588.637739847,4170.42927982578,8059560.00651486,1354289.39499128,4170.42927982578,2104253.97557255,5187100.40319589,4170.42927982578,39057.4410850954,39318.0578006769,872.504907650803,572967.69968428,150593.155513917,872.504907650803,149594.960389986,576790.913798606,872.504907650803,11248.4759452125,24176.351908709,1.15233864225153,165013.713346976,92598.4986645174,1.15233864225153,43083.0916394546,354664.011646599,1.15233864225153,39057.4410850954,39318.0578006769,872.504907650803,572967.69968428,36334.4296273157,872.504907650803,149594.960389986,576790.913798606,872.504907650803,9
110344.945583001,-83.9818956307389,64994.9635449652,88.7451248028153,65054.6835703944,88.6438942951067,21910.6290168699,29.6666863090192,12530.0401268537,-160.058797850735,12530.0353035156,-160.058756160579,5296.10036518825,-92.1754220579474,0.195345995013422,26.3098336898292,4728.38691781178,106.478490290528,2612.01308694108,-146.250241468988,0.124499785195631,137.528792913197,2612.03898560185,33.7471171442161,19635.1251026197,-172.830676218971,1.21039955205255,104.329111117803,19635.2758216746,7.16581937304758,1.06272430739428,0.995556295272676,1.51651696461756,4.62219668739132,0.0671680121216076,3.10567972277376,383942.445870975,408024.969867499,8353.2717975544,5632386.91297154,1562787.46148442,8353.2717975544,1470548.33564149,5985674.48106431,8353.2717975544,70575.46133205,70261.8448208957,1696.87962018292,1035333.05332214,269111.790247831,1696.87962018292,270312.981320783,1030732.33893874,1696.87962018292,15075.0342607041,22861.5451985487,572.775677754698,221148.837789925,87562.6219592722,572.775677754698,57739.2960331003,335375.964213878,572.775677754698,70575.46133205,70261.8448208957,1696.87962018292,1035333.05332214,40264.2137977475,1696.87962018292,270312.981320783,1030732.33893874,1696.87962018292,9
58819.5831567726,-43.5024198700192,34191.1121720727,126.504429313176,34367.3981433587,125.854919803972,12799.5695187973,63.1866276831661,7486.42068050983,-124.016540328284,7486.42848380899,-124.016509524014,4105.71317697565,-81.0923049396167,3.4014026982528,-119.421538921544,4109.26405011507,98.8685655549014,1495.59886365734,-110.404710124726,0.111616518053383,82.1055278364856,1495.4886274855,69.5943712853852,11691.3713773836,-125.818948746369,1.21072702070373,104.299155943215,11690.5950264379,54.1764978534051,0.634021745981492,1.00213441794074,1.97589411675291,1.44096306221629,0.368112671959251,0.534931054536621,541076.678986773,343054.380721061,5041.53994636605,7937526.15375937,1313941.85255936,5041.53994636605,2072392.40749593,5032564.19078027,5041.53994636605,42240.1740401006,42330.332225392,934.469536615845,619657.987866896,162130.549176427,934.469536615845,161785.231874965,620980.596993324,934.469536615845,12168.8158656245,24044.291676737,0.374606565118052,178514.983078837,92092.6912019164,0.374606565118052,46608.1104352176,352726.704817718,0.374606565118052,42240.1740401006,42330.332225392,934.469536615845,619657.987866896,36653.2872270151,934.469536615845,161785.231874965,620980.596993324,934.469536615845,9
67985.3204037122,-50.2010216311637,40203.9071556373,118.699059223047,40193.4558626575,118.728091447544,14956.1540159649,58.3139185893472,8706.28445882531,-128.893908362643,8706.27962825746,-128.893845783333,5224.63557285204,-90.3082732639017,5.05631020176457,55.7466916696327,4420.26324141692,97.0509012481789,1743.68933535908,-112.178414796582,0.132243865922581,171.225634484175,1743.72115276127,67.8173501224061,13576.5701408054,-132.993962742636,1.21054306771137,104.30147749555,13575.9161696308,47.0017382199505,0.624388026082528,0.999397682732167,2.08522464784998,1.69548349303796,0.375009656649639,0.389741154812018,522709.048893739,326373.271254237,6345.89674327743,7668075.35333113,1250051.08448488,6345.89674327743,2002042.05120303,4787854.43371851,6345.89674327743,49118.2566363265,49088.6718621886,1069.0443392821,720558.585906892,188015.848422374,1069.0443392821,188129.161865149,720124.581028115,1069.0443392821,11490.6221802782,23960.5285894478,336.19758458139,168565.967858237,91771.8679381015,336.19758458139,44010.5424769102,351497.910966682,336.19758458139,49118.2566363265,49088.6718621886,1069.0443392821,720558.585906892,36932.1379024966,1069.0443392821,188129.161865149,720124.581028115,1069.0443392821,9
25505.0479545246,-133.684794896033,18691.7739094484,-17.3119728941608,17786.7599400394,-11.7395725201791,39925.3238453725,-75.3954892696433,27863.5101481002,99.4481585794902,27863.5609427549,99.4481284015282,1553.16926509101,-123.55322053339,5.85449875516388,-77.5189874487185,2305.86343174889,-48.5088291118962,5420.86372781106,103.185743582116,0.64084043711994,-96.6299579219262,5420.25617232614,-76.8119594200291,94414.9313915833,-118.354438606868,1.20979561781151,104.362015800679,94414.0420002175,61.6450633520885,1.31790956554264,0.995513870867686,0.837860262384704,0.577500119412605,0.322395694674952,0.2603601429721,478517.3559895,630642.600736734,10904.6531532379,7019788.83160716,2415441.26436513,10904.6531532379,1832782.25419859,9251446.84926445,10904.6531532379,158790.692442319,158078.336891014,5455.73965622092,2329439.28870622,605460.109232556,5455.73965622092,608188.521476692,2318989.1232512,5455.73965622092,32652.1024434417,27357.8991206743,1033.554728882,479002.19541043,104784.228603042,1033.554728882,125061.699793242,401336.905129432,1033.554728882,158790.692442319,158078.336891014,5455.73965622092,2329439.28870622,61792.0766202596,5455.73965622092,608188.521476692,2318989.1232512,5455.73965622092,9
95061.7274528668,-106.432591420291,53439.7536998081,61.3518727052157,53538.2160133314,62.0054853432563,23405.4160977863,-32.4269854605718,15771.7525014097,134.900318562583,15771.7378989806,134.900335042501,5065.16993378146,-91.8831183722406,1.9505988127752,142.504044420843,5068.43795124299,88.1684425153912,2979.53925518706,148.642955365612,0.183031006278525,117.37199729777,2979.70067047173,-31.3588818053851,27015.4294290092,-145.737645513912,1.20980704459072,104.340300840092,27015.0175065536,34.2599421718254,2.08406579525804,0.991116053965377,3.36606904617796,1.20931043714587,1.09294974129267,2.1567586090321,264134.049961838,550472.738888446,8036.38130336301,3874812.96291783,2108380.51039674,8036.38130336301,1011666.96137618,8075365.15903952,8036.38130336301,90129.9194391392,89329.210098737,3373.45339757451,1322194.46996695,342142.22117815,3373.45339757451,345209.039657128,1310448.16564848,3373.45339757451,7353.84760869003,24753.5588059213,2.52014835870869,107880.010341686,94809.2743970387,2.52014835870869,28166.1704190801,363131.563512506,2.52014835870869,90129.9194391392,89329.210098737,3373.45339757451,1322194.46996695,52150.0307836093,3373.45339757451,345209.039657128,1310448.16564848,3373.45339757451,9
56862.8009487014,-41.8527667027644,32973.2535813336,128.153400833252,32816.3428525731,128.794520556487,12348.9651014443,64.1825671442374,7229.54198503145,-123.03216836613,7229.54817265984,-123.032123131459,4310.29937233586,-83.5003801608079,3.22957417693321,-118.445962383746,4311.87430566083,96.4849952596626,1574.63761561456,-112.364106212137,0.103561650623842,98.9116428220445,1574.55090020443,67.6339304034403,11298.1184508462,-124.41358022571,1.20994793786578,104.319920358971,11297.3205371384,55.5818073476465,0.635243103358623,1.00409008987764,2.17139358481108,1.37807280215654,0.368846986519016,0.793320782654539,547257.830003795,347641.762268916,4587.82103594303,8028202.85405594,1331512.1065719,4587.82103594303,2096067.00101426,5099860.49540305,4587.82103594303,40786.3924958102,40953.2125069028,906.20774451925,598331.197269921,156856.005734351,906.20774451925,156217.063902568,600778.42564335,906.20774451925,11126.7663314685,24160.5890318425,0.436101455724594,163228.248772776,92538.1248439353,0.436101455724594,42616.9283593912,354432.772245152,0.436101455724594,40786.3924958102,40953.2125069028,906.20774451925,598331.197269921,39559.8794010157,906.20774451925,156217.063902568,600778.42564335,906.20774451925,9
64950.9616851728,-48.0453462549429,38079.6275929269,121.569970539614,37953.0587710679,121.968270004214,14244.1940891012,59.9462855388774,8305.49489415351,-127.249802016992,8305.50034298639,-127.24975910114,4603.53549056311,-85.2573575383224,0.17801508341161,-122.780060153034,4249.12897339771,98.4910862178586,1807.51932834497,-113.735949230873,0.0960418683076162,103.899074284169,1807.4454424562,66.2621809144287,12966.8831022772,-130.56793299353,1.2098827014487,104.310837605635,12966.1871883417,49.4276940690754,0.62108125730917,1.00112368789442,1.99772767632563,1.56585134690213,0.380042430585254,0.431876329423502,531875.557232217,330337.939817801,5604.35282430288,7802546.8663366,1265236.26867125,5604.35282430288,2037150.94245941,4846015.61795806,5604.35282430288,46865.3922288462,46918.0543027612,1025.4999300192,687509.351205565,179702.107460264,1025.4999300192,179500.40502809,688281.897140818,1025.4999300192,11994.820800764,23962.3854862526,152.556248570971,175962.497577998,91778.9800887252,152.556248570971,45941.6872361362,351525.151406948,152.556248570971,46865.3922288462,46918.0543027612,1025.4999300192,687509.351205565,39754.4690073292,1025.4999300192,179500.40502809,688281.897140818,1025.4999300192,9
68892.3662791641,-51.1061984455601,40561.5905868683,118.496235477058,40431.6918985423,118.863128859462,15143.5945988929,57.8508569296431,8811.38580084472,-129.363201441744,8811.38411193908,-129.363143649579,4470.46067099372,-83.4229834582349,8.02768802660511,55.28329686551,4468.74785763223,96.5962966587654,1913.81455758005,-112.658452598843,0.110481721388425,155.2224499131,1913.80300321405,67.3382898562547,13744.7789963028,-133.684621221991,1.21006431640396,104.289887611487,13744.1369809751,46.3111020335906,0.620758977564163,0.999219511424578,2.19546129912921,1.7197180221153,0.378460533860415,0.475743277013907,523459.988480733,324942.487245048,6035.38361158552,7679091.5416888,1244570.99999304,6035.38361158552,2004918.24520476,4766865.01404035,6035.38361158552,49738.7611424329,49699.9406076056,1081.17865285077,729661.308195659,190357.085360018,1081.17865285077,190505.77293935,729091.815880685,1081.17865285077,11005.2637639818,24161.6306805311,1.9160838455096,161445.821540871,92542.1144907215,1.9160838455096,42151.5580927921,354448.053099104,1.9160838455096,49738.7611424329,49699.9406076056,1081.17865285077,729661.308195659,40019.5520839715,1081.17865285077,190505.77293935,729091.815880685,1081.17865285077,9
88316.9416055519,-65.6305614069182,52808.0955823658,104.208194386413,52589.5653255999,104.622913145666,19150.9067550792,47.020798665948,11021.8023234541,-140.660660309675,11021.8036889863,-140.660619354142,4076.54697843853,-69.9447577189428,3.07405911268021,-135.783708600145,4079.32755005295,109.968341101707,2661.24128516792,-134.982790890891,0.0962663702648421,120.605308966928,2661.21664584117,45.0152019276664,17111.5498488497,-150.580060261319,1.2091229801313,104.367180648657,17111.2358375514,29.416029996168,0.70731837968968,1.00045256519011,1.48477800636473,2.03073310328081,0.293134185500431,0.545955096916078,469226.317558674,331892.398643357,8017.30883543739,6883490.47796463,1271190.04341882,8017.30883543739,1797196.39687084,4868819.33148328,8017.30883543739,62045.5496354097,62073.6292913759,1339.22634663012,910200.332192618,237749.884711459,1339.22634663012,237642.336062461,910612.257178995,1339.22634663012,15701.1623034739,23312.740462561,1.23575786303914,230334.056647249,89290.7571307755,1.23575786303914,60137.4459670181,341994.941426603,1.23575786303914,62045.5496354097,62073.6292913759,1339.22634663012,910200.332192618,43500.137711178,1339.22634663012,237642.336062461,910612.257178995,1339.22634663012,9
67154.7723059369,-50.1871140894888,38955.118441741,121.197197082164,38850.3658209672,121.528600178994,14696.5344941981,58.9474498885197,8560.64349468128,-128.2575891377,8560.64513617871,-128.257530787622,5553.64371091724,-92.4939747758057,5.5411271949845,56.323087770353,5551.38913595683,87.5201069744086,2035.96244402062,-120.385131220335,0.106483192219485,132.800894330866,2035.93004007729,59.612002807877,13367.9957555837,-132.127181547615,1.2091448231845,104.346520028972,13367.327883157,47.8684979829477,0.614250166116138,1.00329654076666,3.486269696284,1.51588589170859,0.389046374650519,1.9703838045754,531467.277183387,326453.863295187,5064.86896021851,7796557.44987956,1250359.76223843,5064.86896021851,2035587.1780131,4789036.70872253,5064.86896021851,48253.7376113638,48412.8080245432,1053.83499740986,707876.201620963,185427.204076696,1053.83499740986,184817.944189266,710209.744377352,1053.83499740986,7125.26204905403,24840.5851596995,0.968571546393904,104526.689216517,95142.5963860026,0.968571546393904,27290.6586909827,364408.229068437,0.968571546393904,48253.7376113638,48412.8080245432,1053.83499740986,707876.201620963,42505.4413268012,1053.83499740986,184817.944189266,710209.744377352,1053.83499740986,9
112948.881680581,-86.9606985121332,66860.8496220105,85.0099086669877,66886.3973126823,84.965327414761,22011.2047723122,24.9536436484999,12627.3182394896,-165.504507543085,12627.3055428822,-165.50444538954,5603.1834490598,-99.1150426814746,14.4544043128471,21.2051810028176,5414.82260770031,84.4897034307901,3060.57972294081,-150.702330130842,0.229021489492005,148.365124270713,3060.68969204856,29.2939260740553,19895.2147670018,-176.487425493003,1.209401616386,104.327948203351,19895.4416781105,3.50915348510489,1.20485617995455,0.993848916253583,4.2744828206991,5.75129975749103,0.211007263700971,1.47681693679193,359513.691667911,433162.293184358,9050.70160632871,5274020.19172662,1659066.60270371,9050.70160632871,1376983.10412973,6354435.82120692,9050.70160632871,71263.4865964681,70825.1389223516,1802.51692100154,1045426.29655893,271269.278205417,1802.51692100154,272948.205475732,1038995.79185809,1802.51692100154,5856.0738027219,25031.6868664808,126.641497189432,85907.8588537475,95874.540196508,126.641497189432,22429.5064966076,367211.666833387,126.641497189432,71263.4865964681,70825.1389223516,1802.51692100154,1045426.29655893,47771.5997207413,1802.51692100154,272948.205475732,1038995.79185809,1802.51692100154,9
76343.8689108864,-57.0089996555203,44783.6396819083,113.921921139939,45175.9670230613,112.977044680962,16745.8759107006,53.9442827352617,9704.49534907768,-133.363423759151,9704.49461769952,-133.363370804187,4478.51257882006,-82.3768658439742,5.94049192686581,51.3341402540255,4477.82522562654,97.632322951368,2299.91063479831,-119.813697708663,0.10886676704256,141.821733174796,2299.89340359414,60.1836244369786,15117.5763584241,-139.713406218922,1.20950524648248,104.293613403996,15117.0462520672,40.2824732842793,0.632235737468373,0.999360654417941,2.12184066835179,1.86611433641376,0.367124916949568,0.255726331938029,504920.582578061,319228.836889201,6503.66515650987,7407120.81195196,1222686.99338843,6503.66515650987,1933909.96574217,4683046.48906178,6503.66515650987,54745.3370966818,54710.3359072707,1180.76641675206,803107.141514609,209547.535772746,1180.76641675206,209681.594774004,802593.678511761,1180.76641675206,11342.7266081247,24067.458607115,1.64879580113912,166396.358600281,92181.4234879027,1.64879580113912,43444.0836500262,353066.560743725,1.64879580113912,54745.3370966818,54710.3359072707,1180.76641675206,803107.141514609,43200.5454258296,1180.76641675206,209681.594774004,802593.678511761,1180.76641675206,9
98181.4017574806,-73.3157093258924,58727.7118349764,97.1996419856048,59180.3107149193,96.4584164859748,20709.3231256747,40.4403890754966,11859.5327631292,-147.837672116803,11859.5266677549,-147.83762619749,5016.4927428211,-87.4359637231185,3.72396482863071,37.5359306558672,5011.20994581,92.6505139260592,2879.7188556886,-129.726408803995,0.135452072499788,153.877412014872,2879.75227388996,50.2709648298061,18422.0322170999,-160.14789838753,1.20976564807015,104.259574655031,18421.9144352813,19.8483569127712,0.837265766139874,0.995320321397588,2.65254997554774,3.22669871363963,0.158054555257714,0.574148738091895,429927.938832354,359963.945091408,9053.24053698918,6306988.25368722,1378707.63193243,9053.24053698918,1646678.61471133,5280625.35225862,9053.24053698918,66867.8716772926,66554.9515290156,1472.60755371498,980943.184020893,254913.918094339,1472.60755371498,256112.44200902,976352.685192449,1472.60755371498,9196.86536703507,24395.1450044447,1.83502263496374,134916.846758478,93436.5040120485,1.83502263496374,35225.1625316708,357873.678570179,1.83502263496374,66867.8716772926,66554.9515290156,1472.60755371498,980943.184020893,45401.6940819689,1472.60755371498,256112.44200902,976352.685192449,1472.60755371498,9
67481.0016787067,-49.8876399792025,39817.1920168912,119.260801995215,39699.1942775719,119.600673787583,14826.859779062,58.6565429502056,8634.02812489194,-128.552656427389,8634.03755744485,-128.552629803709,5733.69184298044,-93.613068381254,5.94718028735551,-123.990826339587,5954.79288856722,85.147672288435,2214.63856245715,-123.258872447739,0.12767527250292,73.936372951703,2214.51295641667,56.7401521969137,13487.614429874,-132.599079406646,1.20870740043286,104.352100947046,13486.9551233324,47.3966165090632,0.621906939105139,1.00456070421188,3.78985326223725,1.4855531170409,0.382653765106741,2.30430014519635,524289.504198069,326059.280760772,6110.02040871102,7691260.43189793,1248848.46101217,6110.02040871102,2008095.39576634,4783248.23306211,6110.02040871102,48651.9584536962,48873.8456455321,1062.26597679012,713718.050796398,187193.036725585,1062.26597679012,186343.180596982,716973.107716759,1062.26597679012,6623.71117528371,25102.8934057663,82.908265685254,97169.0016047576,96147.2702865492,82.908265685254,25369.655137991,368256.257720127,82.908265685254,48651.9584536962,48873.8456455321,1062.26597679012,713718.050796398,45371.3509251033,1062.26597679012,186343.180596982,716973.107716759,1062.26597679012,9
100874.277334617,-75.4710471706782,60404.2973987242,95.0732819123504,60424.018794306,95.0411367213449,21052.0835042381,38.3736084332152,12043.0395495833,-150.152672399676,12043.0377430078,-150.152624281681,6226.86017409268,-101.883534174711,2.61417390738572,-144.707652578508,6233.2565306586,78.0620104733902,3130.22605005072,-140.907074443725,0.124604931891649,131.447257732624,3130.22531222436,39.0906538155024,18737.8570973558,-163.05828567571,1.2086932682211,104.342096627262,18737.8020409986,16.9380222289139,0.879545005576314,0.997341259087305,5.60086183975431,2.92065927231878,0.117796253510991,2.68020256743553,420733.707227282,370054.230869363,9056.9605065803,6172110.0438822,1417354.70811922,9056.9605065803,1611463.53982251,5428648.56296399,9056.9605065803,67867.549381937,67687.1071517509,1515.20047158336,995608.328970041,259250.217934603,1515.20047158336,259941.334595793,992961.264372789,1515.20047158336,4607.60676461464,25806.568900524,2.03404472365378,67593.0059836516,98842.4368115741,2.03404472365378,17647.7191617192,378579.087848119,2.03404472365378,67867.549381937,67687.1071517509,1515.20047158336,995608.328970041,48353.6569940304,1515.20047158336,259941.334595793,992961.264372789,1515.20047158336,9
76295.4612705878,-57.0393350784521,44942.5825820839,113.46265715389,45081.1186616013,113.131829678255,16726.1479000684,53.9943410195128,9693.58089241557,-133.313450033957,9693.59006115549,-133.313421622108,4920.57086045012,-87.5343056894409,3.83262982282558,-128.643628780688,4927.08436853584,92.3996342770494,2472.30513699687,-122.642631345789,0.125123206173521,74.3804209398473,2472.18445159931,57.3565222397996,15108.9591528417,-139.668036483316,1.20883008577535,104.309815566327,15108.4288063549,40.327843994393,0.633289721853075,1.00052604661005,2.67948962974884,1.78635636798653,0.367236324756978,0.893133261762312,504706.931551498,319625.712299567,6575.12541458733,7403986.57853,1224207.07662082,6575.12541458733,1933091.6551727,4688868.60092116,6575.12541458733,54678.8334191236,54707.5970340854,1180.06673981621,802131.541012055,209537.045540558,1180.06673981621,209426.877241731,802553.499590021,1180.06673981621,9100.09945316541,24383.6221144399,1.60254377734574,133497.303093112,93392.3698797048,1.60254377734574,34854.5367904479,357704.639237433,1.60254377734574,54678.8334191236,54707.5970340854,1180.06673981621,802131.541012055,46052.8530573373,1180.06673981621,209426.877241731,802553.499590021,1180.06673981621,9
62428.6722995177,-45.7325187108774,36654.6071806599,123.168355553639,36829.4684156388,122.600555437713,13698.7743836784,61.1277257291146,7997.00987701754,-126.067009420641,7997.00824863077,-126.066933342922,5217.23048086406,-90.2889174151932,6.68987236281258,58.5513741069258,5214.93983171976,89.7262946132082,2003.9890457433,-112.526454096594,0.130475870487062,155.061390805171,2003.98537073784,67.4698106431912,12502.2630646415,-128.800815463211,1.20885812766667,104.292717680422,12501.5372569163,51.1947544064418,0.627603481865605,1.0017462368096,3.0927393898996,1.51717472959546,0.374142754943995,1.57556466030414,532697.217142644,334322.628258842,5847.814468116,7814600.51285621,1280498.13153127,5847.814468116,2040298.0042827,4904470.4912573,5847.814468116,45186.6591090615,45265.5657165006,992.647659899683,662882.549569194,173372.866277567,992.647659899683,173070.643948443,664040.099477694,992.647659899683,7962.84590081368,24627.007173147,1.33771064138852,116813.937932833,94324.5655690612,1.33771064138852,30498.7112322203,361275.067134159,1.33771064138852,45186.6591090615,45265.5657165006,992.647659899683,662882.549569194,45788.9233036506,992.647659899683,173070.643948443,664040.099477694,992.647659899683,9
86825.3745763573,-64.637429953685,51757.0868070345,105.400655691086,51832.2372346044,105.255299827039,18879.4607496188,47.8029188346536,10874.19674948,-139.815165518738,10874.196282586,-139.815117725824,5208.19842515768,-90.3306449542127,6.64213326767428,45.1195479396788,4894.98200020029,93.4015689551808,2788.29029090861,-122.73628694423,0.109904686142152,137.355420901816,2788.26529412805,57.2615152550794,16897.6916848314,-149.213003403811,1.20915121672837,104.271653700104,16897.3477059406,30.783065739555,0.69526632126025,0.996557814685965,2.51224172225575,2.43298862009053,0.301291493425715,0.0792531021652221,473220.074936623,329013.980647686,7908.30635686395,6942078.39141639,1260165.33688185,7908.30635686395,1812492.99491115,4826593.30510035,7908.30635686395,61373.3345537334,61162.0761628591,1320.60758403872,900339.022328462,234258.520444744,1320.60758403872,235067.666915605,897239.88856815,1320.60758403872,9646.93515914053,24235.4329986887,149.165229523216,141519.313441285,92824.7867435562,149.165229523216,36948.9870028146,355530.723732185,149.165229523216,61373.3345537334,61162.0761628591,1320.60758403872,900339.022328462,47321.8834843922,1320.60758403872,235067.666915605,897239.88856815,1320.60758403872,9
103854.110184422,-78.0355994450634,61846.4888078736,93.2282322981355,62149.8173245434,92.7370449192766,21373.0057876296,35.9051129895139,12216.85873044,-152.937769605199,12216.8630645917,-152.937747653776,6914.37841809942,-108.18049323636,3.92426624118027,-147.303987370336,6620.1398380349,73.922562093243,3386.88556145677,-146.366631267052,0.0771627212364942,74.2766842988143,3386.82343440521,33.6325194641952,19054.6701450281,-166.222863967463,1.20807040865734,104.355695645833,19054.6822150603,13.7735036546348,0.933284305500238,0.997400479588222,5.03869760022193,3.15116594965335,0.064116174087984,1.88753165056858,407815.150166727,380607.479195829,9004.82977394945,5982596.45270505,1457774.98967181,9004.82977394945,1561983.82537939,5583463.37545102,9004.82977394945,68869.4470505648,68690.4195172089,1565.50246032638,1010306.04050885,263093.031733962,1565.50246032638,263778.729926599,1007679.7293344,1565.50246032638,5199.53128139312,26198.8657898344,129.64781680319,76276.4634591778,100344.983726761,129.64781680319,19914.8652465949,384334.033385175,129.64781680319,68869.4470505648,68690.4195172089,1565.50246032638,1010306.04050885,51947.5410117118,1565.50246032638,263778.729926599,1007679.7293344,1565.50246032638,9
46429.8611311533,-34.3553660871124,26841.0203409681,134.934342134705,26700.2265712438,135.696504122012,9869.92554313012,69.5687981766042,5804.62919083408,-117.76001410507,5804.63420972877,-117.759929754374,4264.37928867673,-84.6583421458821,2.87271967708348,-113.1239793305,4269.45214247017,95.3047595127993,1561.52080831423,-109.731281435177,0.118746129495329,122.603593663565,1561.44689202188,70.2652723178243,9084.92713892814,-116.986155561436,1.20809648998772,104.332642409901,9084.01977118125,63.0088134497262,0.678246468632154,1.01069420834586,2.24931446692337,1.22517802563043,0.332447739713703,1.02413644129295,555179.924882304,376548.823506888,3865.38748405247,8144418.97966772,1442229.82285709,3865.38748405247,2126409.63065491,5523923.41202032,3865.38748405247,32783.5439404504,33134.1379896652,745.118914962156,480930.42547599,126907.957162913,745.118914962156,125565.137422342,486073.595645893,745.118914962156,10765.7750105805,24215.6134789408,0.965523377228852,157932.551948077,92748.8754654677,0.965523377228852,41234.2857476617,355239.973894938,0.965523377228852,32783.5439404504,33134.1379896652,745.118914962156,480930.42547599,48722.4422263317,745.118914962156,125565.137422342,486073.595645893,745.118914962156,9
68232.7677658705,-50.9352746883889,39901.9476065087,119.531766028781,39934.3115634013,119.437100969386,14961.0196223995,58.2619089516507,8708.98681331698,-128.950235731607,8708.98648680637,-128.950164946209,5060.37798412742,-89.0993846244184,2.70570576722262,-124.35640573436,4152.49370940816,100.342602884751,2354.26072063915,-118.36495065814,0.130323697847535,141.894142272825,2354.23834377507,61.6319241855429,13609.757778361,-133.116070437812,1.20836078922171,104.298682292385,13609.1070333987,46.8796430260299,0.619261115431439,1.00212836805062,1.83837853260872,1.5880296731382,0.382867252619177,0.250348859470519,524805.293763056,324991.511600034,5694.33332267196,7698826.99930125,1244758.76949965,5694.33332267196,2010070.93531528,4767584.19510097,5694.33332267196,49174.1624028261,49278.823119,1071.42477250685,721378.71640035,188744.151888769,1071.42477250685,188343.288051932,722914.07581273,1071.42477250685,12883.8725814295,23685.4347705662,394.407294152703,189004.774273962,90718.2236696646,394.407294152703,49346.8684824841,347462.319585809,394.407294152703,49174.1624028261,49278.823119,1071.42477250685,721378.71640035,48752.521334864,1071.42477250685,188343.288051932,722914.07581273,1071.42477250685,9
83164.8807634699,-61.8951139594785,49444.9222772344,108.094436165766,49752.763044455,107.465725424785,18184.7734560688,49.9435388460201,10495.7737545268,-137.543689291408,10495.7745358285,-137.543637953827,5431.84564732111,-92.4432127209446,9.25054045588044,47.2812750056386,5747.0188508437,84.943538928728,2864.47639288126,-123.789418069446,0.11360645478431,129.554565363269,2864.44167781868,56.2084116444302,16333.1079394328,-145.926483833743,1.20844456535569,104.281792663662,16332.6986952182,34.0695273081557,0.67078842402978,0.998115493726815,4.06752139737431,2.12391129323223,0.327327069697034,1.94361010414208,482658.114656959,323761.476075926,7683.10234533913,7080533.23530407,1240047.57720454,7683.10234533913,1848641.88584966,4749539.7302001,7683.10234533913,59250.1909809671,59138.5336243761,1274.00956341774,869192.775795389,226508.095494161,1274.00956341774,226935.757352502,867554.776556796,1274.00956341774,6190.91629326882,25181.6844922242,138.180998287443,90819.9556587386,96449.0501556417,138.180998287443,23711.9957667345,369412.112950505,138.180998287443,59250.1909809671,59138.5336243761,1274.00956341774,869192.775795389,49849.082402166,1274.00956341774,226935.757352502,867554.776556796,1274.00956341774,9
59504.1373905027,-44.6669373810934,34253.2601176233,126.942008969496,34344.3436707958,126.591050255956,12928.5150997166,62.7786186079505,7559.49492924439,-124.422006982626,7559.4942448871,-124.421929229751,5582.95368871511,-92.4274686377401,0.703589882320262,-119.871237484094,5292.55597776313,89.2111102783143,1999.87367818036,-107.517327362922,0.124357692457668,149.832348499739,1999.85015573199,72.4791731827154,11826.9812845531,-126.337215703023,1.20873444715478,104.245437597898,11826.2139980155,53.6582602246124,0.628733236854133,1.00083300348188,3.1425484142717,1.48931463144156,0.372099766627743,1.65323378283014,543506.835831825,341720.812144892,4445.53339787513,7973176.24600038,1308834.11552418,4445.53339787513,2081700.21688838,5013000.90915631,4445.53339787513,42797.8440945905,42833.4948477381,944.930163082306,627838.936731613,164057.725931186,944.930163082306,163921.179018311,628361.928751968,944.930163082306,7824.90964384272,24590.1573930773,110.030285670869,114790.430563583,94183.4262307746,110.030285670869,29970.3978475068,360734.485541155,110.030285670869,42797.8440945905,42833.4948477381,944.930163082306,627838.936731613,48962.797736711,944.930163082306,163921.179018311,628361.928751968,944.930163082306,9
93966.4873909486,-70.3543314873761,58197.9743671331,98.4214823801165,58186.981755549,98.4393975789611,20046.8803405152,42.9425977243948,11822.0484594088,-146.280863360828,11822.0495861644,-146.280833678092,4539.08783280409,-78.0736317616996,7.55628421200072,-140.477613357065,4541.0306990217,101.879504873871,2453.79023020523,-140.257226494934,0.0766554612284457,110.158254851296,2453.76953000088,39.7410866952419,17982.4305549767,-157.363638139663,1.21025242298027,104.36105002484,17982.2566355892,22.6325458566924,0.805933214806953,0.999256286894517,1.85278715201236,2.41474813482102,0.193323072087565,0.561960982808661,438953.765066451,353767.419031621,10166.8377703513,6439395.9780907,1354974.15004738,10166.8377703513,1681248.67563864,5189723.1020376,10166.8377703513,66711.2059861851,66661.5919880106,1683.46076077906,978644.918231852,255322.364597647,1683.46076077906,255512.392512571,977917.087180549,1683.46076077906,12805.3848259144,23725.6524820283,1.12177635012235,187853.368869986,90872.2626129749,1.12177635012235,49046.2504094311,348052.308304548,1.12177635012235,66711.2059861851,66661.5919880106,1683.46076077906,978644.918231852,38061.9162401831,1683.46076077906,255512.392512571,977917.087180549,1683.46076077906,10
73059.5691845521,-54.2198907698925,44291.5839468879,114.65742092925299,44372.7366747646,114.459596295227,16076.5352484134,55.5930085107042,9608.34480418283,-132.731990521163,9608.34714101669,-132.7319467566,6041.19017239109,-95.8213514292055,6.5696559743226,52.4977470102863,6685.79541377615,80.8278200225183,1968.28262273312,-124.776099210877,0.0924952583820655,120.602107987323,1968.24825612908,55.2214472815802,14666.4311888659,-137.931020414776,1.21025864750549,104.354467194622,14665.8685736761,42.0647938508881,0.62588000050434,1.00145803580965,3.59225705976365,1.69436524921323,0.375578035305313,1.89789181055041,509405.554701449,318826.748833457,7442.22641431555,7472914.78332574,1221146.94506214,7442.22641431555,1951087.97865107,4677147.9083568,7442.22641431555,54275.7326692338,54354.8686310607,1358.2164902835,796218.104212595,208186.050953792,1358.2164902835,207882.95016823,797379.018720831,1358.2164902835,7193.65902211531,25841.4724077262,250.209017617258,105530.064123616,98976.1216775644,250.209017617258,27552.6277855173,379091.11786537,250.209017617258,54275.7326692338,54354.8686310607,1358.2164902835,796218.104212595,36695.8012601094,1358.2164902835,207882.95016823,797379.018720831,1358.2164902835,10
108005.650627895,-82.6814566497598,66352.4890218879,87.6750108507855,66079.4883776695,88.1068294276908,21588.292747033,30.5832798809025,12694.1883780824,-160.431832404494,12694.1952360601,-160.431824576527,6169.49197055967,-104.341749667982,3.68723377783142,-153.426603535711,5548.65251791365,83.7387982603457,2654.60826445472,-143.243097423045,0.0909642943779827,33.3216431411043,2654.52005875975,36.7570101611766,19509.514021256,-172.333187256226,1.21052015645394,104.297234218878,19509.6539542878,7.6632814764141,1.09785446148528,0.994899732385269,4.3147383653997,4.61054409895625,0.102954729100008,0.295805733556553,379070.091289976,416163.790938331,10501.6331668438,5560910.09014951,1593960.17996999,10501.6331668438,1451886.59871504,6105069.95238914,10501.6331668438,71759.6025289511,71393.6093521267,1971.4380257828,1052704.25427234,273446.592157957,1971.4380257828,274848.392513253,1047335.18085639,1971.4380257828,5763.89785175688,24869.7111952203,345.257186145343,84555.6493611807,95254.152801605,345.257186145343,22076.4608963216,364835.50430997,345.257186145343,71759.6025289511,71393.6093521267,1971.4380257828,1052704.25427234,40490.9876926906,1971.4380257828,274848.392513253,1047335.18085639,1971.4380257828,10
88473.8549836056,-66.1385791045521,54773.2552383803,102.255028819887,54779.5104605381,102.244128501981,19143.861616552,46.5844692750732,11326.5441112909,-142.269454386722,11326.5466472911,-142.269425959512,4711.63740589296,-83.1061864127641,7.30660195019006,-136.672683567541,5277.23859573506,89.2436483670217,2339.21871755892,-131.020207729434,0.075604953552314,102.117519044371,2339.17069529521,48.9783170905399,17228.6709820506,-151.867764292975,1.21042618386707,104.326335397142,17228.3820490857,28.1283265353438,0.737883627841635,0.998544995339754,3.29019382650427,2.32818123015705,0.260661367498119,0.962012596347219,458472.722399297,338299.515670424,9721.41470088859,6725736.60288664,1295730.11545758,9721.41470088859,1756008.76150036,4962810.92444527,9721.41470088859,63967.874292883,63874.8007376808,1596.69942554809,938400.590746146,244648.600133663,1596.69942554809,245005.08367219,937035.213513433,1596.69942554809,7560.06823213782,24874.0898253309,288.639732647966,110905.240693743,95270.9235110975,288.639732647966,28956.0216008064,364899.738257524,288.639732647966,63967.874292883,63874.8007376808,1596.69942554809,938400.590746146,37824.0740578556,1596.69942554809,245005.08367219,937035.213513433,1596.69942554809,10
58812.9386981633,-43.3509949307644,35404.8043744455,124.519759685208,35314.2211547224,124.827711225726,12808.1818539536,63.1762481512231,7721.63797807908,-125.074101798457,7721.63784202259,-125.074050035317,4781.67447126825,-87.0860309224741,3.07696809662291,60.1613373922146,4502.93862104603,95.2275563970357,1534.15851607603,-108.202001711874,0.0842597900363607,147.782376102447,1534.13980830898,71.794932039188,11813.4682101334,-126.459315044587,1.21066917504515,104.290975293604,11812.7023373493,53.5361375688492,0.629382446239258,1.00041472600763,2.28714521153285,1.51671081985403,0.371032279768375,0.770434391678812,538390.915056848,338853.791151472,6043.66002193691,7898126.33805021,1297853.06095347,6043.66002193691,2062105.59050148,4970942.07534875,6043.66002193691,43753.938886701,43772.0847830937,1117.17943643255,641864.725889744,167652.64460228,1117.17943643255,167583.143514224,642130.923884952,1117.17943643255,10582.2412036989,24203.1222963256,110.925036903725,155240.134313391,92701.0326494347,110.925036903725,40531.3279550389,355056.729832588,110.925036903725,43753.938886701,43772.0847830937,1117.17943643255,641864.725889744,36805.5417050599,1117.17943643255,167583.143514224,642130.923884952,1117.17943643255,10
103624.067429191,-78.6343613632487,63567.9328129538,91.8088073906086,63723.026950211,91.5661513471394,21217.1856478069,35.3918736138696,12467.0317019837,-154.847640895497,12467.034165111,-154.847620185395,5344.56187694686,-92.2297054118611,4.72975302339461,31.6068453011209,5344.00549836802,87.7791922080041,2808.53391979179,-148.118295504821,0.0611727581823948,87.7962208332256,2808.49894560495,31.8806709861113,19069.6157084871,-167.35501286893,1.20968698987331,104.370584209255,19069.6521416151,12.6413542107149,0.972737427285405,0.997538482155923,3.48772118068651,3.34970765368082,0.0248010548705185,0.138013527005683,400708.306083005,389783.966751075,10254.6551824881,5878339.95270053,1492922.10259596,10254.6551824881,1534763.70983506,5718081.28229892,10254.6551824881,70419.7480987326,70246.4086322122,1857.1562503836,1033048.7599679,269052.667684485,1857.1562503836,269716.57985865,1030505.89201144,1857.1562503836,7118.09136466648,24825.918018609,1.24352800300149,104421.496187364,95086.4193726216,1.24352800300149,27263.1940589658,364193.063971645,1.24352800300149,70419.7480987326,70246.4086322122,1857.1562503836,1033048.7599679,42595.8827236303,1857.1562503836,269716.57985865,1030505.89201144,1857.1562503836,10
80449.4822275377,-59.9385653117014,49626.7013141107,107.988435911299,49263.6846558641,108.720199408988,17634.6102228872,51.3972287767051,10487.9458709844,-137.109081713062,10487.9487228683,-137.109044529952,4630.7739839676,-83.2384009214647,4.19851969856654,-131.758865950736,4632.43358219375,96.7383846902768,2338.479694319,-128.977186622328,0.0889972423289987,110.487738428898,2338.43508784492,51.0209344725129,15985.632433317,-144.4485247102,1.20975437109127,104.346886802781,15985.1949343893,35.5474327418882,0.664700212366666,1.00041152808148,2.21111387513305,1.9056304337739,0.335711315714815,0.305483441359154,486680.408415334,323496.570828368,8694.36565287873,7139539.77383202,1239032.95645841,8694.36565287873,1864047.78185166,4745653.6038664,8694.36565287873,59253.0902936423,59277.4746042127,1475.16582064204,869235.308344067,227040.257095069,1475.16582064204,226946.862088316,869593.023082865,1475.16582064204,10896.032365255,24092.3683467142,0.564454939303457,159843.410796004,92276.8309545759,0.564454939303457,41733.1879612139,353431.983459637,0.564454939303457,59253.0902936423,59277.4746042127,1475.16582064204,869235.308344067,40139.2514488527,1475.16582064204,226946.862088316,869593.023082865,1475.16582064204,10
102129.5634505,-77.1739465921288,63052.3062581486,92.4366995382805,63033.9236601877,92.4650735475924,21096.0912530146,36.5146951439768,12398.2352228835,-153.546448989302,12398.2285810227,-153.546404958723,6597.82767055111,-105.601826258849,5.01898342311784,32.8672019901506,6198.86441788165,77.7544010679268,2805.67614303291,-137.725143130507,0.138626973344431,149.881537547644,2805.72374779767,42.2721393716856,18947.2045489512,-165.930369122514,1.21003671654348,104.291588140062,18947.2095429888,14.0659717910561,0.949970170103743,0.995593282623735,5.87727461814509,3.61499259767811,0.0456231125199922,2.26228202046698,406087.597129384,385771.103722022,10570.6247737382,5957253.46907917,1477552.32748515,10570.6247737382,1555367.07781445,5659213.09137225,10570.6247737382,70086.7573764593,69777.9048448824,1830.08028503583,1028163.82836828,267258.238670166,1830.08028503583,268441.183096221,1023633.00096016,1830.08028503583,4377.39932505639,25727.1779466394,180.739247410558,64215.892086033,98538.3593740427,180.739247410558,16765.9954275103,377414.432638786,180.739247410558,70086.7573764593,69777.9048448824,1830.08028503583,1028163.82836828,42824.6096953601,1830.08028503583,268441.183096221,1023633.00096016,1830.08028503583,10
71434.3431304009,-53.5782717384447,42851.6090777162,116.571244015509,42836.3616883001,116.611288433539,15654.3562124622,56.5944967372404,9367.112362497,-131.702498730882,9367.1146411212,-131.702456244534,4979.78995528299,-88.0558182260545,7.70676396460584,53.5291642505066,4479.80191666279,97.2155412417621,2065.69223892476,-121.078150196942,0.0876816428764985,121.310939764564,2065.6549709441,58.9196858972338,14312.6971470988,-136.353777834022,1.20983474452145,104.327426754312,14312.104927268,43.6419992136405,0.616834399073794,1.00087829823882,2.11134416608853,1.70957886508611,0.384043899165024,0.401765301002417,517187.316575536,319018.927628459,6581.89528382855,7587072.24158759,1221883.01425734,6581.89528382855,1980893.11505983,4679967.14686914,6581.89528382855,52977.2257740487,53023.7555781435,1328.0857722498,777169.172995176,203087.718884574,1328.0857722498,202909.503824725,777851.759311081,1328.0857722498,11361.4308942361,23987.8908369634,218.208588249969,166670.748101737,91876.6688216096,218.208588249969,43515.7234416311,351899.311662213,218.208588249969,52977.2257740487,53023.7555781435,1328.0857722498,777169.172995176,39825.4590342596,1328.0857722498,202909.503824725,777851.759311081,1328.0857722498,10
74088.4036808414,-55.4713847823443,44702.7202366406,114.229478918006,44768.1712251361,114.070622183166,16260.3092628452,55.0300797193098,9711.83748418175,-133.310706275974,9711.8368736586,-133.310659553918,4447.19714847785,-81.948041900214,4.23453241479167,51.999686999555,4650.17753197838,95.5138974331112,2127.90543062542,-116.597836367602,0.0960896291043623,140.631871614455,2127.88152075973,63.3996548274882,14828.3217343661,-138.691028271526,1.21026606298734,104.274263858041,14827.7715430185,41.3048061594191,0.625460844536271,0.998273876000916,2.33584041778809,1.95204029794761,0.372813031464645,0.383800119840475,508879.765549399,318284.367927947,7157.91701291045,7465201.52325034,1219069.5573014,7157.91701291045,1949074.13941355,4669191.24936562,7157.91701291045,54982.6085713664,54887.7017711791,1372.76252166789,806587.883910265,210226.869560337,1372.76252166789,210590.374660013,805195.613206477,1372.76252166789,10389.4918476052,24268.194977916,96.7323982668523,152412.525742311,92950.2692853878,96.7323982668523,39793.0734383844,356011.337806057,96.7323982668523,54982.6085713664,54887.7017711791,1372.76252166789,806587.883910265,40319.2660792082,1372.76252166789,210590.374660013,805195.613206477,1372.76252166789,10
55483.5299064731,-40.7281741523598,33138.6608836191,127.668240492478,33013.3561165491,128.155561926273,12013.237913879,65.0278472485792,7256.50613166805,-123.246557056018,7256.50311148635,-123.246465780825,4230.43351346784,-82.6657885794229,7.42156440609782,-118.089309632442,4672.14585080299,93.5670526886162,1730.61489300525,-117.958405375992,0.144690620027923,161.754977573513,1730.63295772131,62.0368735181922,11117.1536884002,-123.923296742583,1.2091168695908,104.364654359804,11116.3488925013,56.0720510662452,0.635718656090835,1.00686382923517,2.54764319010393,1.33129810920337,0.371145173144332,1.21634508090057,544872.479652783,346385.600505748,5410.34100684515,7993210.06739122,1326700.84746265,5410.34100684515,2086930.80618526,5081432.76189368,5410.34100684515,41034.455988683,41316.1094873473,1057.13842588342,601970.257201607,158245.947264236,1057.13842588342,157167.178589028,606102.078251688,1057.13842588342,9575.36944204939,24394.6247517664,174.07436294046,140469.453461758,93434.5113782087,174.07436294046,36674.8812161553,357866.04652947,174.07436294046,41034.455988683,41316.1094873473,1057.13842588342,601970.257201607,42334.3521334426,1057.13842588342,157167.178589028,606102.078251688,1057.13842588342,10
83531.9580518878,-62.651414215318,50865.9502449521,107.065265913159,51017.7620745785,106.764669604873,18192.2320001674,49.7056617766988,10798.9733064576,-138.905605765232,10798.9713497714,-138.905548136956,5857.3665221153,-95.7707419882072,3.43229057094863,46.5260173886039,5560.45897616108,86.6343699849348,2597.71331852069,-130.670687482975,0.133750353377518,142.370174288798,2597.72848548817,49.3263579245842,16456.85653362,-147.080540970906,1.20919501540158,104.345579849405,16456.4717892856,32.9154683108551,0.675338097134558,0.99998313185647,3.64735598793153,2.00477360918379,0.324645034721912,1.64258237874775,479689.101592664,323952.325085775,8352.0132700908,7036978.1907717,1240778.55315369,8352.0132700908,1837270.18869257,4752339.46093315,8352.0132700908,61034.2645995606,61033.2350648251,1519.3167459583,895364.909169048,233765.042674016,1519.3167459583,233768.985922824,895349.806025248,1519.3167459583,6808.0835297933,24831.5042287297,126.019816811158,99873.7206266356,95107.8152669381,126.019816811158,26075.8246745405,364275.01296456,126.019816811158,61034.2645995606,61033.2350648251,1519.3167459583,895364.909169048,43427.1378438627,1519.3167459583,233768.985922824,895349.806025248,1519.3167459583,10
99993.9395669344,-75.5196464188674,61797.2242191191,93.9726347797818,61855.7360534774,93.8821480104084,20832.1161655807,38.4314108371079,12250.9649339372,-151.353489335417,12250.9636779772,-151.35345402318,4713.0198545162,-80.1595217842182,4.69852297035191,34.8845291758081,4712.61362570312,99.8510375358869,2981.15613535144,-135.921561446155,0.0925157159005587,127.132842335061,2981.14310033739,44.0766792616438,18701.9611779949,-163.499759124137,1.20952836212394,104.288205290814,18701.9144448461,16.4965380875988,0.90864386152117,0.995649419650869,1.98473508399408,3.34553111442311,0.0870055581296988,1.36079603042903,414436.95873649,376575.598543414,10485.1789984167,6079737.5433285,1442332.37464793,10485.1789984167,1587346.19329657,5524316.19840524,10485.1789984167,69288.5600776034,68987.1146297101,1785.78015767799,1016454.37538022,264229.411700735,1785.78015767799,265383.986055442,1012032.2089489,1785.78015767799,12023.9244043191,23864.3046125448,1.24655694722737,176389.443745443,91403.3178842973,1.24655694722737,46053.1577344605,350086.317447781,1.24655694722737,69288.5600776034,68987.1146297101,1785.78015767799,1016454.37538022,45740.8326177705,1785.78015767799,265383.986055442,1012032.2089489,1785.78015767799,10
105716.897567551,-80.5171688013144,64873.2213247544,89.8868893573391,64819.5410474097,89.9714944764641,21413.7896486609,33.0498754590195,12582.6767656422,-157.555120514983,12582.6684953589,-157.555064475896,5791.26611043182,-99.0934513205086,0.503579033816914,-150.912828287613,5786.88158085597,80.9615986642658,3061.77865582642,-144.212553077049,0.177658070432367,145.253521932576,3061.84231751292,35.7843028080141,19307.2387255519,-169.907393759418,1.20934259811711,104.308158584691,19307.3278703951,10.08902714526,1.02678774109805,0.995337585028986,5.59238886066547,3.99595976885058,0.0314501560690625,1.59642909181489,390917.606495631,401389.406129105,10363.1078033309,5734711.63335786,1537372.40952422,10363.1078033309,1497264.08681131,5888331.60386422,10363.1078033309,71174.603623797,70842.7580863054,1911.58385891123,1044122.39463966,271336.761841327,1911.58385891123,272607.772400582,1039254.2627553199,1911.58385891123,4551.83922918079,25455.6550008107,2.52869123824626,66774.9033223693,97498.392002967,2.52869123824626,17434.1224174753,373431.225512031,2.52869123824626,71174.603623797,70842.7580863054,1911.58385891123,1044122.39463966,46560.3503704066,1911.58385891123,272607.772400582,1039254.2627553199,1911.58385891123,10
69142.624698743,-51.3795363895104,42061.3465315466,116.674160039594,42114.8202850118,116.536999049702,15205.4967012326,57.6044339336096,9109.39068449417,-130.669506669042,9109.38967836228,-130.669450569068,5663.06405024479,-93.2998986647638,1.48300659949975,54.6247104587323,5454.98875147102,88.0822877816155,2136.82750846801,-113.976118486053,0.108706733407531,147.550358911619,2136.8106294993,66.0210031868353,13931.1625223955,-134.727499673528,1.2096718213968,104.271623221777,13930.5394765375,45.2682356718821,0.624555137472611,0.998781056817454,3.35028337436377,1.79160493205863,0.374225919344843,1.55867844230514,515897.004235129,322206.124401779,7374.34792386859,7568143.52344789,1234090.38273346,7374.34792386859,1975951.05490198,4726722.91869945,7374.34792386859,51627.9107160799,51564.9792262834,1296.13739133474,757374.892483317,197500.42016475,1296.13739133474,197741.45576416,756451.695521493,1296.13739133474,7381.46615058271,24730.0033227261,82.0163541655215,108285.170843174,94719.053904409,82.0163541655215,28271.9529426064,362786.007566025,82.0163541655215,51627.9107160799,51564.9792262834,1296.13739133474,757374.892483317,43171.6071519831,1296.13739133474,197741.45576416,756451.695521493,1296.13739133474,10
90003.7385712707,-67.5828785361214,55362.2423886152,101.687361294271,55339.6507707176,101.726802484669,19368.3531968842,45.666911357551,11449.0816371368,-143.273919931037,11449.0849041968,-143.273883969569,5426.2751085268,-92.4866762266008,3.1183345676261,-137.654650416858,5424.9639392025,87.5272518799862,2966.13635299752,-137.449657073127,0.0948584202264025,102.962709331889,2966.0883127033,42.548749572819,17438.3896760774,-153.323150418956,1.20859527664136,104.362197529311,17438.1318905061,26.6729699166543,0.744630237448718,0.999785476327335,3.52292427241094,2.19052417805795,0.255155238878617,1.33240009435299,455649.060861909,339290.068382889,9351.3692671434,6684313.8467916,1299524.05816526,9351.3692671434,1745193.77915372,4977342.20691818,9351.3692671434,64699.8939015575,64686.0142426967,1619.44003834082,949139.225425059,247755.650897338,1619.44003834082,247808.811753755,948935.61259255,1619.44003834082,7038.86668041319,24797.3942786923,1.65936574938495,103259.280132402,94977.1698256858,1.65936574938495,26959.7534552417,363774.624330121,1.65936574938495,64699.8939015575,64686.0142426967,1619.44003834082,949139.225425059,46994.23051942,1619.44003834082,247808.811753755,948935.61259255,1619.44003834082,10
85293.7493890835,-64.1886251422102,51831.4289177933,105.989484226215,51831.6690093905,105.988971028585,18498.4404275492,48.7040221957967,10968.7397271002,-139.97830275705,10968.745336168,-139.978273062804,5657.71764617608,-94.3587357098721,6.09418083163208,-134.507094771418,5662.42949723485,85.6010594084067,2829.80961477324,-131.671907246369,0.0966134276850746,85.3988164260644,2829.73775816146,48.3269083139704,16718.6632092385,-148.632107973501,1.20869967422798,104.334967956384,16718.3094397395,31.3639313568518,0.683727496903011,0.999699566421899,3.90701529865579,2.06778049122157,0.315972069518888,1.83923480743421,476281.642168139,325646.855020478,8210.58729639461,6986991.19382575,1247268.81804097,8210.58729639461,1824219.18628482,4777197.99983786,8210.58729639461,62021.8776279908,62003.2441733745,1544.7255442892,909853.066850576,237480.300769272,1544.7255442892,237551.669267253,909579.716438156,1544.7255442892,6393.59343577066,24979.8673669412,0.0227639375297313,93793.2035954084,95676.0649312142,0.0227639375297313,24488.2749663488,366451.481357198,0.0227639375297313,62021.8776279908,62003.2441733745,1544.7255442892,909853.066850576,46660.0142594634,1544.7255442892,237551.669267253,909579.716438156,1544.7255442892,10
71574.7425428045,-53.4418517480202,43427.9123598366,115.297313536588,43463.0843106232,115.210082994723,15727.5953703794,56.3361464413582,9408.11484956319,-131.966447360563,9408.11341185066,-131.966384859029,4999.02611811629,-88.3001751323269,9.73460017929397,53.2985338409268,4997.99847562696,91.7091528080774,2382.77100606534,-118.451046348551,0.125402346128113,146.319618174603,2382.76330261371,61.5459377973605,14389.0081356773,-136.699438882622,1.208998765943,104.284163732125,14388.4219147524,43.2963510827536,0.625175849192617,0.999684642172394,2.78185890609683,1.79008018322088,0.374508792979777,0.991778722875947,511643.476451986,319867.144874733,7340.23454736625,7505744.8111477,1225131.79405021,7340.23454736625,1959659.50321403,4692410.38613235,7340.23454736625,53303.4373285383,53286.6276723385,1334.9857751651,781954.655064498,204094.552395071,1334.9857751651,204158.93551346,781708.059543191,1334.9857751651,8798.56235756724,24476.3590552467,2.80792324876954,129073.792201604,93747.5641423413,2.80792324876954,33699.61141339,359065.078379723,2.80792324876954,53303.4373285383,53286.6276723385,1334.9857751651,781954.655064498,46132.6998247043,1334.9857751651,204158.93551346,781708.059543191,1334.9857751651,10
85939.7755057006,-64.5845908027376,52651.8743958383,104.770092655051,52817.467790269,104.463334097389,18638.3745687694,48.2215439756044,11046.0730464515,-140.4959184551,11046.0585881365,-140.495829944095,4847.35442431932,-85.6483953084764,0.256109570714734,45.2854256858587,5188.45816358038,90.143749739223,2845.40005274956,-129.405862851925,0.26902092933994,169.304995557669,2845.52847166559,50.5893879053276,16835.3533329763,-149.338093745597,1.20886787053743,104.303813321747,16835.0128690285,30.6579585725172,0.702571172142613,0.998590534454365,3.08595487827681,2.20355039889906,0.296019362311753,0.882404479377754,469282.374400895,329704.267848705,8902.68097947059,6884312.82471972,1262809.22454128,8902.68097947059,1797411.10169683,4836719.73065976,8902.68097947059,62490.9362882633,62402.8574666505,1556.29037509326,916734.097817448,239010.870440969,1556.29037509326,239348.223515423,915441.992692066,1556.29037509326,8002.02742371051,24693.8955643043,167.397672706068,117388.725896934,94580.7566032848,167.397672706068,30648.78144171,362256.311336345,167.397672706068,62490.9362882633,62402.8574666505,1556.29037509326,916734.097817448,46939.5578652204,1556.29037509326,239348.223515423,915441.992692066,1556.29037509326,10
72959.5345203915,-54.5896822767747,44122.1287475362,114.696449212557,44201.2811684056,114.502658846891,16026.9937231605,55.5615268319697,9578.50754653611,-132.761933173428,9578.5070960932,-132.761879710641,4423.40460305502,-81.8979975041144,0.769302886343275,52.6080036368571,4423.81489307516,98.0965653873963,2418.6474214826,-116.060699122858,0.108497841092525,138.016565426094,2418.6211864254,63.9368123827637,14643.8826423377,-137.848756107523,1.20934620156836,104.246601902369,14643.3168748692,42.1470621980463,0.625307676620975,0.998140865790449,2.07810667394672,1.91633537915665,0.372833189169474,0.161771294790064,509892.2946676,318839.566105534,7254.5033637251,7480055.19680399,1221196.03684224,7254.5033637251,1952952.25454661,4677335.93611015,7254.5033637251,54301.2135358358,54200.2602921312,1357.05016444553,796591.905289095,207593.881377507,1357.05016444553,207980.545123868,795110.93402692,1357.05016444553,11558.3130230071,24019.4074326764,0.452096085014957,169558.983923052,91997.3813863943,0.452096085014957,44269.8070025799,352361.656118119,0.452096085014957,54301.2135358358,54200.2602921312,1357.05016444553,796591.905289095,46424.1833158098,1357.05016444553,207980.545123868,795110.93402692,1357.05016444553,10
83315.5133122921,-62.1316772776571,51512.2833944137,105.831194013401,51378.6102416891,106.084375599263,18209.3727003297,49.6162318683323,10808.0336314045,-139.002314812521,10808.0360938128,-139.00227739213,5246.44947263487,-90.4437686874262,4.56685683060591,46.4124347466538,4904.97503538987,93.4201741540733,2979.29882155611,-133.412905636178,0.0896587042501736,112.882590386934,2979.26485218262,46.585515441697,16485.9362766941,-147.255776671463,1.20804211319512,104.359691602128,16485.5554055402,32.740239051048,0.689072723954167,1.00095538938011,2.52384703368253,1.93132989034019,0.311882665425943,0.59251714334234,475077.947217578,327363.255179771,9215.72707517498,6969333.14179306,1253842.84866636,9215.72707517498,1819608.88173214,4802377.3721594,9215.72707517498,61110.3595651871,61168.7437537305,1522.09417973509,896481.212649288,234284.058164691,1522.09417973509,234060.439306674,897337.701279322,1522.09417973509,9591.71631019687,24208.0247574147,159.583669290827,140709.25994112,92719.8096981113,159.583669290827,36737.4917975217,355128.64831406,159.583669290827,61110.3595651871,61168.7437537305,1522.09417973509,896481.212649288,49406.9722868331,1522.09417973509,234060.439306674,897337.701279322,1522.09417973509,10
83301.0522664146,-62.7028081180396,50867.5251712149,106.80540832925,50765.6810527669,107.00599067999,18120.5726505906,49.8640037787786,10758.3336264692,-138.736472498858,10758.3317188729,-138.736408687956,4318.20439588073,-77.6028538205356,3.87070869877178,46.6911846666343,4315.18757621236,102.455928186554,2957.12960323155,-130.511630264958,0.147256442845173,142.566825338178,2957.13835130194,49.4855199042452,16413.5132253259,-146.828960585322,1.20808068610667,104.341856314209,16413.1233988529,33.1670478692843,0.675638902118405,1.00002122008697,1.81358852027232,1.99489968789617,0.324382317968563,0.18131116762385,480082.348182043,324362.310652142,8331.28528690531,7042747.06828814,1242348.8499488,8331.28528690531,1838776.37307966,4758353.89711582,8331.28528690531,60866.2767725893,60867.5683602758,1515.21085999953,892900.549085011,233130.518152786,1515.21085999953,233125.571207891,892919.496512316,1515.21085999953,13083.7122618551,23728.4703606466,0.495954839631901,191936.397002384,90883.055446007,0.495954839631901,50112.2798419347,348093.646225955,0.495954839631901,60866.2767725893,60867.5683602758,1515.21085999953,892900.549085011,49559.6101359481,1515.21085999953,233125.571207891,892919.496512316,1515.21085999953,10
90196.3961616357,-67.9989490034744,55225.710777741,101.835686223947,55009.0897177111,102.221349003443,19370.5717485489,45.5535103240593,11449.302777656,-143.392129148826,11449.3054280985,-143.392091286805,5912.34594503235,-97.1491141889734,1.91099476189746,-137.71427105251001,5916.34320483546,82.8177690025801,3154.61983025072,-129.109449932752,0.0977337846846597,106.385057160376,3154.56930108048,50.8890739829109,17452.3239417814,-153.367402552306,1.20852069552444,104.270312707548,17452.0654742396,26.6287218248226,0.7366635553319,0.996724530672938,4.51074421079549,2.55815300443481,0.260060975341037,1.95259120636068,458744.310157434,337940.214508855,8903.53032313558,6729720.76080172,1294353.94637073,8903.53032313558,1757048.97711081,4957540.0220431,8903.53032313558,64832.6976926838,64620.3401800007,1620.66703152231,951087.440172288,247504.110895364,1620.66703152231,248317.467142363,947972.182434649,1620.66703152231,5603.21577335621,25274.6731115045,1.1162228633198,82198.4636807073,96805.2083787997,1.1162228633198,21461.0281263826,370776.244184034,1.1162228633198,64832.6976926838,64620.3401800007,1620.66703152231,951087.440172288,50776.7850346805,1620.66703152231,248317.467142363,947972.182434649,1620.66703152231,10
104064.07003437,-79.3185903462164,63589.0087319587,91.644610944778,63367.4764357511,91.9988131648267,21223.5494786479,35.0142593621454,12470.1496380946,-155.276621647989,12470.1455890997,-155.27657367522,5517.09372697688,-95.0439500881519,6.85630473603396,-148.743764529884,5523.44658149947,84.866441169491,3467.44600182781,-142.317269142378,0.134758552638847,134.696260826586,3467.46342891641,37.6805189881393,19115.4938209625,-167.730909254006,1.20830465529026,104.295970511749,19115.5366404049,12.2654713109798,0.964376803341591,0.995156837395497,4.19156993060358,3.65512343305001,0.0307800340539061,0.536446497553569,403321.547608945,388953.944801897,9727.92447255491,5916675.87395495,1489743.01310212,9727.92447255491,1544772.75681053,5705904.96573298,9727.92447255491,70603.9856829958,70262.0390998071,1864.84649064596,1035751.50192738,269112.534360739,1864.84649064596,270422.233208038,1030735.18898569,1864.84649064596,5968.39103283373,25016.9283873099,1.28755716115539,87555.5383530745,95818.0133466771,1.28755716115539,22859.6957543494,366995.161818555,1.28755716115539,70603.9856829958,70262.0390998071,1864.84649064596,1035751.50192738,52734.4049381384,1864.84649064596,270422.233208038,1030735.18898569,1864.84649064596,10
100664.520415966,-76.1687142952652,62180.8246570512,93.4027153932061,62365.1179457011,93.1199250437888,20905.3412208236,37.7630072106701,12290.7298649404,-152.111385094982,12290.7302824899,-152.111353218901,4872.95533146953,-83.8947524285324,5.51952979887788,-145.792543190402,4872.95812500843,96.1051686211172,3428.81308366873,-133.253007171838,0.0829650108899282,114.009363285552,3428.78922811115,46.7456837101252,18792.7614117087,-164.308375377835,1.20876377377468,104.242544954752,18792.7312744065,15.6879404895205,0.925311645351246,0.993876899860804,2.27403460632804,3.67075083827446,0.0685652545095574,1.39671623194642,410364.62767987,379715.168832412,10585.8128535121,6019996.96399097,1454357.32763962,10585.8128535121,1571748.64808661,5570373.29575999,10585.8128535121,69622.2603360964,69195.9562641414,1800.33761027815,1021349.71578607,265029.301687446,1800.33761027815,266662.100431718,1015095.88919917,1800.33761027815,10585.129059645,24070.9497940813,1.83743034124957,155282.498793308,92194.7951774305,1.83743034124957,40542.3888101249,353117.776013074,1.83743034124957,69622.2603360964,69195.9562641414,1800.33761027815,1021349.71578607,52641.0435487658,1800.33761027815,266662.100431718,1015095.88919917,1800.33761027815,10
93739.4808734679,-70.1737987695976,58053.5537700495,98.59074144409,58042.5808101639,98.608672549939,20012.6325332873,43.1006102204011,11803.3310888735,-146.105145783541,11803.3322367281,-146.10511603235,4527.95758509415,-77.9004602850766,7.54381218775974,-140.313319042713,4529.89667119564,102.052634910234,2449.72542157309,-140.094019122735,0.0767642916892744,110.162971312853,2449.70447668939,39.9042905443562,17953.2763755349,-157.133956860866,1.21025317896653,104.361071003176,17953.0976565098,22.8622231942409,0.802513084605792,0.999289355230401,1.84253149267222,2.40049860163469,0.196776270624609,0.557967108962476,439846.488535723,352982.562267829,10144.9660838697,6452492.11799215,1351968.0489504,10144.9660838697,1684667.91991872,5178209.35300444,10144.9660838697,66605.4435646618,66558.1107545658,1679.79772486222,977093.396941935,254926.018329478,1679.79772486222,255107.309004309,976399.030629988,1679.79772486222,12871.2713910386,23715.7228887195,1.11992489413602,188819.916411516,90834.2310093561,1.11992489413602,49298.604322697,347906.642431955,1.11992489413602,66605.4435646618,66558.1107545658,1679.79772486222,977093.396941935,38037.0090224165,1679.79772486222,255107.309004309,976399.030629988,1679.79772486222,10
72901.9745959736,-54.0968607306277,44189.9821522833,114.775929593899,44270.8811501828,114.578009254256,16042.1418010963,55.6794781118357,9588.76783570446,-132.642920631328,9588.77018185485,-132.642876789687,6026.95229272564,-95.72104324965,6.55586063749374,52.5849894525062,6670.12614276308,80.9260686464662,1964.08108234157,-124.6895979069,0.0925053075960166,120.617794044025,1964.04659889579,55.3079444754901,14637.1373262544,-137.797642568826,1.21025855596165,104.354456065647,14636.5722178942,42.1981684598934,0.625490297405903,1.00148205721439,3.6048804924946,1.69047114190905,0.375991759808486,1.91440935058554,509809.375111855,318880.817659032,7424.67122630051,7478838.77745356,1221354.03553186,7424.67122630051,1952634.66211575,4677941.09116023,7424.67122630051,54165.5887358436,54245.8652374012,1355.68980449902,794602.306700125,207768.554110583,1355.68980449902,207461.084912982,795779.95278134,1355.68980449902,7164.46275321065,25827.0320182532,249.6835862556,105101.758567263,98920.8131516801,249.6835862556,27440.8023671338,378879.279186004,249.6835862556,54165.5887358436,54245.8652374012,1355.68980449902,794602.306700125,36689.6984208383,1355.68980449902,207461.084912982,795779.95278134,1355.68980449902,10
88261.0526196292,-65.9720818409213,54635.6855024219,102.411364316573,54641.9254575161,102.400454874841,19106.9513747081,46.7177087927164,11306.207356918,-142.124485612277,11306.2099078094,-142.124457096762,4700.01716736763,-82.9534904992867,7.29292275844733,-136.535410188935,5264.41602973662,89.3905119116469,2334.61195069479,-130.888892617382,0.0757607468018507,102.170984257126,2334.56375762483,49.1096277303852,17198.0833004331,-151.664406139147,1.21042646671681,104.326346826381,17197.7901976725,28.3316811745252,0.735503979842279,0.998571627051603,3.26266500611447,2.31767788227856,0.263067647209325,0.944987123835911,459226.70920673,337763.072271423,9699.08464971269,6736797.49358109,1293675.46910095,9699.08464971269,1758896.62674342,4954941.36792038,9699.08464971269,63853.4362065009,63762.2296855614,1593.46767913869,936721.798554723,244217.438705391,1593.46767913869,244566.771265544,935383.810477493,1593.46767913869,7619.6433146011,24860.3436016231,288.099397970209,111779.199586317,95218.273728266,288.099397970209,29184.2017338035,364698.082901761,288.099397970209,63853.4362065009,63762.2296855614,1593.46767913869,936721.798554723,37805.8053248818,1593.46767913869,244566.771265544,935383.810477493,1593.46767913869,10
107796.576586272,-82.4719848056198,66231.2837607347,87.8760744389654,65957.6836159474,88.308047831793,21574.8100268281,30.8558637651855,12684.798298386,-160.112838847812,12684.8051786539,-160.112830853075,6161.62895022031,-104.136478468826,3.68490777068191,-153.136876663381,5539.94243428098,83.9413073974205,2652.8575889744,-142.991496559438,0.0913256553428517,33.8617245588668,2652.76899484454,37.0086016921523,19489.4667451909,-172.07926708206,1.21052130542968,104.297240443805,19489.6013482414,7.91719622768732,1.09052700725994,0.994946365393365,4.2499677229825,4.56116224136716,0.0955806418665783,0.311194518384657,380359.453125304,414792.256099766,10488.7633883567,5579824.86450043,1588707.02732741,10488.7633883567,1456825.0183177,6084949.71051827,10488.7633883567,71703.8297222653,71341.4647669525,1964.74476379096,1051886.07428246,273246.871773391,1964.74476379096,274634.775579444,1046570.22641523,1964.74476379096,5847.44553082325,24851.4547678971,345.039615080779,85781.2832009482,95184.2283660455,345.039615080779,22396.459119282,364567.684840051,345.039615080779,71703.8297222653,71341.4647669525,1964.74476379096,1051886.07428246,40448.5927245397,1964.74476379096,274634.775579444,1046570.22641523,1964.74476379096,10
58706.0005468729,-43.2698122420196,35336.5639819765,124.599923703168,35246.2368196852,124.907927414142,12782.8551839768,63.2328658837336,7706.83844982676,-125.017994437376,7706.83832222906,-125.017942575137,4771.77971977102,-87.0168458938753,3.07095249231598,60.2176844725739,4493.63260467927,95.2978069924375,1531.04566443802,-108.142729038778,0.0842544608733348,147.765595048542,1531.02684613792,71.8541997099924,11790.904492708,-126.377366152527,1.21066918749628,104.290961579685,11790.1372793642,53.6180830873317,0.62962315655596,1.00043194483806,2.27940849737217,1.51436218840774,0.3708087882821,0.765046308964433,538566.818730792,339094.140425583,6031.17843898566,7900706.82260388,1298773.62920222,6031.17843898566,2062779.32391578,4974467.96867106,6031.17843898566,43670.6105454069,43689.473840207,1115.27141068243,640642.309707237,167336.234197871,1115.27141068243,167263.985382792,640919.031845958,1115.27141068243,10616.456072981,24199.2401847313,110.70813719024,155742.062099824,92686.1636689272,110.70813719024,40662.3752503252,354999.779748602,110.70813719024,43670.6105454069,43689.473840207,1115.27141068243,640642.309707237,36804.5865675272,1115.27141068243,167263.985382792,640919.031845958,1115.27141068243,10
103394.476031499,-78.4335741424867,63428.8004877946,91.9994948885592,63583.9397563078,91.7566689529694,21194.2764215783,35.6140445327196,12453.9325593906,-154.591343211663,12453.9350521379,-154.591322389691,5333.83431664785,-92.0398144355933,4.72481491165801,31.8415482947543,5333.27787009577,87.9690871038513,2805.58462350981,-147.885539287134,0.0615496033560184,87.8565246532154,2805.54928558149,32.1134218677805,19045.3475057048,-167.094395136052,1.20968662852402,104.370579938516,19045.3784385428,12.9019668536085,0.966987557541179,0.997586075727528,3.44727110229993,3.31332176671547,0.0305985181863488,0.133949335584453,401859.22188226,388592.867443325,10237.4197895797,5895223.74128752,1488360.04095513,10237.4197895797,1539171.86353429,5700608.00674638,10237.4197895797,70344.0183389552,70174.2132056636,1851.97710049997,1031937.81401108,268776.150030619,1851.97710049997,269426.525259591,1029446.79427416,1851.97710049997,7196.6350768095,24808.7521340834,1.2422294731664,105573.722467964,95020.6718544965,1.2422294731664,27564.0264530113,363941.242626047,1.2422294731664,70344.0183389552,70174.2132056636,1851.97710049997,1031937.81401108,42553.6628140446,1851.97710049997,269426.525259591,1029446.79427416,1851.97710049997,10
80264.1592439301,-59.7937064175159,49505.4367556451,108.125576583449,49143.4844240926,108.857840297591,17597.5850501786,51.5035686738061,10467.2016839002,-136.996765765082,10467.2045483958,-136.99672849631,4619.42438101511,-83.1087540769699,4.18990806584569,-131.65056143413,4621.07987742888,96.8680145863175,2333.58352576791,-128.870693789701,0.0890805342619405,110.515148294212,2333.53876987201,51.1274231388475,15954.7834135361,-144.282712344159,1.20975431658094,104.346883112954,15954.3426523652,35.7132418553516,0.663512333231868,1.00043888509127,2.19935679700515,1.89968770911639,0.336926551859399,0.299669087888757,487242.852298389,323291.641779054,8673.63963349449,7147790.75415542,1238248.05216967,8673.63963349449,1866202.01336477,4742647.32074284,8673.63963349449,59136.3400128423,59162.2940708261,1472.33467038916,867522.596554225,226599.101022091,1472.33467038916,226499.693683357,867903.339288191,1472.33467038916,10950.563572204,24084.1964235639,0.56329728763065,160643.37667545,92245.5314509212,0.56329728763065,41942.0494103236,353312.10238501,0.56329728763065,59136.3400128423,59162.2940708261,1472.33467038916,867522.596554225,40127.1013602948,1472.33467038916,226499.693683357,867903.339288191,1472.33467038916,10
71282.4910466242,-53.4609662728522,42755.274267107,116.684988197289,42740.0750479514,116.725049722436,15620.9232979552,56.6765447203554,9348.00982150561,-131.618467918171,9348.01211016052,-131.618425334863,4968.12061492529,-87.9555736328614,7.69058908208904,53.6117681187391,4469.3277972929,97.319106210156,2061.22587056365,-120.995965571173,0.087737864124281,121.320531484486,2061.18847099266,59.0018659021832,14284.0156510115,-136.227957285293,1.20983465773465,104.327414443203,14283.4211156236,43.7678165114193,0.616620379844023,1.00090216443764,2.10249991493368,1.70567653571723,0.384281784593621,0.396823379216447,517548.130082826,319130.724559236,6566.39388715013,7592365.32990939,1222311.21070255,6566.39388715013,1982275.07662289,4681607.19364332,6566.39388715013,52869.714416182,52917.4115923566,1325.63504118434,775591.995031247,202680.407911312,1325.63504118434,202497.721668119,776291.706547286,1325.63504118434,11406.6223376003,23982.4224944853,217.750587986026,167333.700835721,91855.7243753354,217.750587986026,43688.8124098844,351819.091772642,217.750587986026,52869.714416182,52917.4115923566,1325.63504118434,775591.995031247,39819.7013127535,1325.63504118434,202497.721668119,776291.706547286,1325.63504118434,10
101896.708015103,-76.975513332041,62910.0616887196,92.6240998361087,62891.6814403366,92.6524951918543,21070.8604659178,36.7253652297189,12384.062528884,-153.304583166492,12384.0559245409,-153.304539062552,6586.17788985116,-105.418174453181,5.01319100069488,33.0891095063135,6187.42469911217,77.9378444648337,2802.07958428675,-137.527455901152,0.138428567654961,149.954891682173,2802.12683646787,42.4698251991596,18921.8832848241,-165.671688977536,1.2100375573454,104.291599853505,18921.8828157164,14.3246470091016,0.944556541798199,0.995633211531022,5.84098278554696,3.58414418686563,0.0510766697328229,2.25683859868133,407202.105088314,384625.412195164,10552.2234215104,5973603.15927306,1473164.18341278,10552.2234215104,1559635.78486074,5642405.94219775,10552.2234215104,70005.7456772734,69700.0453942877,1825.20717812109,1026975.39703124,266960.027084764,1825.20717812109,268130.89799832,1022490.81270956,1825.20717812109,4401.13122512386,25706.9317228817,180.530574996256,64564.0360456224,98460.8137653972,180.530574996256,16856.891619169,377117.423107914,180.530574996256,70005.7456772734,69700.0453942877,1825.20717812109,1026975.39703124,42788.1294725633,1825.20717812109,268130.89799832,1022490.81270956,1825.20717812109,10
73926.552049085,-55.3460182409527,44599.2709962816,114.350321308495,44664.5164764952,114.191384739562,16225.4903672955,55.118599159959,9692.05336257117,-133.219250660522,9692.05276458533,-133.219203840414,4436.61279460606,-81.8363808606671,4.22563454951123,52.0891145225787,4639.09145253071,95.6238888191439,2123.13639709002,-116.508218259132,0.0960847543920506,140.633851173866,2123.11235061316,63.4892682780387,14798.713909576,-138.554182350865,1.2102661086988,104.27426881364,14798.1611453501,41.4416488436071,0.625030451065931,0.998293465401216,2.32434254083291,1.94616710536209,0.373263014335284,0.378175435470822,509296.347690354,318325.725923134,7140.87957264092,7471312.73034434,1219227.96367622,7140.87957264092,1950669.70192722,4669797.96590176,7140.87957264092,54871.386586584,54777.7466668907,1370.20235363824,804956.271520803,209805.727544533,1370.20235363824,210164.380331,803582.585792945,1370.20235363824,10437.7012990768,24260.793157951,96.5291052416455,153119.752271887,92921.9193747509,96.5291052416455,39977.7217610331,355902.754047343,96.5291052416455,54871.386586584,54777.7466668907,1370.20235363824,804956.271520803,40310.9526952859,1370.20235363824,210164.380331,803582.585792945,1370.20235363824,10
55387.3331764994,-40.6558478236186,33078.0957270147,127.740222268849,32953.1328799537,128.227594464057,11990.3186260822,65.0787856696107,7243.04149222107,-123.196456694133,7243.03848922001,-123.196365322534,4222.08638733666,-82.6022343382696,7.4075472574581,-118.038790367032,4662.90213494464,93.6290608216871,1727.34478839724,-117.907997588777,0.144528382798355,161.736314255299,1727.36266598879,62.0872766985269,11096.5519559193,-123.851011585007,1.20911688197375,104.364649745003,11095.7460223869,56.144332830764,0.636025794803083,1.00689363158548,2.53904480366471,1.33001947173713,0.3708678367824,1.20902533192757,545004.499269678,346636.919819253,5399.63908672572,7995146.77840209,1327663.43235569,5399.63908672572,2087436.45808695,5085119.5843005,5399.63908672572,40958.4664217347,41240.8189995525,1055.38258655264,600855.499906588,157957.575132666,1055.38258655264,156876.128895503,604997.576359056,1055.38258655264,9606.10864536616,24390.3402394556,173.745594952773,140920.393669955,93418.101151844,173.745594952773,36792.616269319,357803.193278084,173.745594952773,40958.4664217347,41240.8189995525,1055.38258655264,600855.499906588,42335.4422297681,1055.38258655264,156876.128895503,604997.576359056,1055.38258655264,10
83335.3007677914,-62.4986242830579,50739.9257500934,107.210506563874,50891.306729373,106.909686280924,18154.8370685563,49.8209854719259,10778.1531083612,-138.78252089842,10778.1511737582,-138.782463196341,5843.16700437962,-95.641783353517,3.42541426510428,46.6439626229022,5546.90372418211,86.7649749164652,2592.38970965333,-130.555145903479,0.133614285581309,142.385943491367,2592.40462090058,49.4418961961231,16425.8534432579,-146.901221352315,1.20919473927884,104.345564505695,16425.4651125562,33.0947846218122,0.673875294810407,1.00001352001534,3.6204699737297,1.99771269228889,0.326138225204936,1.62275728144081,480311.72680934,323670.206504539,8331.91892150553,7046112.02361516,1239698.00315316,8331.91892150553,1839654.92235763,4748200.81718081,8331.91892150553,60916.9910277564,60917.8146264097,1516.3556354552,893644.520766642,233322.967734305,1516.3556354552,233319.813246851,893656.602854274,1516.3556354552,6855.20482308257,24819.0632257375,125.76731681481,100564.984013893,95060.1646452352,125.76731681481,26256.3052131343,364092.505030908,125.76731681481,60916.9910277564,60917.8146264097,1516.3556354552,893644.520766642,43411.2921131589,1516.3556354552,233319.813246851,893656.602854274,1516.3556354552,10
105494.63114918,-80.3115737397736,64740.9988052829,90.0829372556588,64687.2565287755,90.1675904086943,21395.2898820269,33.2955534359467,12571.4118884771,-157.269463892057,12571.4036683344,-157.269407809805,5781.61575272198,-98.897691680706,0.503151100487501,-150.652469254192,5777.22866571962,81.1573546459471,3059.0631506212,-143.975394593156,0.177314287230533,145.378899220971,3059.12636790948,36.0214624600319,19284.8312124026,-169.646759831392,1.20934342041893,104.308165629559,19284.9148700551,10.3496557468777,1.02032592729902,0.995389638994515,5.50555291564489,3.95146619021203,0.0249362883045002,1.55408672543287,392135.497027215,400106.014631153,10347.819753659,5752577.93276106,1532456.85707206,10347.819753659,1501928.76224242,5869504.41360428,10347.819753659,71108.7216788362,70780.8848012582,1905.72947503712,1043155.91487534,271099.779300518,1905.72947503712,272355.436183129,1038346.58952276,1905.72947503712,4620.01626548409,25435.7440207627,2.52655366688383,67775.051785165,97422.130420312,2.52655366688383,17695.2491262906,373139.133963799,2.52655366688383,71108.7216788362,70780.8848012582,1905.72947503712,1043155.91487534,46513.5555797373,1905.72947503712,272355.436183129,1038346.58952276,1905.72947503712,10
99759.4002556602,-75.3260658560651,61652.0112913913,94.1549598157989,61710.4809361165,94.06439926536,20803.6132384577,38.6248149347896,12235.236788658,-151.133340123036,12235.2355630394,-151.13330470611,4701.86384302474,-79.9710175337222,4.6923277262285,35.0874907296121,4701.45792910279,100.039551651738,2976.79902728647,-135.738918346661,0.0926134629674762,127.115697135633,2976.78566228772,44.2593186605102,18675.2436178771,-163.246725387166,1.20952867551901,104.288210764096,18675.1915478435,16.7495671938644,0.903805447739142,0.995689030395949,1.97178121008456,3.31997953537256,0.091883582656807,1.34819832528799,415490.298576066,375522.395335811,10465.412605651,6095189.90498098,1438298.47258607,10465.412605651,1591380.61867624,5508865.84112644,10465.412605651,69199.1060286366,68900.7907859196,1781.3469601671,1015142.09584423,263898.780414256,1781.3469601671,265041.365685542,1010765.84912526,1781.3469601671,12096.6658610007,23851.9784493926,1.24491266955603,177456.551675421,91356.1071137685,1.24491266955603,46331.7667530925,349905.494199995,1.24491266955603,69199.1060286366,68900.7907859196,1781.3469601671,1015142.09584423,45704.9557295332,1781.3469601671,265041.365685542,1010765.84912526,1781.3469601671,10
68999.1091027595,-51.2680266754592,41968.2617781813,116.78198757779,42021.5710444981,116.644771892756,15173.1737401853,57.6819607428441,9090.85070389748,-130.59055880397,9090.84971074762,-130.590502595178,5650.00150383462,-93.2081630792818,1.47990565561798,54.7026650918612,5442.39479263713,88.1748563099705,2132.10625496502,-113.896669999523,0.108673452918295,147.544441107502,2132.08922258469,66.1004468192085,13903.2218837188,-134.60945780619,1.20967170448915,104.271602203665,13902.5967027266,45.3862742681607,0.624385158709676,0.998801453275444,3.33391695764693,1.78712587324658,0.374416294565768,1.54679108440035,516235.385652342,322329.713202088,7357.45149572996,7573107.53585758,1234563.74353676,7357.45149572996,1977247.09871075,4728535.95070187,7357.45149572996,51523.5841028691,51461.8306799052,1293.76918130582,755844.434318969,197105.348130304,1293.76918130582,197341.871584109,754938.519447943,1293.76918130582,7415.13545208114,24721.4458269422,81.8447822761154,108779.095219517,94686.2776085927,81.8447822761154,28400.9106439838,362660.470189838,81.8447822761154,51523.5841028691,51461.8306799052,1293.76918130582,755844.434318969,43165.6995890396,1293.76918130582,197341.871584109,754938.519447943,1293.76918130582,10
89786.1402396231,-67.4123993715447,55223.0349765531,101.847941765711,55200.4953301611,101.88741708141,19331.9470009311,45.8065024550764,11429.0806637582,-143.121160011687,11429.0839512739,-143.121123962397,5413.23072195886,-92.336384555324,3.11265190269215,-137.510462909701,5411.92208113695,87.6775531533578,2960.71553426922,-137.306325881258,0.0950145734423412,102.992292369516,2960.6672551312,42.6920770244112,17408.0825884273,-153.112129098413,1.20859508047649,104.362190420745,17407.8204557547,26.8839876335424,0.742070259838861,0.999823309773752,3.49165620365966,2.18016148757252,0.25775304993489,1.31149471608714,456433.301028323,338705.578293197,9329.88365194424,6695818.55041955,1297285.38688044,9329.88365194424,1748197.51860443,4968767.8115437,9329.88365194424,64586.8818669542,64575.4699961845,1616.10735949472,947481.353232095,247332.252391985,1616.10735949472,247375.961306557,947313.942537427,1616.10735949472,7097.90793085786,24783.4542597849,1.65634221412643,104125.40777707,94923.7777826246,1.65634221412643,27185.8889438008,363570.126023397,1.65634221412643,64586.8818669542,64575.4699961845,1616.10735949472,947481.353232095,46969.0694516974,1616.10735949472,247375.961306557,947313.942537427,1616.10735949472,10
85090.8068326842,-64.0313414359194,51702.0831533775,106.139001076343,51702.3224650004,106.138487542307,18461.0347900713,48.8249826729713,10947.9879969426,-139.848397054164,10947.9936198894,-139.848367251175,5643.96965879171,-94.2239745378914,6.08218325318557,-134.383101162498,5648.67148960802,85.7357930397789,2824.10546288053,-131.550686724175,0.0968176596300971,85.5084206149508,2824.0334212037,48.4481242791848,16687.6842683535,-148.444766521184,1.20869967579395,104.334968009815,16687.3267215328,31.5512694515539,0.682069798264193,0.999732820182288,3.87808877038584,2.05994904605381,0.317663021918096,1.81813972433203,476938.11626289,325305.084743933,8190.77322106027,6996621.58541111,1245959.79447051,8190.77322106027,1826733.56545235,4772184.27329225,8190.77322106027,61904.8851358256,61888.3453998996,1541.68207454676,908136.801850774,237040.223872544,1541.68207454676,237103.573162001,907894.166025598,1541.68207454676,6437.78170473672,24966.2889353349,0.0227191262704925,94441.4398883942,95624.0578134443,0.0227191262704925,24657.5216492351,366252.287490251,0.0227191262704925,61904.8851358256,61888.3453998996,1541.68207454676,908136.801850774,46641.1898401305,1541.68207454676,237103.573162001,907894.166025598,1541.68207454676,10
85734.5754609688,-64.425216305752,52520.0330122393,104.920846466041,52685.1858653728,104.613842926727,18601.0019643513,48.3450826765295,11025.3708586412,-140.362861491986,11025.3564438185,-140.362772919206,4835.38677846136,-85.505159580047,0.255610622637851,45.4122937983524,5175.72968252105,90.2838228583044,2839.5819526189,-129.283762214276,0.26850024199514,169.38596752131,2839.7099539218,50.7114861545099,16804.3936178086,-149.147238760444,1.20886820717695,104.303829511093,16804.0492922616,30.8488101709661,0.700699683558852,0.998622151419955,3.06224062745346,2.19463777697853,0.297922467861104,0.867602850474929,469967.020014848,329305.742207501,8881.59781924452,6894356.48891347,1261282.82071517,8881.59781924452,1800033.38136122,4830873.41012359,8881.59781924452,62374.2821005897,62288.3397845661,1553.20841740986,915022.795701566,238572.253172673,1553.20841740986,238901.423159344,913762.0328418,1553.20841740986,8059.93764970104,24681.4685256562,167.071039757507,118238.261556521,94533.1594667937,167.071039757507,30870.5849629482,362074.008257847,167.071039757507,62374.2821005897,62288.3397845661,1553.20841740986,915022.795701566,46919.8336571703,1553.20841740986,238901.423159344,913762.0328418,1553.20841740986,10
71422.0750799461,-53.3232061905112,43329.403601845,115.411756761521,43364.465982774,115.324486804748,15693.9438329181,56.4191582975669,9388.9027972428,-131.881315653642,9388.90137652934,-131.881253039476,4987.26447729507,-88.1989571327621,9.71413289962746,53.3821513248543,4986.23924338154,91.8103767641938,2377.53215521842,-118.367430204831,0.125342852309146,146.313071607122,2377.52425295579,61.6295491875098,14360.137972737,-136.571974590246,1.20899873395377,104.284159409432,14359.5494008019,43.4238121263825,0.624875267019256,0.999709626607258,2.76700469179537,1.78557848254909,0.374834359588002,0.981426209246279,512021.331245357,319949.466081498,7323.08743067715,7511287.89297176,1225447.09472847,7323.08743067715,1961106.73506735,4693618.02777923,7323.08743067715,53195.2557039367,53179.8092170601,1332.51835228402,780367.644372705,203685.424143389,1332.51835228402,203744.586150123,780141.046372223,1332.51835228402,8842.91031830718,24468.3743398816,2.802019138587,129724.371152629,93716.9816682831,2.802019138587,33869.4697360542,358947.943619527,2.802019138587,53195.2557039367,53179.8092170601,1332.51835228402,780367.644372705,46125.3487130295,1332.51835228402,203744.586150123,780141.046372223,1332.51835228402,10
72801.6111993589,-54.4671158953516,44020.7874081309,114.814618205533,44099.6919357085,114.620734525589,15992.645739236,55.6476954171599,9558.95124112482,-132.673182918049,9558.95080451785,-132.673129340986,4412.93050522634,-81.7890034565401,0.767685321269651,52.6950800280019,4413.33976779758,98.2055559512738,2413.2305914176,-115.973229689222,0.108504773985732,138.021289080756,2413.20419637175,64.0242771301485,14614.5427802765,-137.715901048836,1.20934640904942,104.246627297644,14613.9745362175,42.27991401543,0.624935855684946,0.998163201641337,2.06922984972912,1.91077898235093,0.373227345956391,0.158450867378188,510292.213766336,318899.901259431,7237.37934834448,7485921.95918515,1221427.12814536,7237.37934834448,1954483.99549206,4678221.0451541,7237.37934834448,54191.1663330519,54091.6280876773,1354.52889939465,794977.526802331,207177.806236103,1354.52889939465,207559.050359129,793517.313385926,1354.52889939465,11604.9659184318,24013.3418835081,0.451144537640181,170243.375973131,91974.1495626401,0.451144537640181,44448.4935178567,352272.675282259,0.451144537640181,54191.1663330519,54091.6280876773,1354.52889939465,794977.526802331,46415.3299982423,1354.52889939465,207559.050359129,793517.313385926,1354.52889939465,10
83119.4829513263,-61.9777814925661,51384.273060832,105.976276496856,51250.9718543956,106.229649481653,18171.9800390557,49.7323368366821,10787.2244636862,-138.878314241109,10787.2269464323,-138.878276716625,5233.58110715149,-90.3103591180102,4.55771905331905,46.5312181373558,4892.88545695559,93.5564372677705,2973.3243484962,-133.294726933539,0.0898061843012217,112.869619348295,2973.29012755859,46.7036899666896,16454.9252403366,-147.075294371974,1.20804189843581,104.359679790911,16454.5407595953,32.9207180405799,0.687467828635149,1.00099203563058,2.50770490554966,1.92464486027891,0.31352420699543,0.583060045270752,475713.374323316,327037.64049875,9193.95373771776,6978654.77672297,1252595.70307882,9193.95373771776,1822042.64825838,4797600.64614805,9193.95373771776,60992.9319180273,61053.4390797034,1519.12198519516,894758.563980986,233842.426617292,1519.12198519516,233610.676502518,895646.196357221,1519.12198519516,9649.60380170925,24198.3587901569,159.264341022679,141558.4620888,92682.7878157535,159.264341022679,36959.2082428209,354986.84980215,159.264341022679,60992.9319180273,61053.4390797034,1519.12198519516,894758.563980986,49388.6182170123,1519.12198519516,233610.676502518,895646.196357221,1519.12198519516,10
83104.8578006777,-62.5507649558973,50741.4323498059,106.949780202771,50639.8777198132,107.1505113507,18083.192450417,49.9785602911279,10737.5091198237,-138.614328641245,10737.5072370052,-138.61426474362,4307.56166500214,-77.4612118144163,3.86292462482342,46.8082972491747,4304.55280675031,102.597614076847,2951.04769038175,-130.396862612048,0.147114922343016,142.576362239618,2951.05615935503,49.6002841526428,16382.4752135909,-146.650750288298,1.20808005339333,104.341820321012,16382.0818319389,33.3452548667626,0.674186018759926,1.00005574705486,1.80549956785821,1.98794984337558,0.325869728294938,0.182450275517375,480698.925833199,324080.495029658,8311.23223400044,7051792.18411357,1241269.46031877,8311.23223400044,1841137.94380061,4754219.69772989,8311.23223400044,60748.8355757299,60752.2221443997,1512.26093203297,891177.701644338,232688.727494828,1512.26093203297,232675.756506665,891227.382176565,1512.26093203297,13138.344480652,23721.2752821894,0.494957346910548,192737.844712809,90855.497381605,0.494957346910548,50321.5281792525,347988.0953389,0.494957346910548,60748.8355757299,60752.2221443997,1512.26093203297,891177.701644338,49541.8174570346,1512.26093203297,232675.756506665,891227.382176565,1512.26093203297,10
103834.914475013,-79.1171899600613,63450.3360666577,91.8363999611445,63228.7126274792,92.1908527970737,21201.1477309554,35.239893345771,12457.2492395118,-155.016022656722,12457.2452361065,-155.01597458599,5506.47458137747,-94.8538096449322,6.84929254204122,-148.505441639903,5512.82819227141,85.0565562698393,3463.67838743842,-142.098917486365,0.134690199604733,134.719297388417,3463.69534942609,37.8988684530277,19091.3472173881,-167.469523566381,1.20830529377456,104.295977853483,19091.3845276953,12.5268518704383,0.958678636663385,0.995211707222603,4.13585879921492,3.61869453876134,0.0365330705592182,0.517164260453578,404472.08941921,387758.751252799,9711.17120958334,5933554.17617096,1485165.26999688,9711.17120958334,1549179.47808443,5688371.6281799,9711.17120958334,70529.2839704108,70191.5691093803,1859.57763092452,1034655.63729229,268842.625346382,1859.57763092452,270136.116160306,1029701.40317715,1859.57763092452,6044.41850585211,24998.861463566,1.28624076714758,88670.8517253266,95748.8147338968,1.28624076714758,23150.8906329375,366730.122342074,1.28624076714758,70529.2839704108,70191.5691093803,1859.57763092452,1034655.63729229,52685.1516510081,1859.57763092452,270136.116160306,1029701.40317715,1859.57763092452,10
89977.6666421576,-67.8286946396007,55086.5170559929,101.996469809169,54870.3991712202,102.382466949111,19334.1118538934,45.6932331812888,11429.2663156938,-143.239180031865,11429.2689862894,-143.239142047659,5898.35624288795,-97.0017798474709,1.90750345604123,-137.570054061289,5902.34601966474,82.9650833478285,3148.38317400495,-128.974004500142,0.0979429097705573,106.433001529051,3148.33239446066,51.0245149366319,17421.8998048725,-153.156305851405,1.2085209540663,104.270322280699,17421.6369894936,26.8398149170366,0.734173160718783,0.996758558076781,4.47968038866157,2.54545902244585,0.262585397357998,1.93422136621571,459521.881745296,337368.632340387,8882.80960311491,6741127.63722934,1292164.71406374,8882.80960311491,1760027.17505863,4949154.98423341,8882.80960311491,64719.6899867912,64509.9048704103,1617.33090591713,949429.631480961,247081.129632259,1617.33090591713,247884.633274677,946352.110470332,1617.33090591713,5638.48123954141,25258.5938306098,1.11418481946348,82715.8035902626,96743.6226906001,1.11418481946348,21596.0993412534,370540.363175682,1.11418481946348,64719.6899867912,64509.9048704103,1617.33090591713,949429.631480961,50750.350538867,1617.33090591713,247884.633274677,946352.110470332,1617.33090591713,10
100429.802123342,-75.9733902279643,62036.1341326154,93.5868558290147,62220.3272430647,93.3038413093316,20877.7949948258,37.9620977878155,12275.4538880608,-151.884100608191,12275.454335351,-151.884068593676,4861.74102805293,-83.7072449543054,5.51251075008931,-145.583475352877,4861.7438162607,96.2926760456165,3423.77390509737,-133.070369818004,0.0832451538696475,114.001975662748,3423.74967721693,46.9283167082752,18766.3769051361,-164.052928142586,1.20876388946104,104.242546833185,18766.3413802635,15.9433829964104,0.920251402183918,0.993920233655682,2.25677977595961,3.6433709636197,0.0736688314717644,1.38659118766009,411440.951107561,378629.112172618,10566.3958224249,6035786.49196176,1450197.59268286,10566.3958224249,1575871.10352811,5554440.98251056,10566.3958224249,69535.2684334973,69112.5102487322,1795.76670914455,1020073.55562455,264709.692849206,1795.76670914455,266328.910395145,1013871.74675234,1795.76670914455,10660.0833080764,24057.4604197113,1.83509488613663,156382.068097188,92143.1291601874,1.83509488613663,40829.4731022247,352919.888604471,1.83509488613663,69535.2684334973,69112.5102487322,1795.76670914455,1020073.55562455,52599.3465022045,1795.76670914455,266328.910395145,1013871.74675234,1795.76670914455,10
71509.8440601483,-53.0103534660458,43292.9222915084,115.823919973468,43371.5713737942,115.625172405702,15736.1032075379,56.4410224111813,9414.29392716284,-131.86037064319,9414.29635476886,-131.860326102952,5900.80040783766,-94.8339689593128,6.43302743466191,53.3526428478361,6531.22327957846,81.7946368372469,1926.69226154368,-123.927850947973,0.0925910512800434,120.75740527853,1926.65675323791,56.0696541838335,14375.7881672479,-136.625667467297,1.21025780052015,104.35435731235,14375.2012848689,43.3701143839939,0.622502037663303,1.00169758402306,3.70368690315598,1.6569018339193,0.379195546359761,2.04678506923668,513309.689169634,319536.327460414,7269.15922122424,7530187.94007506,1223864.7213333,7269.15922122424,1966041.30956317,4687557.33668436,7269.15922122424,53183.9042205162,53274.1883666051,1333.23192130859,780201.119552781,204046.908274085,1333.23192130859,203701.108526769,781525.57650811,1333.23192130859,6939.45833121382,25701.5809363133,245.005166849574,101800.972276389,98440.319573189,245.005166849574,26579.0068510668,377038.927748607,245.005166849574,53183.9042205162,53274.1883666051,1333.23192130859,780201.119552781,36638.8285744619,1333.23192130859,203701.108526769,781525.57650811,1333.23192130859,10
91719.1344731204,-68.5734009930035,56763.6353678839,100.09146182065,56752.8525246105,100.109536314965,19697.9081164627,44.4732180794675,11631.1452540613,-144.585489557645,11631.1465839372,-144.585459192363,4428.61223113717,-76.3649630938273,7.42906053055124,-138.888741002973,4430.51475884655,103.587761798501,2412.33488889731,-138.678607559017,0.0776979066372674,110.224164992516,2412.31183184441,41.3196702790011,17687.7077399118,-155.113277320765,1.21025967795297,104.361266016404,17687.4869272592,24.8828682029013,0.773861447920885,0.999579527229587,1.75696651864486,2.28342882172112,0.225718079308702,0.526462303076268,447616.201998547,346392.922191443,9946.79953430862,6566472.82759114,1326728.89044886,9946.79953430862,1714426.90938197,5081540.17009283,9946.79953430862,65633.3305032671,65605.7334749589,1647.75470330112,962832.621808027,251278.292378648,1647.75470330112,251383.992502413,962427.776908092,1647.75470330112,13450.0523856265,23631.2917155652,1.1028901138872,197310.560085983,90510.8488918182,1.1028901138872,51515.409048107,346668.047846137,1.1028901138872,65633.3305032671,65605.7334749589,1647.75470330112,962832.621808027,37825.2711262528,1647.75470330112,251383.992502413,962427.776908092,1647.75470330112,10
86375.8055120741,-64.4982743827168,53414.4569213142,103.796381249118,53420.5562572738,103.785390906987,18772.7303169076,47.8808925441895,11121.6801388826,-140.86395206782,11121.6828177446,-140.863922760969,4596.55155632963,-81.6012259415502,7.16891703947496,-135.338901952461,5149.89179558039,90.6898693367121,2292.93367421706,-129.741222033696,0.0770928386184229,102.656540316205,2292.88401672639,50.2572581259543,16921.4919445462,-149.879567241283,1.21042887551631,104.326450859169,16921.1624084502,30.1164889295676,0.715693253060999,0.998806721124107,3.03437809253709,2.22913598175008,0.283113468063108,0.805242110787009,465781.563431906,333356.722348419,9498.81397234466,6832956.3724739,1276798.58920602,9498.81397234466,1784002.55101636,4890300.77423973,9498.81397234466,62815.315081752,62740.3588931824,1564.94392665353,921492.693515683,240303.543773653,1564.94392665353,240590.635496729,920393.095750221,1564.94392665353,8153.7866457485,24741.6715690807,283.201096464033,119615.014407939,94763.7447700351,283.201096464033,31230.0385384083,362957.179257958,283.201096464033,62815.315081752,62740.3588931824,1564.94392665353,921492.693515683,37650.3301507321,1564.94392665353,240590.635496729,920393.095750221,1564.94392665353,10
105847.531824061,-80.6071035844445,65085.2641954741,89.6595020189088,64807.6601027669,90.0933038078537,21428.8463249497,33.1754440645002,12591.2436250202,-157.407142790628,12591.2506974951,-157.40713337921,6082.59867516503,-102.333834628594,3.66022121520934,-150.675605329372,5455.59196260796,85.731849986099,2633.71958384991,-140.843597739228,0.0944596481804348,38.3403039295507,2633.62771272884,39.1564218058353,19297.3343700936,-169.75749919956,1.21053174088903,104.297314180122,19297.4201279637,10.2389156193191,1.02860157262636,0.995346137143443,3.7483191485849,4.15027844657603,0.0332554354829209,0.401959297991127,391624.8032049,402825.888456051,10360.8802808269,5745086.11925548,1542874.31929686,10360.8802808269,1499972.74003517,5909404.61714008,10360.8802808269,71155.1172627456,70823.9711054626,1908.66075326921,1043836.53219817,271264.805318397,1908.66075326921,272533.137162619,1038978.66013266,1908.66075326921,6587.54513854915,24692.2215849912,342.730104573968,96638.4504396326,94574.3450498884,342.730104573968,25231.1346235266,362231.754272448,342.730104573968,71155.1172627456,70823.9711054626,1908.66075326921,1043836.53219817,40084.0690489083,1908.66075326921,272533.137162619,1038978.66013266,1908.66075326921,10
101307.749834945,-76.6484161936829,62155.0966082535,93.6918437953143,62310.129939964,93.44736659852,20970.1518930036,37.5204663812271,12327.918030616,-152.401554301373,12327.9207778729,-152.401532514537,5234.51183905196,-90.3579173416828,4.67660315686531,33.8515476910322,5233.95637759774,89.6510259200578,2776.79811308124,-145.89176991412,0.0647485941282569,88.4214936819009,2776.75965840679,34.1071450048837,18819.3584900155,-164.765233915391,1.20968343701473,104.370536533598,18819.3402512922,15.2310836031761,0.918511049588108,0.997996470142253,3.12417641637454,3.02655367717928,0.0794854205541451,0.0976227391952684,411898.958991347,378333.745147391,10075.2605645528,6042505.40944123,1449066.29945905,10075.2605645528,1577625.33189868,5550107.98576769,10075.2605645528,69619.3416251622,69479.8571955395,1807.87165757725,1021306.89866739,266116.678315491,1807.87165757725,266650.921398108,1019260.67980199,1807.87165757725,7893.18000198355,24659.6868123962,1.22955191485819,115791.948045882,94449.7327383179,1.22955191485819,30231.8819908135,361754.473291011,1.22955191485819,69619.3416251622,69479.8571955395,1807.87165757725,1021306.89866739,42193.6810631058,1807.87165757725,266650.921398108,1019260.67980199,1807.87165757725,10
57759.3239124875,-42.5524975132453,34733.1140526825,125.308996617023,34645.04292116,125.617444240442,12558.3926612153,63.7337547690732,7575.5618152682,-124.522216599136,7575.56176241346,-124.522163843377,4684.2653295038,-86.4040498832067,3.01762059345435,60.7159697500842,4411.33309212231,95.920036869387,1503.48028576276,-107.617888039315,0.0842093196381115,147.616951784272,1503.46049029098,72.3789956664944,11590.6583593859,-125.654568352818,1.21066933448148,104.290840637316,11589.8793904435,54.3408504849099,0.631884464928683,1.00058696836251,2.21294010936261,1.4939478699219,0.368702503433826,0.718992239440714,540089.41789969,341274.11284319,5920.76997242108,7923043.15901271,1307123.2004594,5920.76997242108,2068611.07213156,5006447.88713961,5920.76997242108,42931.4043490021,42956.603725113,1098.32321090198,629798.248699151,164529.248568689,1098.32321090198,164432.731757387,630167.920345902,1098.32321090198,10920.2900884507,24165.9479426076,108.785193165849,160199.268514095,92558.6501528484,108.785193165849,41826.0981222434,354511.386785392,108.785193165849,42931.4043490021,42956.603725113,1098.32321090198,629798.248699151,36797.3548062526,1098.32321090198,164432.731757387,630167.920345902,1098.32321090198,10
78626.7305946703,-58.5134433982509,48433.4559096399,109.33926168852,48081.0480456965,110.0758951147,17266.2136914418,52.4368128521104,10281.1754259457,-136.01421827181,10281.1783997256,-136.014180229646,4518.82473532006,-81.9613525759113,4.11276690626498,-130.70124329685,4520.44338422454,98.015265097496,2289.75884475361,-127.936236387229,0.0897974639391631,110.764821725031,2289.71279225312,52.0618428909364,15678.0528285343,-142.827688711288,1.20975385803148,104.346850085245,15677.5836021332,37.1682363057033,0.653794241299003,1.00068299856777,2.10070959590912,1.84894293226528,0.346888757268766,0.251766663643841,492124.277884969,321748.018884623,8489.29530558335,7219400.64747713,1232335.78041468,8489.29530558335,1884898.49339479,4720002.56895084,8489.29530558335,58089.3853990258,58129.0603660559,1447.20134915566,852163.905352583,222641.68469259,1447.20134915566,222489.724529393,852745.932079443,1447.20134915566,11431.5631941216,24014.3944981327,0.552927273053723,167699.580032928,91978.1812103547,0.552927273053723,43784.3390583217,352288.117005101,0.552927273053723,58089.3853990258,58129.0603660559,1447.20134915566,852163.905352583,40024.5782880673,1447.20134915566,222489.724529393,852745.932079443,1447.20134915566,10
69940.9504097942,-52.4250120577865,41904.7435643356,117.690681411675,41889.9706648369,117.730890312894,15323.7221594541,57.3996605315886,9177.94849493989,-130.879529924643,9177.95087129947,-130.879486466599,4864.87477646053,-87.0685592413952,7.54671704201861,54.3391800960396,4376.70854351311,98.2355945017736,2021.53924382147,-120.271234257361,0.0882274285271095,121.41053305688,2021.5006909941,59.726555532697,14028.4097547759,-135.121915977759,1.20983394581442,104.327305335043,14027.794988808,44.8738285042877,0.615112145717237,1.00111637036743,2.02751462149872,1.67197280169076,0.386004224650194,0.355541819807952,520673.345420494,320272.498719372,6429.22108275802,7638211.8419515,1226684.35076279,6429.22108275802,1994245.04832764,4698356.87554559,6429.22108275802,51912.5221481288,51970.4757495535,1303.85251986997,761550.106040438,199053.523354606,1303.85251986997,198831.553699945,762400.278012135,1303.85251986997,11805.5070679641,23935.8381945036,213.676777971743,173185.289164249,91677.3005893179,213.676777971743,45216.5915930861,351135.706008998,213.676777971743,51912.5221481288,51970.4757495535,1303.85251986997,761550.106040438,39771.7312134146,1303.85251986997,198831.553699945,762400.278012135,1303.85251986997,10
99791.4857113847,-75.2120248571453,61614.6434071765,94.2869681110901,61596.3370764421,94.3155672004236,20827.7800218797,38.5368123995158,12248.9846834572,-151.234097068254,12248.9784042182,-151.234052308932,6476.62148549586,-103.804106443622,4.95742461551463,34.9934731410664,6080.44130674023,79.5535839790849,2767.503768972,-135.821974979532,0.13669177539772,150.565038899353,2767.54793974562,44.1752913055492,18687.2649307245,-163.36895531619,1.21004493862309,104.291716241903,18687.215842849,16.6273377276703,0.898938080817021,0.995977481585303,5.46740294382087,3.33267997030823,0.0970394007682822,2.13472297351264,416920.348350908,374785.577800129,10380.2509759766,6116168.55353453,1435476.36783464,10380.2509759766,1596857.89095727,5498056.82146775,10380.2509759766,69236.2704091947,68957.7662365088,1783.52350420662,1015687.29258644,264117.003626973,1783.52350420662,265183.70998366,1011601.67174844,1783.52350420662,4669.47795119849,25529.9174964893,178.521683652632,68500.6484320253,97782.826794158,178.521683652632,17884.6936651468,374520.646890894,178.521683652632,69236.2704091947,68957.7662365088,1783.52350420662,1015687.29258644,42475.0306267664,1783.52350420662,265183.70998366,1011601.67174844,1783.52350420662,10
72496.9439978051,-54.2387611491943,43685.9232629607,115.418961406912,43749.345038443,115.259334497374,15915.521980697,55.8978896534586,9515.64386105898,-132.416124745274,9515.64337326033,-132.416077038266,4342.99191391269,-80.8482902956255,4.14637037378167,52.8756751298038,4541.00172078477,96.5971709700463,2080.75342128317,-115.717566989681,0.0960418292488326,140.650706135276,2080.72817188741,64.2798774113368,14534.4411067119,-137.351990865998,1.21026648812718,104.274312835395,14533.8658769188,42.6438111629568,0.621706299966064,0.998468635040981,2.22724962913336,1.89561248243995,0.376762335074917,0.331637146693411,512906.822820847,318877.403043298,6989.96379068853,7524277.94191001,1221340.95711988,6989.96379068853,1964498.28027567,4677890.99918114,6989.96379068853,53879.5710029285,53797.0617158876,1347.44836666929,790406.462887924,206049.579616646,1347.44836666929,206365.600666253,789196.062127275,1347.44836666929,10864.2408329236,24197.3763659447,94.7181291793938,159377.033054828,92679.0250062341,94.7181291793938,41611.4223542585,354972.437763743,94.7181291793938,53879.5710029285,53797.0617158876,1347.44836666929,790406.462887924,40240.706430561,1347.44836666929,206365.600666253,789196.062127275,1347.44836666929,10
54535.1513371552,-40.0164912156394,32542.1223904498,128.377111194073,32420.1712560122,128.864909624466,11787.2108154972,65.5298047928189,7123.63199619285,-122.753296345068,7123.62914557617,-122.753204103254,4148.24246094752,-82.0390967798008,7.28329410846441,-117.591642643319,4581.11766157528,94.1785193406164,1698.35792715411,-117.461820483112,0.143097733619399,161.562869478234,1698.37414441343,62.5334122462129,10913.783054701,-123.212849939906,1.20911700227975,104.364609054475,10912.9671335571,56.7824639091361,0.638836379266697,1.00716216005893,2.46470623839371,1.31885223868041,0.368325780792234,1.14585399971331,546145.544934972,348897.642478895,5304.95517764922,8011885.77337756,1336322.28729667,5304.95517764922,2091806.80791942,5118284.09856288,5304.95517764922,40284.5226436187,40573.04684269,1039.7873651295,590968.830285239,155399.922952183,1039.7873651295,154294.838621707,595201.443637581,1039.7873651295,9880.84293405611,24353.3752201565,170.831275115876,144950.710788583,93276.5204326717,170.831275115876,37844.8834914547,357260.921140224,170.831275115876,40284.5226436187,40573.04684269,1039.7873651295,590968.830285239,42346.230693591,1039.7873651295,154294.838621707,595201.443637581,1039.7873651295,10
81596.5896527292,-61.1475408136509,49624.9861141626,108.496247246832,49772.4765943705,108.193464402885,17819.0212983635,50.831340768683,10590.7909648074,-137.707935885033,10590.7892240154,-137.707877504539,5716.70466232395,-94.5019081782715,3.36360245138435,47.6758871277611,5426.2615973537,87.9198523770061,2544.57692678027,-129.543036492365,0.132424117176865,142.510121119433,2544.58958153105,50.4539749976137,16147.004299037,-145.328018606739,1.20919240470924,104.345426463197,16146.584671464,34.6679577981231,0.661854543941709,1.00028387558226,3.39069811410604,1.9377269992302,0.33842933164055,1.45297111487584,485716.941771321,321473.964980819,8152.93137971606,7125405.84054284,1231286.11915308,8152.93137971606,1860357.58222659,4715982.23299207,8152.93137971606,59861.7389889576,59878.7322749681,1490.10447459887,878164.107394442,229343.150345164,1490.10447459887,229278.063901275,878413.396741746,1490.10447459887,7288.09722763009,24711.7375251468,123.497574886592,106915.460603079,94649.0935795782,123.497574886592,27914.338108078,362518.050635637,123.497574886592,59861.7389889576,59878.7322749681,1490.10447459887,878164.107394442,43277.220789635,1490.10447459887,229278.063901275,878413.396741746,1490.10447459887,10
103453.834551022,-78.4823459828777,63514.9553832096,91.8226939916134,63460.8772844306,91.907840362577,21207.4447033931,35.39515694,12461.1876992547,-154.837714513635,12461.1799078926,-154.837658043866,5689.44520829845,-97.1705289662153,0.498839360995136,-148.431612017452,5685.0482705917,82.8845527697943,3031.4386020279,-141.945672878041,0.174327315292725,146.437351764939,3031.49799672723,38.0511910932564,19073.7727391642,-167.295925486673,1.20935076436764,104.30824115186,19073.8068396262,12.7004431701164,0.965781724096909,0.995836554269162,4.81916574365013,3.59559323598571,0.0300548301722527,1.22357250766442,402766.608000013,388984.629082916,10200.8931120374,5908534.98037974,1489860.5377959,10200.8931120374,1542647.26762049,5706355.10023804,10200.8931120374,70469.2883961609,70175.8933382327,1856.28330424972,1033775.50983862,268782.585151767,1856.28330424972,269906.325490356,1029471.44160554,1856.28330424972,5241.86930853553,25261.4370043854,2.50499644309578,76897.5569396264,96754.5124072975,2.50499644309578,20077.0252682809,370582.072173833,2.50499644309578,70469.2883961609,70175.8933382327,1856.28330424972,1033775.50983862,46112.5884182822,1856.28330424972,269906.325490356,1029471.44160554,1856.28330424972,10
97651.3083066215,-73.6069873674208,60339.1909672601,95.7724915174775,60397.1470702474,95.6812424483371,20534.0980503879,40.2931568076616,12087.2050282351,-149.242913800686,12087.20406405,-149.242877457646,4601.37863015301,-78.2973411931004,4.63372164278727,36.8348908084079,4600.97666784343,101.713317615051,2935.70418386995,-134.158276667214,0.0934580738037236,126.988321850925,2935.6879772448,45.8399266934152,18429.2449886017,-161.005344634602,1.20953140600261,104.288263728353,18429.1457004495,18.9909076399612,0.863087116946322,0.996031723287277,1.86441756038867,3.110412775383,0.132944606340955,1.24599521499432,424670.023026828,366527.225827753,10282.8664738577,6229855.29667496,1403845.83081347,10282.8664738577,1626540.12932136,5376907.84699996,10282.8664738577,68359.0365001398,68087.7689274921,1743.15115708862,1002818.38256591,260784.803427318,1743.15115708862,261823.792686674,998838.921731285,1743.15115708862,12736.7269250352,23746.5773409108,1.22935857999377,186846.16618494,90952.4074803481,1.22935857999377,48783.2819282111,348359.273326502,1.22935857999377,68359.0365001398,68087.7689274921,1743.15115708862,1002818.38256591,45397.3046704498,1743.15115708862,261823.792686674,998838.921731285,1743.15115708862,10
87856.3241999543,-65.9027623597509,53985.870245329,103.270870620517,53963.8138652496,103.310649332878,19001.1920392268,47.0236021085926,11247.0139814449,-141.794745335284,11247.0174449009,-141.794708496374,5296.43220311702,-91.0070745293739,3.06096266619674,-136.255376904138,5295.1469621043,89.0069520621063,2911.41690161258,-136.058491556536,0.0963512775199565,103.268414041609,2911.3665677017,43.9398776196471,17133.5121818141,-151.259358520427,1.2085934046474,104.362125371662,17133.2120407364,28.7367263805057,0.720741553436935,1.00015743930152,3.23223623764328,2.09384292708235,0.279415885864586,1.13839331056093,463251.402079202,333884.535166402,9136.91379360715,6795839.22680809,1278820.17934111,9136.91379360715,1774311.71165714,4898043.72123732,9136.91379360715,63558.642630491,63568.6492587924,1586.74887791181,932397.21423902,243476.001082489,1586.74887791181,243437.674425064,932544.01020517,1586.74887791181,7630.35951423017,24663.1245281409,1.62884015262194,111936.404873715,94462.8996262752,1.62884015262194,29225.246139543,361804.904144332,1.62884015262194,63558.642630491,63568.6492587924,1586.74887791181,932397.21423902,46755.6274989194,1586.74887791181,243437.674425064,932544.01020517,1586.74887791181,10
67730.948245544,-50.2833968273696,41146.3474522158,117.73540863716,41198.202387181,117.597721308966,14886.0879676384,58.3656976987553,8925.95874043494,-129.895712535337,8925.9578617546,-129.895655342808,5534.40048739947,-92.3965601115969,1.45234881627865,55.3896774838964,5330.95727523737,88.9938875459368,2090.23095477507,-113.194808968638,0.108382060661517,147.489080689307,2090.21256691118,66.8022640021961,13654.4770030503,-133.571302458368,1.20967075823978,104.271416195646,13653.8331592717,46.4244001149372,0.623227509450368,0.998984413954298,3.19021829208649,1.74845604702329,0.37575690450393,1.4417622450632,519168.329702057,323559.98510572,7207.88960985707,7616133.4525275,1239275.84119548,7207.88960985707,1988480.64696055,4746583.88326035,7207.88960985707,50595.6378582906,50544.2536345083,1272.72190208113,742231.580777734,193590.911496787,1272.72190208113,193787.719600641,741477.780741617,1272.72190208113,7725.99455266608,24647.6091464759,80.3200970804735,113339.35874011,94403.473743751,80.3200970804735,29591.540484212,361577.295466053,80.3200970804735,50595.6378582906,50544.2536345083,1272.72190208113,742231.580777734,43116.2019574974,1272.72190208113,193787.719600641,741477.780741617,1272.72190208113,10
83295.4888901213,-62.6400453322984,50556.9132921322,107.462891135416,50557.1455540523,107.462374668145,18124.331015769,49.8835556852925,10760.7953400765,-138.715707931588,10760.8010813692,-138.715677155859,5521.41437134607,-93.0325611077159,5.97407591395207,-133.299540025871,5526.02529977406,86.9269544825767,2772.75382771794,-130.490008547956,0.0985583349279382,86.4706779945027,2772.68020241098,49.5087616877376,16408.5877332144,-146.801204470466,1.20869968930723,104.334968498418,16408.1972159917,33.1948015643183,0.668406053336536,1.00002809156711,3.62756031137807,1.99364580240098,0.331622038230579,1.63391450897709,482637.782100812,322598.015125102,8014.09954451627,7080234.95928801,1235591.37398133,8014.09954451627,1848564.009577,4732471.90583307,8014.09954451627,60849.7176880037,60851.4270519321,1514.73132886774,892657.629417458,233068.694891578,1514.73132886774,233062.147810611,892682.705569165,1514.73132886774,6850.05126758268,24848.974109188,0.0223153414348578,100489.382009309,95174.7271280989,0.0223153414348578,26236.5664409706,364531.293891879,0.0223153414348578,60849.7176880037,60851.4270519321,1514.73132886774,892657.629417458,46481.7073937399,1514.73132886774,233062.147810611,892682.705569165,1514.73132886774,10
83918.8678211912,-63.0152538627209,51352.0878735297,106.255855912033,51513.2305026534,105.946694196446,18264.2131972562,49.4256524636527,10838.4135994387,-139.203387407077,10838.3995708889,-139.203298245545,4728.94339966631,-84.2373069523893,0.251109313271866,46.5205142812458,5062.36218603989,91.5230875304588,2787.19227027126,-128.214667553153,0.263893962744052,170.072597508154,2787.3165276595,51.7805572700739,16525.2642979685,-147.472801851592,1.20887106223485,104.303975857659,16524.8862618157,32.5232169203984,0.68521286232751,0.99890224813831,2.86494129217692,2.11907384143311,0.313689385810799,0.745867450743809,475914.534211917,326102.760210611,8693.28686212531,6981605.76673763,1249014.99282777,8693.28686212531,1822813.11618283,4783886.07106854,8693.28686212531,61320.9738547763,61253.6586415665,1525.93377505547,899570.897525561,234609.292970901,1525.93377505547,234867.1187878,898583.39189808,1525.93377505547,8577.6224617299,24574.3847793142,164.12442416993,125832.631993218,94123.0151166416,164.12442416993,32853.3835487856,360503.103300671,164.12442416993,61320.9738547763,61253.6586415665,1525.93377505547,899570.897525561,46752.272365985,1525.93377505547,234867.1187878,898583.39189808,1525.93377505547,10
70073.4021045067,-52.2754884979789,42459.6853323349,116.423716564418,42493.7773626348,116.336106224125,15394.7498065828,57.1506341999789,9217.83474083711,-131.132864520038,9217.83347000857,-131.132800886174,4883.195591447,-87.3033733792792,9.5320498280247,54.1183475181008,4882.19178212063,92.706013536423,2330.99906062831,-117.62971217048,0.124822063794247,146.250005686996,2330.98940117184,62.3672241852026,14102.804622741,-135.45162307498,1.2089984708634,104.284121086791,14102.1955131388,44.5441343486477,0.622630386726341,0.999933640272626,2.64083332917109,1.74672887814603,0.377303253546285,0.894104451025069,515296.293397101,320839.130436487,7171.25334981163,7559331.17175567,1228854.62221229,7171.25334981163,1973650.25609069,4706669.29086272,7171.25334981163,52231.9163219815,52228.4502262541,1310.58791934137,766235.578001753,200041.598368009,1310.58791934137,200054.873954904,766184.730817692,1310.58791934137,9239.39569143541,24399.7040833424,2.74949442816666,135540.761215275,93453.965863316,2.74949442816666,35388.05907628,357940.559678519,2.74949442816666,52231.9163219815,52228.4502262541,1310.58791934137,766235.578001753,46063.7486876023,1310.58791934137,200054.873954904,766184.730817692,1310.58791934137,10
71406.665734611,-53.3846981438899,43126.0843847861,115.859552907434,43202.7911580617,115.664862758066,15687.0496190432,56.4065778649932,9384.6854839681,-131.89344236685,9384.6851689547,-131.893387756613,4320.30263168903,-80.8245273127916,0.753284466480152,53.4613143764817,4320.70275216584,99.1700012554937,2365.11540989807,-115.201319833343,0.108564740032481,138.063599211832,2365.08760575438,64.7961446189261,14352.8268034999,-136.548540682808,1.20934812120153,104.246852619276,14352.2369311812,43.4472451638608,0.622099623391069,0.998363070204059,1.9940805911033,1.86292205387903,0.37626344681299,0.131158537224272,513758.245231864,319608.810872799,7085.72003125146,7536768.20053286,1224142.3420095,7085.72003125146,1967759.33625661,4688620.65913727,7085.72003125146,53210.4622691207,53123.3604779766,1332.12033065239,780590.722752434,203469.218302642,1332.12033065239,203802.829226299,779312.950539925,1332.12033065239,12016.3726095741,23961.615396217,0.442673200968908,176278.659875754,91776.0305460726,0.442673200968908,46024.2334013662,351513.854283941,0.442673200968908,53210.4622691207,53123.3604779766,1332.12033065239,780590.722752434,46340.6326366212,1332.12033065239,203802.829226299,779312.950539925,1332.12033065239,10
81386.4074948055,-60.6170048711211,50251.3699820569,107.260704122454,50121.4301242629,107.515757551846,17836.0913499377,50.7493928149864,10599.9070127676,-137.795916203643,10599.9096722132,-137.795877744774,5119.13004387926,-89.1302201271321,4.47555472653194,47.5703075631236,4785.47722040313,94.7623083749584,2919.61029426753,-132.260797858595,0.0910862877936136,112.775063085043,2919.57388498151,47.7375814854727,16175.9426396542,-145.491931275442,1.20804008244495,104.359573491275,16175.5266596807,34.5040515561725,0.67422709642806,1.00131833345306,2.37309134870196,1.86803120160356,0.327091237025001,0.505060147098403,481231.55846756,324459.356375133,8999.77067102635,7059605.83720522,1242720.5473945,8999.77067102635,1843177.99444464,4759777.54554546,8999.77067102635,59936.0459348035,60015.0616292036,1492.77537433777,879254.180851612,229865.309088293,1492.77537433777,229562.668942253,880413.331051973,1492.77537433777,10162.0915273626,24115.5714883017,156.393034689341,149076.591928496,92365.701934094,156.393034689341,38922.1013277118,353772.370599487,156.393034689341,59936.0459348035,60015.0616292036,1492.77537433777,879254.180851612,49233.6327863631,1492.77537433777,229562.668942253,880413.331051973,1492.77537433777,10
81370.3357714039,-61.2063330526939,49625.9221923329,108.227789676445,49526.9797051003,108.429824608522,17747.6310395646,50.9823365838231,10550.1776310312,-137.547780867512,10550.1759655997,-137.547716174619,4213.25162805208,-76.2073475434534,3.79297891645464,47.8330949113209,4210.31464781918,103.85186639689,2896.44430037157,-129.391388519014,0.145878431501592,142.646085321449,2896.45030994749,50.6057268410917,16103.387462397,-145.087309506849,1.20807470811161,104.341496710877,16102.963058083,34.9086661397717,0.66224431106212,1.00036300492517,1.73742260603114,1.92887985016716,0.338118693863052,0.191457244136018,486051.210653196,321884.649139935,8132.6530023045,7130309.52258148,1232859.09164716,8132.6530023045,1861637.87450265,4722006.91744165,8132.6530023045,59692.4870158097,59714.1556825923,1486.10495074879,875681.202446565,228712.801092023,1486.10495074879,228629.807345915,875999.079035934,1486.10495074879,13618.0229858088,23660.260984996,0.485994154964266,199774.667455213,90621.8048733837,0.485994154964266,52158.7577822498,347093.023349042,0.485994154964266,59692.4870158097,59714.1556825923,1486.10495074879,875681.202446565,49391.3202651017,1486.10495074879,228629.807345915,875999.079035934,1486.10495074879,10
101748.559325983,-77.3265706481798,62179.348239086,93.5385307892007,61957.6715192346,93.8954205393981,20981.1307510698,37.1748013702066,12332.9224033853,-152.790783370539,12332.9187917457,-152.790734438288,5407.48185556461,-93.172088587275,6.78059689661406,-146.465678105395,5413.824974067,86.7379708437072,3426.66971601633,-140.223709032634,0.134095177922526,134.909902642424,3426.68267689037,39.7740560719817,18866.2115393265,-165.131183117218,1.20831093382123,104.296052792391,18866.1995441616,14.8651474814462,0.910633908104634,0.995684021989674,3.69503093292978,3.32689154801046,0.0850501138850393,0.368139384919321,414507.692687332,377464.7601313,9553.81449359917,6080775.20140279,1445737.97646988,9553.81449359917,1587617.11331285,5537360.08595917,9553.81449359917,69813.2657715167,69511.9532516177,1814.76208397452,1024151.74126238,266239.610287077,1814.76208397452,267393.675510682,1019731.52486785,1814.76208397452,6722.97396521682,24841.5967627577,1.27334401680897,98625.1741248238,95146.4709542084,1.27334401680897,25749.8442316874,364423.069156809,1.27334401680897,69813.2657715167,69511.9532516177,1814.76208397452,1024151.74126238,52263.3497240978,1814.76208397452,267393.675510682,1019731.52486785,1814.76208397452,10
88037.7153900282,-66.3210399776057,53849.6730576134,103.421158669851,53638.2335575184,103.810125691186,19002.8885879903,46.9113865562044,11246.8949485607,-141.911217857833,11246.8977921637,-141.911178779464,5772.83162666523,-95.7001336189994,1.87575014449917,-136.314781689365,5776.75231840146,84.2665412657393,3091.84386146622,-127.790077631376,0.0997316655456396,106.874322652501,3091.79092771251,52.208401503325,17146.3005558708,-151.302944996365,1.20852315938591,104.270409787379,17145.9997276134,28.6931438956382,0.713442467580476,0.997057690906063,4.19589699397687,2.43837580040972,0.283615223325587,1.75752119356715,466280.214783912,332664.107019388,8696.87549338724,6840271.52446966,1274145.78452058,8696.87549338724,1785912.4490327,4880140.1953381,8696.87549338724,63691.4704908075,63504.0704979761,1587.94549981956,934345.782078211,243228.656225838,1587.94549981956,243946.422001727,931596.64798672,1587.94549981956,5986.62124409084,25119.2460821589,1.09564839702196,87822.9732366347,96209.9031142321,1.09564839702196,22929.5197790459,368496.149405707,1.09564839702196,63691.4704908075,63504.0704979761,1587.94549981956,934345.782078211,50524.7064412606,1587.94549981956,243946.422001727,931596.64798672,1587.94549981956,10
98316.4105462295,-74.2384771745384,60725.2227604651,95.2205279645241,60908.0609502487,94.9354055534116,20615.9339755762,39.6776050764139,12131.1519609526,-149.934489029284,12131.1526634199,-149.934455800304,4760.17106704026,-82.0430932675511,5.44578128096081,-143.785476899214,4760.17379960308,97.9568272696542,3376.09756430128,-131.488276833047,0.0856435158620779,113.998198116724,3376.07013946523,48.5103707316176,18523.009444602,-161.787023090491,1.20876490010435,104.242565160984,18522.9261734546,18.2092468883355,0.877653574393379,0.994294121175523,2.11483925889299,3.41558375737441,0.116640546782144,1.30074449848142,420822.269753666,369336.169233639,10386.3793225178,6173409.24489513,1414604.44084698,10386.3793225178,1611802.74554768,5418114.68997534,10386.3793225178,68715.5171672708,68323.4347529531,1756.4776032324,1008047.90867293,261687.433472853,1756.4776032324,263189.158921576,1002296.10945678,1756.4776032324,11320.7882930914,23941.6475238458,1.81289089569745,166074.526305323,91699.5510585933,1.81289089569745,43360.0571168673,351220.928132553,1.81289089569745,68715.5171672708,68323.4347529531,1756.4776032324,1008047.90867293,52240.7178845737,1756.4776032324,263189.158921576,1002296.10945678,1756.4776032324,10
